Universe: 1789 issuers | already tracked: 78 | to track now: 150
Tracking AIR...
  CIK: 0000001750
  Extracting ratios for 16 periods...

==========================================================================================
  AIR — Credit Ratio Summary
==========================================================================================
Period          Leverage  Coverage   FCF ($M)  Liquidity  Score  Alerts
------------------------------------------------------------------------------------------
2025-05-31          9.26      1.26        1.4      N/A       51  EBITDA margin 3% weak (6/14 pts); Leverage 9.3× elevated (17/17 pts); Interest coverage 1.3× thin (13/14 pts); Cash flow to debt 4% weak (15/15 pts) *** STRESS ***
2024-05-31          9.04      2.30       13.9      N/A       45  EBITDA margin 4% weak (5/14 pts); Leverage 9.0× elevated (17/17 pts); Interest coverage 2.3× thin (8/14 pts); Cash flow to debt 4% weak (15/15 pts)
2023-05-31          1.35     12.22       -6.2      N/A       18  EBITDA margin 7% weak (2/14 pts); Free cash flow negative (-6,200,000, -0% margin, 0/10 pts); Cash flow to debt 9% weak (15/15 pts)
2022-05-31         N/A       N/A         57.9      N/A        0  —
2021-05-31         N/A       N/A         93.9      N/A        0  —
2020-05-31         N/A       N/A        -59.7      N/A       18  Free cash flow negative (-59,700,000, -3% margin, 3/10 pts); Cash flow to debt -6% weak (15/15 pts)
2019-05-31         N/A       N/A         50.0      N/A        0  —
2018-05-31         N/A       N/A         42.3      N/A        0  —
2017-05-31         N/A       N/A        -11.8     103.00     13  Free cash flow negative (-11,800,000, -1% margin, 1/10 pts); Cash flow to debt 14% weak (12/15 pts)
2016-05-31         N/A       N/A        -56.3       2.60     10  Free cash flow negative (-56,300,000, -4% margin, 4/10 pts); Cash flow to debt 22% weak (6/15 pts)
2015-05-31         N/A       N/A        -89.3       0.79     26  Free cash flow negative (-89,300,000, -6% margin, 6/10 pts); Liquidity 0.79× thin (2/9 pts); Cash flow to debt -28% weak (15/15 pts); Maturity wall: 52% of debt due within 3 years (3/6 pts)
2014-05-31         N/A       N/A        113.3       1.28      8  Cash flow to debt 22% weak (6/15 pts); Maturity wall: 49% of debt due within 3 years (2/6 pts)
2013-05-31         N/A       N/A        125.3       0.87     11  Liquidity 0.87× thin (2/9 pts); Cash flow to debt 23% weak (5/15 pts); Maturity wall: 64% of debt due within 3 years (4/6 pts)
2012-05-31         N/A       N/A          3.0     112.87     14  Cash flow to debt 12% weak (14/15 pts)
2011-05-31         N/A       N/A        -16.3       0.57      9  Free cash flow negative (-16,281,000, -1% margin, 1/10 pts); Liquidity 0.57× thin (5/9 pts); Cash flow to debt 26% weak (3/15 pts)
2010-05-31         N/A       N/A        124.3       1.76      0  —
==========================================================================================

  Leverage audit (2025-05-31):
    total_debt: 968,000,000  [us-gaap/LongTermDebtNoncurrent]
    cash: 96,500,000  [us-gaap/CashAndCashEquivalentsAtCarryingValue]
    operating_income: 38,900,000  [us-gaap/IncomeLossFromContinuingOperationsBeforeIncomeTaxesExtraordinaryItemsNoncontrollingInterest]
    depreciation: 55,200,000  [us-gaap/DepreciationDepletionAndAmortization]
[1/150] AIR      ok   (ok=1 fail=0)
Tracking ABT...
  CIK: 0000001800
  Extracting ratios for 19 periods...

==========================================================================================
  ABT — Credit Ratio Summary
==========================================================================================
Period          Leverage  Coverage   FCF ($M)  Liquidity  Score  Alerts
------------------------------------------------------------------------------------------
2025-12-31          0.46     17.41     7395.0       2.81      0  Maturity wall: 34% of debt due within 3 years (0/6 pts)
2024-12-31          0.80     13.52     6351.0       5.08      1  Maturity wall: 35% of debt due within 3 years (1/6 pts)
2023-12-31          1.00     12.17     5059.0       6.39      1  Maturity wall: 38% of debt due within 3 years (1/6 pts)
2022-12-31          0.72     17.23     7804.0       4.39      0  —
2021-12-31          0.83     18.60     8648.0      N/A        0  —
2020-12-31          1.79     12.00     5724.0      32.10      6  Maturity wall: 98% of debt due within 3 years (6/6 pts)
2019-12-31          2.51      8.37     4498.0      19.20      0  Maturity wall: 31% of debt due within 3 years (0/6 pts)
2018-12-31          3.27      5.75     4906.0      19.22      2  Leverage 3.3× elevated (2/17 pts)
2017-12-31          6.61      3.07     4435.0      45.67     29  Leverage 6.6× elevated (17/17 pts); Interest coverage 3.1× thin (4/14 pts); Cash flow to debt 20% weak (8/15 pts)
2016-12-31          0.52      9.25     2082.0      14.08     12  Cash flow to debt 15% weak (12/15 pts); Debt to assets 42% elevated (1/9 pts)
2015-12-31          0.23     22.93     1856.0       1.60      0  —
2014-12-31         -0.17     23.45     2598.0       0.93      1  Liquidity 0.93× thin (1/9 pts)
2013-12-31         -0.02     22.66     2179.0       1.10      0  —
2012-12-31          0.80     15.95     7518.7       5.19      0  —
2011-12-31          0.88     13.48     7478.5       2.90      0  —
2010-12-31          1.50     13.19     7720.9       0.84      2  Liquidity 0.84× thin (2/9 pts)
2009-12-31          0.36     14.33     6186.1       1.77      0  —
2008-12-31          0.84     12.76     5706.9       2.43      0  —
2007-12-31          1.24      9.53     3527.6       1.34      0  —
==========================================================================================

  Leverage audit (2025-12-31):
    total_debt: 12,929,000,000  [us-gaap/LongTermDebt]
    cash: 8,522,000,000  [us-gaap/CashAndCashEquivalentsAtCarryingValue]
    operating_income: 8,053,000,000  [us-gaap/OperatingIncomeLoss]
    depreciation: 1,434,000,000  [us-gaap/Depreciation]
[2/150] ABT      ok   (ok=2 fail=0)
Tracking AMD...
  CIK: 0000002488
  Extracting ratios for 17 periods...

==========================================================================================
  AMD — Credit Ratio Summary
==========================================================================================
Period          Leverage  Coverage   FCF ($M)  Liquidity  Score  Alerts
------------------------------------------------------------------------------------------
2025-12-27         -0.76     32.18     6735.0       6.34      2  Maturity wall: 46% of debt due within 3 years (2/6 pts)
2024-12-28         -0.88     25.59     2405.0      N/A        1  EBITDA margin 9% weak (1/14 pts)
2023-12-30         -2.63      7.94     1121.0       5.24      6  EBITDA margin 4% weak (6/14 pts)
2022-12-31         -1.39     19.35     3115.0      N/A        3  EBITDA margin 7% weak (3/14 pts)
2021-12-25         -0.64    116.00     3220.0       8.12      6  Maturity wall: 100% of debt due within 3 years (6/6 pts)
2020-12-26         -0.80     33.74      777.0      N/A        6  Maturity wall: 92% of debt due within 3 years (6/6 pts)
2019-12-28         -1.15      9.07      276.0      N/A        3  Maturity wall: 55% of debt due within 3 years (3/6 pts)
2018-12-29          0.28      5.13     -129.0       7.93     17  EBITDA margin 10% weak (0/14 pts); Free cash flow negative (-129,000,000, -2% margin, 2/10 pts); Cash flow to debt 2% weak (15/15 pts)
2017-12-30          0.60      2.76      -45.0      16.93     25  EBITDA margin 7% weak (3/14 pts); Interest coverage 2.8× thin (6/14 pts); Free cash flow negative (-45,000,000, -1% margin, 1/10 pts); Cash flow to debt 5% weak (15/15 pts); Debt to assets 41% elevated (0/9 pts)
2016-12-31         -0.72     -1.53       13.0      N/A       61  EBITDA margin -6% weak (14/14 pts); Leverage rule maxed: negative EBITDA — debt unservable from earnings (17/17 pts); Coverage rule maxed: negative EBITDA — interest uncovered by earnings (14/14 pts); Cash flow to debt 6% weak (15/15 pts); Debt to assets 43% elevated (1/9 pts); Distress escalation: 4 core signals severe (profitability, leverage>5x, coverage<2x, cash_flow_to_debt<30%) — score floored at 60 *** STRESS ***
2015-12-26         -4.62     -1.96     -322.0       3.41     77  EBITDA margin -8% weak (14/14 pts); Leverage rule maxed: negative EBITDA — debt unservable from earnings (17/17 pts); Coverage rule maxed: negative EBITDA — interest uncovered by earnings (14/14 pts); Free cash flow negative (-322,000,000, -8% margin, 8/10 pts); Cash flow to debt -9% weak (15/15 pts); Debt to assets 79% elevated (9/9 pts); Distress escalation: 6 core signals severe (profitability, leverage>5x, coverage<2x, cash_flow_to_debt<30%, fcf_negative, debt_to_assets>40%) — score floored at 60 *** STRESS ***
2014-12-27         25.42      0.27     -193.0       4.68     65  EBITDA margin 1% weak (8/14 pts); Leverage 25.4× elevated (17/17 pts); Interest coverage 0.3× thin (14/14 pts); Free cash flow negative (-193,000,000, -4% margin, 4/10 pts); Cash flow to debt -4% weak (15/15 pts); Debt to assets 58% elevated (7/9 pts) *** STRESS ***
2013-12-28          3.29      1.92     -232.0      15.80     37  EBITDA margin 6% weak (3/14 pts); Leverage 3.3× elevated (2/17 pts); Interest coverage 1.9× thin (10/14 pts); Free cash flow negative (-232,000,000, -4% margin, 4/10 pts); Cash flow to debt -7% weak (15/15 pts); Debt to assets 47% elevated (2/9 pts)
2012-12-29         -1.85     -4.55     -471.0      N/A       72  EBITDA margin -15% weak (14/14 pts); Leverage rule maxed: negative EBITDA — debt unservable from earnings (17/17 pts); Coverage rule maxed: negative EBITDA — interest uncovered by earnings (14/14 pts); Free cash flow negative (-471,000,000, -9% margin, 9/10 pts); Cash flow to debt -17% weak (15/15 pts); Debt to assets 50% elevated (4/9 pts); Distress escalation: 5 core signals severe (profitability, leverage>5x, coverage<2x, cash_flow_to_debt<30%, fcf_negative) — score floored at 60 *** STRESS ***
2011-12-31          1.75      3.81      132.0      N/A       10  Interest coverage 3.8× thin (1/14 pts); Cash flow to debt 18% weak (9/15 pts); Debt to assets 42% elevated (1/9 pts)
2010-12-25          1.29      6.19     -560.0       2.65     27  Free cash flow negative (-560,000,000, -9% margin, 9/10 pts); Cash flow to debt -17% weak (15/15 pts); Debt to assets 49% elevated (3/9 pts)
2009-12-26          1.45      4.09        7.0       9.69     18  Cash flow to debt 11% weak (14/15 pts); Debt to assets 49% elevated (3/9 pts)
==========================================================================================

  Leverage audit (2025-12-27):
    total_debt: 2,348,000,000  [us-gaap/LongTermDebtNoncurrent]
    cash: 5,539,000,000  [us-gaap/CashAndCashEquivalentsAtCarryingValue]
    operating_income: 3,694,000,000  [us-gaap/OperatingIncomeLoss]
    depreciation: 521,000,000  [us-gaap/Depreciation]
[3/150] AMD      ok   (ok=3 fail=0)
Tracking APD...
  CIK: 0000002969
  Extracting ratios for 19 periods...

==========================================================================================
  APD — Credit Ratio Summary
==========================================================================================
Period          Leverage  Coverage   FCF ($M)  Liquidity  Score  Alerts
------------------------------------------------------------------------------------------
2025-09-30         23.05      1.12    -3765.8      53.49     54  EBITDA margin 6% weak (4/14 pts); Leverage 23.1× elevated (17/17 pts); Interest coverage 1.1× thin (14/14 pts); Free cash flow negative (-3,765,800,000, -31% margin, 10/10 pts); Cash flow to debt 18% weak (9/15 pts); Debt to assets 43% elevated (1/9 pts) *** STRESS ***
2024-09-30          1.90     11.65    -3150.0      35.69     13  Free cash flow negative (-3,150,000,000, -26% margin, 10/10 pts); Cash flow to debt 25% weak (3/15 pts)
2023-09-30          2.26     21.71    -1420.7       6.23     10  Free cash flow negative (-1,420,700,000, -11% margin, 10/10 pts)
2022-09-30          1.34     28.73      244.1     253.36      0  —
2021-09-30          0.88     25.41      871.0    1862.04      0  —
2020-09-30          0.78     31.31      755.7     682.21      0  —
2019-09-30          0.33     23.56      980.2      38.64      0  —
2018-10-01         N/A       N/A          N/A      51.41      0  —
2018-09-30          0.35     22.50      986.3      51.41      0  —
2017-09-30          0.30     19.02     1494.4      22.73      0  —
2016-09-30          1.25     26.25     1651.6       1.60      0  —
2015-09-30          1.59     25.46      823.0       0.14      9  Liquidity 0.14× thin (9/9 pts)
2014-09-30          1.99     18.27      502.2       0.27      9  Liquidity 0.27× thin (9/9 pts)
2013-09-30          2.29     15.74       28.9       0.63      9  Liquidity 0.63× thin (4/9 pts); Cash flow to debt 25% weak (4/15 pts); Maturity wall: 32% of debt due within 3 years (0/6 pts)
2012-09-30          1.98     17.16      244.1       0.72      3  Liquidity 0.72× thin (3/9 pts)
2011-09-30          1.43     21.61      401.5       0.75      3  Liquidity 0.75× thin (3/9 pts); Maturity wall: 32% of debt due within 3 years (0/6 pts)
2010-09-30          1.54     18.48      491.5       1.31      0  —
2009-09-30          2.18     13.84      143.8       1.46      0  Cash flow to debt 29% weak (0/15 pts)
2008-09-30          1.44     14.60      594.5       0.25      9  Liquidity 0.25× thin (9/9 pts)
==========================================================================================

  Leverage audit (2025-09-30):
    total_debt: 17,698,400,000  [us-gaap/DebtAndCapitalLeaseObligations]
    cash: 1,856,000,000  [us-gaap/CashAndCashEquivalentsAtCarryingValue]
    operating_income: -877,000,000  [us-gaap/OperatingIncomeLoss]
    depreciation: 1,564,200,000  [us-gaap/DepreciationDepletionAndAmortization]
[4/150] APD      ok   (ok=4 fail=0)
Tracking MATX...
  CIK: 0000003453
  Extracting ratios for 17 periods...

==========================================================================================
  MATX — Credit Ratio Summary
==========================================================================================
Period          Leverage  Coverage   FCF ($M)  Liquidity  Score  Alerts
------------------------------------------------------------------------------------------
2025-12-31          0.34    122.11      544.8       3.57      0  —
2024-12-31          0.20    116.39      759.9       6.72      0  —
2023-12-31          0.66     38.30      499.7       3.38      0  —
2022-12-31          0.18     82.06     1266.4       3.25      0  —
2021-12-31          0.27     57.73        N/A       4.34      0  —
2020-12-31          1.89     14.42        N/A       0.24      9  Liquidity 0.24× thin (9/9 pts); Maturity wall: 34% of debt due within 3 years (0/6 pts)
2019-12-31          4.08     10.20        N/A       0.44     20  Leverage 4.1× elevated (6/17 pts); Liquidity 0.44× thin (7/9 pts); Cash flow to debt 25% weak (4/15 pts); Maturity wall: 57% of debt due within 3 years (3/6 pts)
2018-12-31          3.24     13.81        N/A       0.47      8  Leverage 3.2× elevated (1/17 pts); Liquidity 0.47× thin (6/9 pts)
2017-12-31          3.34     10.36      -82.1       0.64     14  Leverage 3.3× elevated (2/17 pts); Free cash flow negative (-82,100,000, -4% margin, 4/10 pts); Liquidity 0.64× thin (4/9 pts); Cash flow to debt 25% weak (4/15 pts)
2016-12-31          2.90     10.39      -21.6       0.44     15  Free cash flow negative (-21,600,000, -1% margin, 1/10 pts); Liquidity 0.44× thin (7/9 pts); Cash flow to debt 20% weak (7/15 pts)
2015-12-31          1.45     15.12      177.5       1.16      0  —
2014-12-31          0.38     12.12      137.8      13.58      0  —
2013-12-31          1.01     11.81      192.8       9.16      0  —
2012-12-31          1.77     14.46       55.9       1.21      2  Cash flow to debt 28% weak (2/15 pts)
2011-12-31          2.41      8.92       75.0       1.26     11  Cash flow to debt 15% weak (11/15 pts)
2010-12-31          2.35      8.31      143.0       0.10     16  Liquidity 0.10× thin (9/9 pts); Cash flow to debt 23% weak (5/15 pts); Maturity wall: 42% of debt due within 3 years (2/6 pts)
2009-12-31          3.20      5.68      110.0       0.25     17  Leverage 3.2× elevated (1/17 pts); Liquidity 0.25× thin (9/9 pts); Cash flow to debt 21% weak (6/15 pts)
==========================================================================================

  Leverage audit (2025-12-31):
    total_debt: 361,200,000  [us-gaap/LongTermDebt]
    cash: 141,900,000  [us-gaap/CashAndCashEquivalentsAtCarryingValue]
    operating_income: 499,800,000  [us-gaap/OperatingIncomeLoss]
    depreciation: 147,400,000  [us-gaap/Depreciation]
[5/150] MATX     ok   (ok=5 fail=0)
Tracking ALX...
  CIK: 0000003499
  Extracting ratios for 16 periods...

==========================================================================================
  ALX — Credit Ratio Summary
==========================================================================================
Period          Leverage  Coverage   FCF ($M)  Liquidity  Score  Alerts
------------------------------------------------------------------------------------------
2025-12-31         N/A       N/A          N/A      N/A       28  Cash flow to debt 9% weak (15/15 pts); Debt to assets 75% elevated (9/9 pts); Maturity wall: 59% of debt due within 3 years (4/6 pts)
2024-12-31         N/A       N/A          N/A      N/A       28  Cash flow to debt 5% weak (15/15 pts); Debt to assets 74% elevated (9/9 pts); Maturity wall: 60% of debt due within 3 years (4/6 pts)
2023-12-31         N/A       N/A          N/A      N/A       30  Cash flow to debt 10% weak (15/15 pts); Debt to assets 78% elevated (9/9 pts); Maturity wall: 91% of debt due within 3 years (6/6 pts)
2022-12-31         N/A       N/A          N/A      N/A       30  Cash flow to debt 9% weak (15/15 pts); Debt to assets 78% elevated (9/9 pts); Maturity wall: 91% of debt due within 3 years (6/6 pts)
2021-12-31         N/A       N/A          N/A      N/A       25  Cash flow to debt 11% weak (14/15 pts); Debt to assets 78% elevated (9/9 pts); Maturity wall: 46% of debt due within 3 years (2/6 pts)
2020-12-31         N/A       N/A          N/A      N/A       24  Cash flow to debt 7% weak (15/15 pts); Debt to assets 82% elevated (9/9 pts)
2019-12-31         N/A       N/A          N/A      N/A       23  Cash flow to debt 13% weak (13/15 pts); Debt to assets 77% elevated (9/9 pts); Maturity wall: 43% of debt due within 3 years (2/6 pts)
2018-12-31          6.31      3.12        N/A      N/A       45  Leverage 6.3× elevated (17/17 pts); Interest coverage 3.1× thin (4/14 pts); Cash flow to debt 6% weak (15/15 pts); Debt to assets 78% elevated (9/9 pts)
2017-12-31          6.48      4.57        N/A      N/A       41  Leverage 6.5× elevated (17/17 pts); Cash flow to debt 10% weak (15/15 pts); Debt to assets 76% elevated (9/9 pts); Maturity wall: 32% of debt due within 3 years (0/6 pts)
2016-12-31          5.38      6.38        N/A      N/A       37  Leverage 5.4× elevated (14/17 pts); Cash flow to debt 12% weak (13/15 pts); Debt to assets 73% elevated (9/9 pts); Maturity wall: 38% of debt due within 3 years (1/6 pts)
2015-12-31          6.16      5.32        N/A      N/A       42  Leverage 6.2× elevated (17/17 pts); Cash flow to debt 10% weak (15/15 pts); Debt to assets 73% elevated (9/9 pts); Maturity wall: 39% of debt due within 3 years (1/6 pts)
2014-12-31          6.26      4.01        N/A      N/A       42  Leverage 6.3× elevated (17/17 pts); Cash flow to debt 5% weak (15/15 pts); Debt to assets 73% elevated (9/9 pts); Maturity wall: 40% of debt due within 3 years (1/6 pts)
2013-12-31          5.45      2.89        N/A      N/A       48  Leverage 5.4× elevated (14/17 pts); Interest coverage 2.9× thin (5/14 pts); Cash flow to debt 7% weak (15/15 pts); Debt to assets 72% elevated (9/9 pts); Maturity wall: 69% of debt due within 3 years (5/6 pts)
2012-12-31          5.40      2.89        N/A      N/A       47  Leverage 5.4× elevated (14/17 pts); Interest coverage 2.9× thin (5/14 pts); Cash flow to debt 10% weak (15/15 pts); Debt to assets 72% elevated (9/9 pts); Maturity wall: 69% of debt due within 3 years (5/6 pts)
2011-12-31          6.12      2.56        N/A      N/A       48  Leverage 6.1× elevated (17/17 pts); Interest coverage 2.6× thin (7/14 pts); Cash flow to debt 7% weak (15/15 pts); Debt to assets 75% elevated (9/9 pts); Maturity wall: 32% of debt due within 3 years (0/6 pts)
2010-12-31          6.75      2.16        N/A      N/A       50  Leverage 6.7× elevated (17/17 pts); Interest coverage 2.2× thin (9/14 pts); Cash flow to debt 6% weak (15/15 pts); Debt to assets 74% elevated (9/9 pts)
==========================================================================================
[6/150] ALX      ok   (ok=6 fail=0)
Tracking SWKS...
  CIK: 0000004127
  Extracting ratios for 17 periods...

==========================================================================================
  SWKS — Credit Ratio Summary
==========================================================================================
Period          Leverage  Coverage   FCF ($M)  Liquidity  Score  Alerts
------------------------------------------------------------------------------------------
2025-10-03         -0.85     28.73     1105.8       2.33      0  —
2024-09-27         -0.41     29.39     1667.7      N/A        0  —
2023-09-29          0.18     23.49     1646.1       2.40      0  —
2022-09-30          0.58     40.11      935.2       1.13      0  —
2021-10-01          0.70    145.14     1134.2      N/A        0  —
2020-10-02         -0.47     N/A        815.1      N/A        0  —
2019-09-27         N/A       N/A        969.0      N/A        0  —
2018-09-28         N/A       N/A        838.3      N/A        0  —
2017-09-29         N/A       N/A       1153.0      N/A        0  —
2016-09-30         N/A       N/A        906.4      N/A        0  —
2015-10-02         N/A       N/A        562.7      N/A        0  —
2014-10-03         N/A       N/A        563.8      N/A        0  —
2013-09-27         N/A       N/A        375.9      N/A        0  —
2012-09-28         N/A      487.52      191.1      N/A        0  —
2011-09-30         N/A      183.43      265.2      15.72      0  —
2010-10-01         N/A       58.01      134.0       9.07      0  —
2009-10-02         N/A       14.01      179.6       4.45      0  —
==========================================================================================

  Leverage audit (2025-10-03):
    total_debt: 496,400,000  [us-gaap/LongTermDebt]
    cash: 1,161,300,000  [us-gaap/CashAndCashEquivalentsAtCarryingValue]
    operating_income: 500,000,000  [us-gaap/OperatingIncomeLoss]
    depreciation: 278,700,000  [us-gaap/Depreciation]
[7/150] SWKS     ok   (ok=7 fail=0)
Tracking HWM...
  CIK: 0000004281
  Extracting ratios for 18 periods...

==========================================================================================
  HWM — Credit Ratio Summary
==========================================================================================
Period          Leverage  Coverage   FCF ($M)  Liquidity  Score  Alerts
------------------------------------------------------------------------------------------
2025-12-31          0.99     13.23     1431.0      N/A        1  Maturity wall: 41% of debt due within 3 years (1/6 pts)
2024-12-31          1.44      9.79      977.0      94.00      2  Maturity wall: 49% of debt due within 3 years (2/6 pts)
2023-12-31          2.10      6.77      682.0       2.96      8  Cash flow to debt 23% weak (5/15 pts); Maturity wall: 57% of debt due within 3 years (3/6 pts)
2022-12-31          2.85      5.17      540.0      N/A       15  Cash flow to debt 18% weak (9/15 pts); Debt to assets 41% elevated (0/9 pts); Maturity wall: 73% of debt due within 3 years (5/6 pts)
2021-12-31          3.45      3.93      250.0     144.00     22  Leverage 3.4× elevated (2/17 pts); Interest coverage 3.9× thin (0/14 pts); Cash flow to debt 11% weak (15/15 pts); Debt to assets 41% elevated (0/9 pts); Maturity wall: 66% of debt due within 3 years (4/6 pts)
2020-12-31          3.59      2.53     -258.0       4.28     33  Leverage 3.6× elevated (3/17 pts); Interest coverage 2.5× thin (7/14 pts); Free cash flow negative (-258,000,000, -5% margin, 5/10 pts); Cash flow to debt 0% weak (15/15 pts); Debt to assets 48% elevated (3/9 pts)
2019-12-31          2.71      4.65     -180.0       1.59     21  Free cash flow negative (-180,000,000, -1% margin, 1/10 pts); Cash flow to debt 6% weak (15/15 pts); Maturity wall: 70% of debt due within 3 years (5/6 pts)
2018-12-31          2.12      5.03     -551.0       5.25     25  Free cash flow negative (-551,000,000, -4% margin, 4/10 pts); Cash flow to debt 3% weak (15/15 pts); Maturity wall: 81% of debt due within 3 years (6/6 pts)
2017-12-31          5.31      1.77      105.0      56.58     44  EBITDA margin 7% weak (3/14 pts); Leverage 5.3× elevated (13/17 pts); Interest coverage 1.8× thin (10/14 pts); Cash flow to debt 10% weak (15/15 pts); Maturity wall: 50% of debt due within 3 years (2/6 pts)
2016-12-31          3.17      3.91     -255.0      51.75     20  Leverage 3.2× elevated (1/17 pts); Interest coverage 3.9× thin (0/14 pts); Free cash flow negative (-255,000,000, -2% margin, 2/10 pts); Cash flow to debt 11% weak (14/15 pts); Debt to assets 40% elevated (0/9 pts); Maturity wall: 49% of debt due within 3 years (2/6 pts)
2015-12-31          3.75      3.83      402.0      50.50     18  EBITDA margin 8% weak (1/14 pts); Leverage 3.7× elevated (4/17 pts); Interest coverage 3.8× thin (1/14 pts); Cash flow to debt 17% weak (10/15 pts); Maturity wall: 46% of debt due within 3 years (2/6 pts)
2014-12-31          3.70      3.95      455.0      34.76     15  EBITDA margin 8% weak (2/14 pts); Leverage 3.7× elevated (4/17 pts); Interest coverage 4.0× thin (0/14 pts); Cash flow to debt 19% weak (8/15 pts); Maturity wall: 31% of debt due within 3 years (0/6 pts)
2013-12-31        -17.32     -0.87      385.0      25.21     50  EBITDA margin -2% weak (11/14 pts); Leverage rule maxed: negative EBITDA — debt unservable from earnings (17/17 pts); Coverage rule maxed: negative EBITDA — interest uncovered by earnings (14/14 pts); Cash flow to debt 19% weak (8/15 pts) *** STRESS ***
2012-12-31          3.87      3.64      236.0      35.11     22  EBITDA margin 8% weak (2/14 pts); Leverage 3.9× elevated (5/17 pts); Interest coverage 3.6× thin (2/14 pts); Cash flow to debt 17% weak (10/15 pts); Maturity wall: 59% of debt due within 3 years (4/6 pts)
2011-12-31          2.81      4.85      906.0      31.27     10  Cash flow to debt 24% weak (4/15 pts); Maturity wall: 96% of debt due within 3 years (6/6 pts)
2010-12-31          3.77      4.05     1246.0      16.77     14  EBITDA margin 10% weak (0/14 pts); Leverage 3.8× elevated (4/17 pts); Cash flow to debt 25% weak (4/15 pts); Maturity wall: 73% of debt due within 3 years (5/6 pts)
2009-12-31        -43.65     -0.40     -252.0       8.41     55  EBITDA margin -1% weak (10/14 pts); Leverage rule maxed: negative EBITDA — debt unservable from earnings (17/17 pts); Coverage rule maxed: negative EBITDA — interest uncovered by earnings (14/14 pts); Free cash flow negative (-252,000,000, -1% margin, 1/10 pts); Cash flow to debt 14% weak (12/15 pts) *** STRESS ***
2008-12-31          3.82      4.98    -2179.0       1.59     27  EBITDA margin 8% weak (2/14 pts); Leverage 3.8× elevated (5/17 pts); Free cash flow negative (-2,179,000,000, -8% margin, 8/10 pts); Cash flow to debt 14% weak (12/15 pts)
==========================================================================================

  Leverage audit (2025-12-31):
    total_debt: 3,050,000,000  [us-gaap/LongTermDebt]
    cash: 742,000,000  [us-gaap/CashAndCashEquivalentsAtCarryingValue]
    operating_income: 2,046,000,000  [us-gaap/OperatingIncomeLoss]
    depreciation: 283,000,000  [us-gaap/DepreciationDepletionAndAmortization]
[8/150] HWM      ok   (ok=8 fail=0)
Tracking HES...
  CIK: 0000004447
  Extracting ratios for 17 periods...

==========================================================================================
  HES — Credit Ratio Summary
==========================================================================================
Period          Leverage  Coverage   FCF ($M)  Liquidity  Score  Alerts
------------------------------------------------------------------------------------------
2024-12-31          1.08     16.60     5294.0      50.91      0  —
2023-12-31          1.53      9.45     3718.0       5.43      0  —
2022-12-31          1.10     10.65     3706.0     828.67      0  —
2021-12-31          1.90      6.27     2727.0       5.25      1  Debt to assets 44% elevated (1/9 pts)
2020-12-31         -8.45     -1.66     1032.0     173.90     57  EBITDA margin -19% weak (14/14 pts); Leverage rule maxed: negative EBITDA — debt unservable from earnings (17/17 pts); Coverage rule maxed: negative EBITDA — interest uncovered by earnings (14/14 pts); Cash flow to debt 16% weak (10/15 pts); Debt to assets 44% elevated (2/9 pts) *** STRESS ***
2019-12-31          2.39      6.17     1246.0      N/A        5  Cash flow to debt 23% weak (5/15 pts)
2018-12-31          1.89      5.27     1696.0      40.21      1  Cash flow to debt 29% weak (1/15 pts)
2017-12-31         -0.74     -8.91      796.0       8.36     60  EBITDA margin -54% weak (14/14 pts); Leverage rule maxed: negative EBITDA — debt unservable from earnings (17/17 pts); Coverage rule maxed: negative EBITDA — interest uncovered by earnings (14/14 pts); Cash flow to debt 13% weak (13/15 pts); Distress escalation: 4 core signals severe (profitability, leverage>5x, coverage<2x, cash_flow_to_debt<30%) — score floored at 60 *** STRESS ***
2016-12-31         -6.68     -1.80      523.0      24.39     62  EBITDA margin -13% weak (14/14 pts); Leverage rule maxed: negative EBITDA — debt unservable from earnings (17/17 pts); Coverage rule maxed: negative EBITDA — interest uncovered by earnings (14/14 pts); Cash flow to debt 11% weak (14/15 pts); Maturity wall: 53% of debt due within 3 years (3/6 pts); Distress escalation: 4 core signals severe (profitability, leverage>5x, coverage<2x, cash_flow_to_debt<30%) — score floored at 60 *** STRESS ***
2015-12-31        -12.92     -0.89     1616.0      31.58     45  EBITDA margin -5% weak (14/14 pts); Leverage rule maxed: negative EBITDA — debt unservable from earnings (17/17 pts); Coverage rule maxed: negative EBITDA — interest uncovered by earnings (14/14 pts); Cash flow to debt 29% weak (0/15 pts)
2014-12-31          0.63     17.52     -810.0      35.94      7  Free cash flow negative (-810,000,000, -7% margin, 7/10 pts); Maturity wall: 31% of debt due within 3 years (0/6 pts)
2013-12-31          0.55     17.89     -897.0       4.80     10  Free cash flow negative (-897,000,000, -4% margin, 4/10 pts); Maturity wall: 78% of debt due within 3 years (6/6 pts)
2012-12-31          1.00     15.96    -2022.0       0.82      8  Free cash flow negative (-2,022,000,000, -5% margin, 5/10 pts); Liquidity 0.82× thin (2/9 pts)
2011-12-31          1.17     12.71    -1957.0       6.75      7  Free cash flow negative (-1,957,000,000, -5% margin, 5/10 pts); Maturity wall: 48% of debt due within 3 years (2/6 pts)
2010-12-31          0.70     15.59     -962.0      34.96      3  Free cash flow negative (-962,000,000, -3% margin, 3/10 pts)
2009-12-31          0.82     10.49      128.0       9.20      0  —
2008-12-31         N/A       N/A        250.0      N/A        0  —
==========================================================================================

  Leverage audit (2024-12-31):
    total_debt: 8,578,000,000  [us-gaap/LongTermDebt]
    cash: 1,171,000,000  [us-gaap/CashAndCashEquivalentsAtCarryingValue]
    operating_income: 4,354,000,000  [us-gaap/IncomeLossFromContinuingOperationsBeforeIncomeTaxesExtraordinaryItemsNoncontrollingInterest]
    depreciation: 2,487,000,000  [us-gaap/DepreciationDepletionAndAmortization]
[9/150] HES      ok   (ok=9 fail=0)
Tracking UHAL...
  CIK: 0000004457
  Extracting ratios for 16 periods...

==========================================================================================
  UHAL — Credit Ratio Summary
==========================================================================================
Period          Leverage  Coverage   FCF ($M)  Liquidity  Score  Alerts
------------------------------------------------------------------------------------------
2026-03-31          4.34      4.43    -1359.7      N/A       24  Leverage 4.3× elevated (8/17 pts); Free cash flow negative (-1,359,741,000, -179% margin, 10/10 pts); Cash flow to debt 22% weak (6/15 pts); Maturity wall: 36% of debt due within 3 years (1/6 pts)
2025-03-31          3.70      5.71    -1998.1      N/A       22  Leverage 3.7× elevated (4/17 pts); Free cash flow negative (-1,998,052,000, -272% margin, 10/10 pts); Cash flow to debt 20% weak (7/15 pts); Maturity wall: 37% of debt due within 3 years (1/6 pts)
2024-03-31          2.66      7.01    -1540.1      N/A       16  Free cash flow negative (-1,540,142,000, -216% margin, 10/10 pts); Cash flow to debt 23% weak (5/15 pts); Maturity wall: 34% of debt due within 3 years (0/6 pts)
2023-03-31          1.87      9.72     -994.3      N/A       12  Free cash flow negative (-994,291,000, -133% margin, 10/10 pts); Cash flow to debt 28% weak (1/15 pts); Maturity wall: 31% of debt due within 3 years (0/6 pts)
2022-03-31          1.43     13.99     -190.3      N/A       11  Free cash flow negative (-190,302,000, -27% margin, 10/10 pts); Maturity wall: 38% of debt due within 3 years (1/6 pts)
2021-03-31          2.16      9.94       93.9      N/A        2  Maturity wall: 44% of debt due within 3 years (2/6 pts)
2020-03-31          3.45      7.48    -1233.9      N/A       19  Leverage 3.5× elevated (3/17 pts); Free cash flow negative (-1,233,893,000, -31% margin, 10/10 pts); Cash flow to debt 23% weak (5/15 pts); Maturity wall: 43% of debt due within 3 years (2/6 pts)
2019-03-31          2.93      8.44     -894.4      N/A       16  Free cash flow negative (-894,385,000, -24% margin, 10/10 pts); Cash flow to debt 23% weak (5/15 pts); Maturity wall: 42% of debt due within 3 years (2/6 pts)
2018-03-31          2.11     10.41     -427.4      N/A       14  Free cash flow negative (-427,417,000, -12% margin, 10/10 pts); Cash flow to debt 26% weak (3/15 pts); Maturity wall: 39% of debt due within 3 years (1/6 pts)
2017-03-31          2.10     10.79     -399.4      N/A       12  Free cash flow negative (-399,444,000, -12% margin, 10/10 pts); Maturity wall: 46% of debt due within 3 years (2/6 pts)
2016-03-31          1.66     12.83     -468.1      N/A       11  Free cash flow negative (-468,091,000, -14% margin, 10/10 pts); Maturity wall: 37% of debt due within 3 years (1/6 pts)
2015-03-31          1.72     10.42     -303.7      N/A       12  Free cash flow negative (-303,709,000, -10% margin, 10/10 pts); Maturity wall: 47% of debt due within 3 years (2/6 pts)
2014-03-31          1.57      9.96     -289.9      N/A       14  Free cash flow negative (-289,861,000, -10% margin, 10/10 pts); Maturity wall: 59% of debt due within 3 years (4/6 pts)
2013-03-31          1.58      8.38        5.5      N/A        3  Maturity wall: 52% of debt due within 3 years (3/6 pts)
2012-03-31          1.76      7.15       74.8      N/A        0  —
2011-03-31          1.73      6.68       92.4      N/A        0  —
==========================================================================================

  Leverage audit (2026-03-31):
    total_debt: 8,124,949,000  [us-gaap/LongTermDebt]
    cash: 1,120,147,000  [us-gaap/CashAndCashEquivalentsAtCarryingValue]
    operating_income: 432,621,000  [us-gaap/OperatingIncomeLoss]
    depreciation: 1,183,133,000  [us-gaap/Depreciation]
[10/150] UHAL     ok   (ok=10 fail=0)
Tracking AEP...
  CIK: 0000004904
  Extracting ratios for 18 periods...

==========================================================================================
  AEP — Credit Ratio Summary
==========================================================================================
Period          Leverage  Coverage   FCF ($M)  Liquidity  Score  Alerts
------------------------------------------------------------------------------------------
2025-12-31          5.45    864.40     3491.0       0.13     36  Leverage 5.5× elevated (14/17 pts); Liquidity 0.13× thin (9/9 pts); Cash flow to debt 14% weak (12/15 pts); Debt to assets 43% elevated (1/9 pts)
2024-12-31          5.69    626.24     6405.3       0.08     37  Leverage 5.7× elevated (15/17 pts); Liquidity 0.08× thin (9/9 pts); Cash flow to debt 15% weak (11/15 pts); Debt to assets 44% elevated (1/9 pts)
2023-12-31          6.14      3.59     4857.2       0.12     43  Leverage 6.1× elevated (17/17 pts); Interest coverage 3.6× thin (2/14 pts); Liquidity 0.12× thin (9/9 pts); Cash flow to debt 12% weak (14/15 pts); Debt to assets 44% elevated (2/9 pts)
2022-12-31          5.36      4.70     5288.0       0.12     36  Leverage 5.4× elevated (13/17 pts); Liquidity 0.12× thin (9/9 pts); Cash flow to debt 13% weak (12/15 pts); Debt to assets 43% elevated (1/9 pts)
2021-12-31          5.39      5.11     3839.9       0.15     38  Leverage 5.4× elevated (14/17 pts); Liquidity 0.15× thin (9/9 pts); Cash flow to debt 11% weak (14/15 pts); Debt to assets 41% elevated (0/9 pts)
2020-12-31          5.60      4.70     3832.9       0.16     38  Leverage 5.6× elevated (15/17 pts); Liquidity 0.16× thin (9/9 pts); Cash flow to debt 11% weak (14/15 pts); Debt to assets 42% elevated (1/9 pts)
2019-12-31          5.52      4.47     3351.7       0.09     35  Leverage 5.5× elevated (14/17 pts); Liquidity 0.09× thin (9/9 pts); Cash flow to debt 14% weak (12/15 pts)
2018-12-31          4.97      4.72     5208.6       0.12     27  Leverage 5.0× elevated (11/17 pts); Liquidity 0.12× thin (9/9 pts); Cash flow to debt 21% weak (7/15 pts)
2017-12-31          3.97      5.90     4263.6       0.13     23  Leverage 4.0× elevated (6/17 pts); Liquidity 0.13× thin (9/9 pts); Cash flow to debt 19% weak (8/15 pts)
2016-12-31          6.92      3.30     4413.9       0.12     36  Leverage 6.9× elevated (17/17 pts); Interest coverage 3.3× thin (3/14 pts); Liquidity 0.12× thin (9/9 pts); Cash flow to debt 21% weak (7/15 pts)
2015-12-31          3.87      5.73     4743.4       0.22     19  Leverage 3.9× elevated (5/17 pts); Liquidity 0.22× thin (9/9 pts); Cash flow to debt 23% weak (5/15 pts); Maturity wall: 32% of debt due within 3 years (0/6 pts)
2014-12-31          3.83      5.47     4548.0       0.12     19  Leverage 3.8× elevated (5/17 pts); Liquidity 0.12× thin (9/9 pts); Cash flow to debt 23% weak (5/15 pts)
2013-12-31          4.22      4.78     4074.0       0.16     22  Leverage 4.2× elevated (7/17 pts); Liquidity 0.16× thin (9/9 pts); Cash flow to debt 21% weak (6/15 pts)
2012-12-31          4.20      4.21     3710.0       0.28     23  Leverage 4.2× elevated (7/17 pts); Liquidity 0.28× thin (9/9 pts); Cash flow to debt 20% weak (7/15 pts)
2011-12-31          5.86      2.98     3769.0       0.13     37  Leverage 5.9× elevated (16/17 pts); Interest coverage 3.0× thin (5/14 pts); Liquidity 0.13× thin (9/9 pts); Cash flow to debt 21% weak (7/15 pts)
2010-12-31          3.84      4.31     2507.0       0.22     25  Leverage 3.8× elevated (5/17 pts); Liquidity 0.22× thin (9/9 pts); Cash flow to debt 15% weak (12/15 pts)
2009-12-31          3.89      4.49     2371.0       3.89     17  Leverage 3.9× elevated (5/17 pts); Cash flow to debt 14% weak (12/15 pts)
2008-12-31          3.54      4.46     2421.0       0.21     24  Leverage 3.5× elevated (3/17 pts); Liquidity 0.21× thin (9/9 pts); Cash flow to debt 15% weak (11/15 pts)
==========================================================================================

  Leverage audit (2025-12-31):
    total_debt: 47,322,000,000  [us-gaap/LongTermDebt]
    cash: 197,000,000  [us-gaap/CashAndCashEquivalentsAtCarryingValue]
    operating_income: 5,319,000,000  [us-gaap/OperatingIncomeLoss]
    depreciation: 3,325,000,000  [us-gaap/DepreciationDepletionAndAmortization]
[11/150] AEP      ok   (ok=11 fail=0)
Tracking AXP...
  CIK: 0000004962
  Extracting ratios for 18 periods...

==========================================================================================
  AXP — Credit Ratio Summary
==========================================================================================
Period          Leverage  Coverage   FCF ($M)  Liquidity  Score  Alerts
------------------------------------------------------------------------------------------
2025-12-31          0.55      1.89    16003.0      34.86     12  Interest coverage 1.9× thin (10/14 pts); Maturity wall: 46% of debt due within 3 years (2/6 pts)
2024-12-31          0.62      1.77    12139.0      29.58     16  Interest coverage 1.8× thin (10/14 pts); Cash flow to debt 28% weak (2/15 pts); Maturity wall: 64% of debt due within 3 years (4/6 pts)
2023-12-31          0.10      1.78    16996.0      36.04     15  Interest coverage 1.8× thin (10/14 pts); Maturity wall: 66% of debt due within 3 years (4/6 pts)
2022-12-31          0.82      4.06    19224.0      24.76      5  Maturity wall: 72% of debt due within 3 years (5/6 pts)
2021-12-31          1.39      9.65    13095.0       9.59      6  Maturity wall: 83% of debt due within 3 years (6/6 pts)
2020-12-31          1.71      2.78     4113.0      17.55     24  Interest coverage 2.8× thin (6/14 pts); Cash flow to debt 12% weak (13/15 pts); Maturity wall: 77% of debt due within 3 years (6/6 pts)
2019-12-31          3.47      2.78    11987.0       3.79     20  Leverage 3.5× elevated (3/17 pts); Interest coverage 2.8× thin (6/14 pts); Cash flow to debt 21% weak (7/15 pts); Maturity wall: 71% of debt due within 3 years (5/6 pts)
2018-12-31          3.25      3.20     7620.0       8.97     21  Leverage 3.3× elevated (1/17 pts); Interest coverage 3.2× thin (4/14 pts); Cash flow to debt 15% weak (12/15 pts); Maturity wall: 65% of debt due within 3 years (4/6 pts)
2017-12-31          2.58      4.14    12478.0      10.15     10  Cash flow to debt 23% weak (5/15 pts); Maturity wall: 72% of debt due within 3 years (5/6 pts)
2016-12-31          2.34      5.39     6849.0       4.57     17  Cash flow to debt 16% weak (11/15 pts); Maturity wall: 79% of debt due within 3 years (6/6 pts)
2015-12-31          2.76      5.53     9631.0       4.83     12  Cash flow to debt 21% weak (7/15 pts); Maturity wall: 72% of debt due within 3 years (5/6 pts)
2014-12-31          5.51      5.86     9795.0       0.81     30  Leverage 5.5× elevated (14/17 pts); Liquidity 0.81× thin (2/9 pts); Cash flow to debt 18% weak (9/15 pts); Maturity wall: 68% of debt due within 3 years (5/6 pts)
2013-12-31          6.52      4.55     7541.0      -0.55     42  Leverage 6.5× elevated (17/17 pts); Liquidity -0.55× thin (9/9 pts); Cash flow to debt 14% weak (12/15 pts); Maturity wall: 63% of debt due within 3 years (4/6 pts)
2012-12-31          8.28      3.34     6029.0      -0.80     48  Leverage 8.3× elevated (17/17 pts); Interest coverage 3.3× thin (3/14 pts); Liquidity -0.80× thin (9/9 pts); Cash flow to debt 11% weak (14/15 pts); Debt to assets 41% elevated (0/9 pts); Maturity wall: 65% of debt due within 3 years (4/6 pts)
2011-12-31          6.48      3.39     9286.0       2.49     30  Leverage 6.5× elevated (17/17 pts); Interest coverage 3.4× thin (3/14 pts); Cash flow to debt 17% weak (10/15 pts); Debt to assets 41% elevated (0/9 pts)
2010-12-31          9.56      2.84     8401.0       0.19     50  Leverage 9.6× elevated (17/17 pts); Interest coverage 2.8× thin (5/14 pts); Liquidity 0.19× thin (9/9 pts); Cash flow to debt 13% weak (12/15 pts); Debt to assets 47% elevated (3/9 pts); Maturity wall: 61% of debt due within 3 years (4/6 pts) *** STRESS ***
2009-12-31          9.41      1.77     5612.0       6.63     43  Leverage 9.4× elevated (17/17 pts); Interest coverage 1.8× thin (10/14 pts); Cash flow to debt 12% weak (14/15 pts); Debt to assets 44% elevated (2/9 pts)
2008-12-31          9.20      1.21     7164.0       2.29     49  Leverage 9.2× elevated (17/17 pts); Interest coverage 1.2× thin (13/14 pts); Cash flow to debt 12% weak (14/15 pts); Debt to assets 55% elevated (5/9 pts)
==========================================================================================

  Leverage audit (2025-12-31):
    total_debt: 56,387,000,000  [us-gaap/LongTermDebt]
    cash: 47,792,000,000  [us-gaap/CashCashEquivalentsRestrictedCashAndRestrictedCashEquivalents]
    operating_income: 13,795,000,000  [us-gaap/IncomeLossFromContinuingOperationsBeforeIncomeTaxesExtraordinaryItemsNoncontrollingInterest]
    depreciation: 1,777,000,000  [us-gaap/DepreciationAmortizationAndAccretionNet]
[12/150] AXP      ok   (ok=12 fail=0)
Tracking AIG...
  CIK: 0000005272
  Extracting ratios for 19 periods...

==========================================================================================
  AIG — Credit Ratio Summary
==========================================================================================
Period          Leverage  Coverage   FCF ($M)  Liquidity  Score  Alerts
------------------------------------------------------------------------------------------
2025-12-31          1.07     18.52        N/A      N/A        0  —
2024-12-31          1.01     16.16        N/A      N/A        0  —
2023-12-31          1.04      7.11     6003.0       8.82      0  —
2022-12-31          1.30     17.00     3997.0       1.48     12  Cash flow to debt 15% weak (12/15 pts)
2021-12-31          1.66     12.82     5936.0      N/A        7  Cash flow to debt 21% weak (7/15 pts)
2021-01-01         N/A       N/A          N/A      N/A        0  —
2020-12-31        -10.81     -2.18      685.0      N/A       60  EBITDA margin -7% weak (14/14 pts); Leverage rule maxed: negative EBITDA — debt unservable from earnings (17/17 pts); Coverage rule maxed: negative EBITDA — interest uncovered by earnings (14/14 pts); Cash flow to debt 3% weak (15/15 pts); Distress escalation: 4 core signals severe (profitability, leverage>5x, coverage<2x, cash_flow_to_debt<30%) — score floored at 60 *** STRESS ***
2019-12-31          3.12      7.26    -1232.0      N/A       18  Leverage 3.1× elevated (1/17 pts); Free cash flow negative (-1,232,000,000, -2% margin, 2/10 pts); Cash flow to debt -3% weak (15/15 pts)
2018-12-31          5.55      4.29     -307.0      N/A       30  Leverage 5.5× elevated (14/17 pts); Free cash flow negative (-307,000,000, -1% margin, 1/10 pts); Cash flow to debt 0% weak (15/15 pts)
2017-12-31          5.41      4.57    -9068.0      N/A       39  Leverage 5.4× elevated (14/17 pts); Free cash flow negative (-9,068,000,000, -18% margin, 10/10 pts); Cash flow to debt -27% weak (15/15 pts)
2016-12-31          7.17      3.19     1264.0      N/A       38  EBITDA margin 8% weak (2/14 pts); Leverage 7.2× elevated (17/17 pts); Interest coverage 3.2× thin (4/14 pts); Cash flow to debt 8% weak (15/15 pts)
2015-12-31          3.43      6.17     1155.0      N/A       17  Leverage 3.4× elevated (2/17 pts); Cash flow to debt 10% weak (15/15 pts)
2014-12-31          1.97      8.70     3175.0      N/A       10  Cash flow to debt 16% weak (10/15 pts)
2013-12-31          2.80      6.57     3133.0      N/A       12  Cash flow to debt 14% weak (12/15 pts)
2012-12-31          3.24      6.31      825.0      N/A       16  Leverage 3.2× elevated (1/17 pts); Cash flow to debt 8% weak (15/15 pts)
2011-12-31          8.16      2.28        N/A      N/A       40  Leverage 8.2× elevated (17/17 pts); Interest coverage 2.3× thin (8/14 pts); Cash flow to debt 0% weak (15/15 pts)
2010-12-31         N/A        3.72    16643.0      N/A        1  Interest coverage 3.7× thin (1/14 pts)
2009-12-31         N/A        0.02    18080.0      N/A       23  EBITDA margin 0% weak (9/14 pts); Interest coverage 0.0× thin (14/14 pts)
2008-12-31         N/A       N/A      -1380.0      14.10     10  Free cash flow negative (-1,380,000,000, -20% margin, 10/10 pts)
==========================================================================================

  Leverage audit (2025-12-31):
    total_debt: 9,191,000,000  [us-gaap/LongTermDebt]
    cash: 1,345,000,000  [us-gaap/CashCashEquivalentsRestrictedCashAndRestrictedCashEquivalents]
    operating_income: 3,879,000,000  [us-gaap/IncomeLossFromContinuingOperationsBeforeIncomeTaxesExtraordinaryItemsNoncontrollingInterest]
    depreciation: 3,455,000,000  [us-gaap/DepreciationAmortizationAndAccretionNet]
[13/150] AIG      ok   (ok=13 fail=0)
Tracking UNM...
  CIK: 0000005513
  Extracting ratios for 18 periods...

==========================================================================================
  UNM — Credit Ratio Summary
==========================================================================================
Period          Leverage  Coverage   FCF ($M)  Liquidity  Score  Alerts
------------------------------------------------------------------------------------------
2025-12-31          3.42      5.06      555.4      N/A       13  EBITDA margin 8% weak (2/14 pts); Leverage 3.4× elevated (2/17 pts); Cash flow to debt 18% weak (9/15 pts)
2024-12-31          1.51     11.77     1387.5       0.59      5  Liquidity 0.59× thin (5/9 pts)
2023-12-31          1.88      8.98     1068.0      N/A        0  —
2022-12-31          1.90      9.24     1316.5      59.60      0  —
2021-12-31          2.85      6.39     1277.2      N/A        0  EBITDA margin 10% weak (0/14 pts)
2020-12-31          2.92      5.73      478.4      N/A       11  EBITDA margin 8% weak (2/14 pts); Cash flow to debt 18% weak (9/15 pts)
2019-12-31          2.17      8.41     1590.7       0.21      9  Liquidity 0.21× thin (9/9 pts)
2018-12-31          3.95      4.36     1392.4      N/A        9  EBITDA margin 6% weak (4/14 pts); Leverage 3.9× elevated (5/17 pts)
2017-12-31          1.90      9.43     1044.1       0.39      7  Liquidity 0.39× thin (7/9 pts)
2016-12-31          2.00      8.73     1031.1      N/A        0  —
2015-12-31          2.03      8.76     1191.9       0.32      8  Liquidity 0.32× thin (8/9 pts)
2014-12-31          4.35      3.67     1109.1       0.67     17  EBITDA margin 6% weak (4/14 pts); Leverage 4.4× elevated (8/17 pts); Interest coverage 3.7× thin (2/14 pts); Liquidity 0.67× thin (4/9 pts)
2013-12-31          1.44     11.72      926.0      N/A        0  —
2012-12-31          1.57     11.75     1274.2       0.17      9  Liquidity 0.17× thin (9/9 pts)
2011-12-31          3.42      5.00     1095.5       0.37     13  EBITDA margin 7% weak (3/14 pts); Leverage 3.4× elevated (2/17 pts); Liquidity 0.37× thin (8/9 pts)
2010-12-31          1.46     12.44        N/A       0.24      9  Liquidity 0.24× thin (9/9 pts)
2009-12-31          1.31     15.08        N/A      N/A        0  —
2008-12-31          1.56      9.07        N/A       0.26      9  Liquidity 0.26× thin (9/9 pts)
==========================================================================================

  Leverage audit (2025-12-31):
    total_debt: 3,767,600,000  [us-gaap/LongTermDebt]
    cash: 158,200,000  [us-gaap/CashCashEquivalentsRestrictedCashAndRestrictedCashEquivalents]
    operating_income: 933,500,000  [us-gaap/IncomeLossFromContinuingOperationsBeforeIncomeTaxesExtraordinaryItemsNoncontrollingInterest]
    depreciation: 123,000,000  [us-gaap/DepreciationAmortizationAndAccretionNet]
[14/150] UNM      ok   (ok=14 fail=0)
Tracking ADI...
  CIK: 0000006281
  Extracting ratios for 18 periods...

==========================================================================================
  ADI — Credit Ratio Summary
==========================================================================================
Period          Leverage  Coverage   FCF ($M)  Liquidity  Score  Alerts
------------------------------------------------------------------------------------------
2025-11-01          1.69     N/A       4278.6       5.60      0  —
2024-11-02          1.94     N/A       3122.1       2.10      0  —
2023-10-28          1.19     15.71     3556.2       1.92      0  —
2022-10-29          1.43     17.77     3776.1      N/A        0  —
2021-10-30          2.49     10.41     2391.4       3.83      0  —
2020-10-31         N/A        8.96     1842.8      N/A        0  —
2019-11-02         N/A        8.52     1977.7       2.16      0  —
2018-11-03         N/A        8.32     2187.5      12.19      0  —
2017-10-28         N/A        4.98      908.5       3.49      0  —
2016-10-29         N/A       13.10     1153.5      N/A        0  —
2015-10-31         N/A       35.55      753.8       2.36      2  Maturity wall: 43% of debt due within 3 years (2/6 pts)
2014-11-01         N/A       24.91      693.7      N/A        2  Maturity wall: 43% of debt due within 3 years (2/6 pts)
2013-11-02         N/A       31.85      789.3      N/A        0  —
2012-11-03         N/A       35.34      682.4      N/A        3  Maturity wall: 54% of debt due within 3 years (3/6 pts)
2011-10-29         N/A       62.10      777.5      N/A        3  Maturity wall: 57% of debt due within 3 years (3/6 pts)
2010-10-30         N/A       97.44      879.6      N/A        0  —
2009-10-31         N/A      101.93      376.1      N/A        0  —
2008-11-01         N/A       N/A        512.0      N/A        0  —
==========================================================================================

  Leverage audit (2025-11-01):
    total_debt: 8,145,066,000  [us-gaap/LongTermDebtNoncurrent]
    cash: 2,499,406,000  [us-gaap/CashAndCashEquivalentsAtCarryingValue]
    operating_income: 2,932,496,000  [us-gaap/OperatingIncomeLoss]
    depreciation: 406,801,000  [us-gaap/Depreciation]
[15/150] ADI      ok   (ok=15 fail=0)
Tracking APOG...
  CIK: 0000006845
  Extracting ratios for 16 periods...

==========================================================================================
  APOG — Credit Ratio Summary
==========================================================================================
Period          Leverage  Coverage   FCF ($M)  Liquidity  Score  Alerts
------------------------------------------------------------------------------------------
2026-02-28          1.43      9.62       95.2      N/A        0  EBITDA margin 10% weak (0/14 pts)
2025-03-01          1.50     26.42       89.6      N/A        0  —
2024-03-02          0.14     21.96      161.0      N/A        0  —
2023-02-25          0.89     19.94       57.5      N/A        0  —
2022-02-26          1.74     15.79       78.6      37.58     10  EBITDA margin 5% weak (4/14 pts); Maturity wall: 93% of debt due within 3 years (6/6 pts)
2021-02-27          1.53     13.78      115.7       0.32     12  EBITDA margin 6% weak (4/14 pts); Liquidity 0.32× thin (8/9 pts)
2020-02-29          1.51     14.61       55.8       2.77      5  EBITDA margin 10% weak (0/14 pts); Maturity wall: 73% of debt due within 3 years (5/6 pts)
2019-03-02          1.95     13.86       35.7      N/A        8  EBITDA margin 8% weak (2/14 pts); Maturity wall: 95% of debt due within 3 years (6/6 pts)
2018-03-03          1.16     30.71       74.3      N/A        0  —
2017-03-04          0.29    162.55       55.9      N/A        0  —
2016-02-27         -0.31    216.93       81.9      N/A        0  —
2015-02-28         -0.34    100.66       41.3    1186.02      0  —
2014-03-01         -0.12     53.09       11.1     580.92      0  —
2013-03-02         -0.13     36.11        6.1       3.76      0  Maturity wall: 33% of debt due within 3 years (0/6 pts)
2012-03-03         -1.06     21.77       18.3     500.25      5  EBITDA margin 5% weak (5/14 pts)
2011-02-26         -0.39     10.08      -17.1      24.62     26  EBITDA margin 1% weak (8/14 pts); Free cash flow negative (-17,111,000, -3% margin, 3/10 pts); Cash flow to debt -36% weak (15/15 pts)
==========================================================================================

  Leverage audit (2026-02-28):
    total_debt: 232,279,000  [us-gaap/LongTermDebt]
    cash: 39,523,000  [us-gaap/CashAndCashEquivalentsAtCarryingValue]
    operating_income: 84,474,000  [us-gaap/OperatingIncomeLoss]
    depreciation: 49,998,000  [us-gaap/DepreciationDepletionAndAmortization]
[16/150] APOG     ok   (ok=16 fail=0)
Tracking AMAT...
  CIK: 0000006951
  Extracting ratios for 18 periods...

==========================================================================================
  AMAT — Credit Ratio Summary
==========================================================================================
Period          Leverage  Coverage   FCF ($M)  Liquidity  Score  Alerts
------------------------------------------------------------------------------------------
2025-10-26         -0.09     36.50     5698.0      72.41      0  —
2024-10-27         -0.31     40.29     7487.0      10.04      0  —
2023-10-29         -0.08     34.32     7594.0      61.32      0  —
2022-10-30          0.42     36.11     4612.0      N/A        0  —
2021-10-31          0.06     30.86     4774.0      N/A        0  —
2020-10-25          0.02     19.75     3382.0      N/A        0  —
2019-10-27          0.59     15.67     2806.0       5.21      0  —
2018-10-28          0.36     22.45     3165.0      N/A        0  —
2017-10-29          0.07     21.59     3264.0      N/A        0  —
2016-10-30         -0.10     16.39     2213.0      17.03      0  —
2015-10-25         -0.70     20.04      948.0       4.00      3  Cash flow to debt 26% weak (3/15 pts)
2014-10-26         -0.56     19.95     1559.0      N/A        0  —
2013-10-27          0.28      8.86      426.0      N/A        0  —
2012-10-28          0.61      8.77     1689.0      N/A        0  EBITDA margin 10% weak (0/14 pts)
2011-10-30         -1.54     44.81     2217.0      N/A        0  —
2010-10-31         -0.98     78.50     1553.9      N/A        0  —
2009-10-25         13.42     -4.81       83.7    1271.28     42  EBITDA margin -2% weak (11/14 pts); Leverage rule maxed: negative EBITDA — debt unservable from earnings (17/17 pts); Coverage rule maxed: negative EBITDA — interest uncovered by earnings (14/14 pts)
2008-10-26         -0.72     81.71     1422.6    1321.75      0  —
==========================================================================================

  Leverage audit (2025-10-26):
    total_debt: 6,455,000,000  [us-gaap/LongTermDebtNoncurrent]
    cash: 7,241,000,000  [us-gaap/CashAndCashEquivalentsAtCarryingValue]
    operating_income: 8,289,000,000  [us-gaap/OperatingIncomeLoss]
    depreciation: 435,000,000  [us-gaap/DepreciationAndAmortization]
[17/150] AMAT     ok   (ok=17 fail=0)
Tracking EPAC...
  CIK: 0000006955
  Extracting ratios for 16 periods...

==========================================================================================
  EPAC — Credit Ratio Summary
==========================================================================================
Period          Leverage  Coverage   FCF ($M)  Liquidity  Score  Alerts
------------------------------------------------------------------------------------------
2025-08-31          0.26     N/A         91.9      20.21      0  —
2024-08-31          0.21     N/A         69.9      33.42      0  —
2023-08-31          0.60     N/A         68.2      N/A        0  —
2022-08-31          1.66     N/A         43.3      30.17      5  EBITDA margin 9% weak (1/14 pts); Cash flow to debt 25% weak (4/15 pts)
2021-08-31          0.48     N/A         42.2      N/A        0  —
2020-08-31          2.29     N/A        -15.2      N/A       19  EBITDA margin 9% weak (1/14 pts); Free cash flow negative (-15,212,000, -3% margin, 3/10 pts); Cash flow to debt -1% weak (15/15 pts)
2019-08-31          3.71     N/A         38.9      28.15     23  Leverage 3.7× elevated (4/17 pts); Cash flow to debt 11% weak (14/15 pts); Debt to assets 42% elevated (1/9 pts); Maturity wall: 70% of debt due within 3 years (5/6 pts)
2018-08-31          4.83     N/A         85.2       8.35     20  EBITDA margin 9% weak (1/14 pts); Leverage 4.8× elevated (10/17 pts); Cash flow to debt 19% weak (8/15 pts)
2017-08-31        -47.08     N/A         59.7       7.65     53  EBITDA margin -1% weak (10/14 pts); Leverage rule maxed: negative EBITDA — debt unservable from earnings (17/17 pts); Coverage rule maxed: negative EBITDA — interest uncovered by earnings (14/14 pts); Cash flow to debt 15% weak (11/15 pts) *** STRESS ***
2016-08-31         -7.72     N/A         97.5       9.58     53  EBITDA margin -5% weak (14/14 pts); Leverage rule maxed: negative EBITDA — debt unservable from earnings (17/17 pts); Coverage rule maxed: negative EBITDA — interest uncovered by earnings (14/14 pts); Cash flow to debt 20% weak (8/15 pts); Debt to assets 42% elevated (1/9 pts) *** STRESS ***
2015-08-31          3.93     N/A        106.5      45.03     13  EBITDA margin 9% weak (1/14 pts); Leverage 3.9× elevated (5/17 pts); Cash flow to debt 22% weak (6/15 pts)
2014-08-31          1.07     N/A         83.4      24.22      0  —
2013-08-31          1.68     N/A        170.1      N/A        0  —
2012-08-31          1.47     13.32      159.6       9.09      0  —
2011-08-31          1.95     N/A        148.5      16.44      0  —
2010-08-31          1.88     N/A        101.1      N/A        0  —
==========================================================================================

  Leverage audit (2025-08-31):
    total_debt: 190,000,000  [us-gaap/LongTermDebt]
    cash: 151,558,000  [us-gaap/CashAndCashEquivalentsAtCarryingValue]
    operating_income: 133,471,000  [us-gaap/OperatingIncomeLoss]
    depreciation: 15,674,000  [us-gaap/DepreciationDepletionAndAmortization]
[18/150] EPAC     ok   (ok=18 fail=0)
Tracking ADM...
  CIK: 0000007084
  Extracting ratios for 19 periods...

==========================================================================================
  ADM — Credit Ratio Summary
==========================================================================================
Period          Leverage  Coverage   FCF ($M)  Liquidity  Score  Alerts
------------------------------------------------------------------------------------------
2025-12-31          2.71      3.98     4204.0       1.27      0  EBITDA margin 10% weak (0/14 pts); Interest coverage 4.0× thin (0/14 pts)
2024-12-31          2.25      4.81     1227.0       0.32     10  Liquidity 0.32× thin (8/9 pts); Cash flow to debt 27% weak (2/15 pts)
2023-12-31          1.29      8.27     2966.0      13.03      6  Maturity wall: 87% of debt due within 3 years (6/6 pts)
2022-12-31          1.22     15.81     2159.0       2.06      3  Maturity wall: 57% of debt due within 3 years (3/6 pts)
2021-12-31          1.77     16.26     5426.0       0.98      7  EBITDA margin 5% weak (5/14 pts); Liquidity 0.98× thin (0/9 pts); Maturity wall: 47% of debt due within 3 years (2/6 pts)
2020-12-31          2.53      8.43    -3209.0       0.33     35  EBITDA margin 4% weak (5/14 pts); Free cash flow negative (-3,209,000,000, -5% margin, 5/10 pts); Liquidity 0.33× thin (8/9 pts); Cash flow to debt -24% weak (15/15 pts); Maturity wall: 46% of debt due within 3 years (2/6 pts)
2019-12-31          2.65      6.42    -6280.0       0.71     37  EBITDA margin 4% weak (6/14 pts); Free cash flow negative (-6,280,000,000, -10% margin, 10/10 pts); Liquidity 0.71× thin (4/9 pts); Cash flow to debt -61% weak (15/15 pts); Maturity wall: 60% of debt due within 3 years (4/6 pts)
2018-12-31          2.09      8.24    -5626.0      18.49     34  EBITDA margin 5% weak (5/14 pts); Free cash flow negative (-5,626,000,000, -9% margin, 9/10 pts); Cash flow to debt -57% weak (15/15 pts); Maturity wall: 75% of debt due within 3 years (5/6 pts)
2018-01-01         N/A       N/A          N/A      N/A        0  —
2017-12-31          2.30      7.68     1162.0       0.94      9  EBITDA margin 4% weak (5/14 pts); Liquidity 0.94× thin (1/9 pts); Cash flow to debt 30% weak (0/15 pts); Maturity wall: 49% of debt due within 3 years (2/6 pts)
2016-12-31          2.26      9.29      593.0       4.02     16  EBITDA margin 4% weak (5/14 pts); Cash flow to debt 21% weak (6/15 pts); Maturity wall: 67% of debt due within 3 years (4/6 pts)
2015-12-31          1.54     10.28     1356.0      10.58      9  EBITDA margin 5% weak (5/14 pts); Maturity wall: 60% of debt due within 3 years (4/6 pts)
2014-12-31          1.11     11.94     4068.0      10.18      5  EBITDA margin 5% weak (5/14 pts); Maturity wall: 32% of debt due within 3 years (0/6 pts)
2013-12-31          1.16      7.10     4313.0       8.72      9  EBITDA margin 3% weak (6/14 pts); Maturity wall: 55% of debt due within 3 years (3/6 pts)
2012-12-31          1.76      6.40     1092.0       0.61     21  EBITDA margin 3% weak (6/14 pts); Liquidity 0.61× thin (5/9 pts); Cash flow to debt 24% weak (4/15 pts); Maturity wall: 81% of debt due within 3 years (6/6 pts)
2012-06-30          2.65      5.93     1418.0       0.61     19  EBITDA margin 3% weak (7/14 pts); Liquidity 0.61× thin (5/9 pts); Cash flow to debt 28% weak (2/15 pts); Maturity wall: 90% of debt due within 3 years (6/6 pts)
2011-06-30          2.01      8.07    -3587.0       0.33     38  EBITDA margin 5% weak (5/14 pts); Free cash flow negative (-3,587,000,000, -4% margin, 4/10 pts); Liquidity 0.33× thin (8/9 pts); Cash flow to debt -23% weak (15/15 pts); Maturity wall: 99% of debt due within 3 years (6/6 pts)
2010-06-30          1.75      8.29     1077.0       2.80      5  EBITDA margin 6% weak (4/14 pts); Maturity wall: 42% of debt due within 3 years (1/6 pts)
2009-06-30         N/A       N/A       3443.0       2.96      0  —
==========================================================================================

  Leverage audit (2025-12-31):
    total_debt: 7,612,000,000  [us-gaap/LongTermDebt]
    cash: 1,015,000,000  [us-gaap/CashAndCashEquivalentsAtCarryingValue]
    operating_income: 1,255,000,000  [us-gaap/IncomeLossFromContinuingOperationsBeforeIncomeTaxesExtraordinaryItemsNoncontrollingInterest]
    depreciation: 1,181,000,000  [us-gaap/DepreciationDepletionAndAmortization]
[19/150] ADM      ok   (ok=19 fail=0)
Tracking SWN...
  CIK: 0000007332
  Extracting ratios for 16 periods...

==========================================================================================
  SWN — Credit Ratio Summary
==========================================================================================
Period          Leverage  Coverage   FCF ($M)  Liquidity  Score  Alerts
------------------------------------------------------------------------------------------
2023-12-31         11.79      2.35      346.0      N/A       29  EBITDA margin 5% weak (5/14 pts); Leverage 11.8× elevated (17/17 pts); Interest coverage 2.3× thin (8/14 pts)
2022-12-31          0.51     46.35      945.0      N/A        0  —
2021-12-31          1.69     23.39      255.0       0.14     16  Liquidity 0.14× thin (9/9 pts); Cash flow to debt 24% weak (4/15 pts); Debt to assets 47% elevated (3/9 pts)
2020-12-31         -1.25    -26.74     -371.0      N/A       72  EBITDA margin -109% weak (14/14 pts); Leverage rule maxed: negative EBITDA — debt unservable from earnings (17/17 pts); Coverage rule maxed: negative EBITDA — interest uncovered by earnings (14/14 pts); Free cash flow negative (-371,000,000, -16% margin, 10/10 pts); Cash flow to debt 17% weak (10/15 pts); Debt to assets 61% elevated (8/9 pts); Distress escalation: 5 core signals severe (profitability, leverage>5x, coverage<2x, fcf_negative, debt_to_assets>40%) — score floored at 60 *** STRESS ***
2019-12-31          3.02     11.40     -176.0      N/A        6  Leverage 3.0× elevated (0/17 pts); Free cash flow negative (-176,000,000, -6% margin, 6/10 pts)
2018-12-31          1.56     10.94      -25.0      N/A        1  Free cash flow negative (-25,000,000, -1% margin, 1/10 pts)
2017-12-31          2.81      9.15     -196.0      N/A       16  Free cash flow negative (-196,000,000, -6% margin, 6/10 pts); Cash flow to debt 25% weak (4/15 pts); Debt to assets 58% elevated (7/9 pts)
2016-12-31         -1.84    -19.99     -150.0      34.71     75  EBITDA margin -72% weak (14/14 pts); Leverage rule maxed: negative EBITDA — debt unservable from earnings (17/17 pts); Coverage rule maxed: negative EBITDA — interest uncovered by earnings (14/14 pts); Free cash flow negative (-150,000,000, -6% margin, 6/10 pts); Cash flow to debt 11% weak (14/15 pts); Debt to assets 66% elevated (9/9 pts); Distress escalation: 5 core signals severe (profitability, leverage>5x, coverage<2x, cash_flow_to_debt<30%, debt_to_assets>40%) — score floored at 60 *** STRESS ***
2015-12-31         -0.87    -96.96     -857.0      15.00     63  EBITDA margin -173% weak (14/14 pts); Leverage rule maxed: negative EBITDA — debt unservable from earnings (17/17 pts); Coverage rule maxed: negative EBITDA — interest uncovered by earnings (14/14 pts); Free cash flow negative (-857,000,000, -27% margin, 10/10 pts); Debt to assets 58% elevated (7/9 pts); Maturity wall: 40% of debt due within 3 years (1/6 pts); Distress escalation: 4 core signals severe (profitability, leverage>5x, coverage<2x, fcf_negative) — score floored at 60 *** STRESS ***
2014-12-31          1.04     39.24    -5112.0       0.01     22  Free cash flow negative (-5,112,000,000, -127% margin, 10/10 pts); Liquidity 0.01× thin (9/9 pts); Debt to assets 47% elevated (2/9 pts); Maturity wall: 37% of debt due within 3 years (1/6 pts)
2013-12-31          0.97     47.85     -326.5      19.11     10  Free cash flow negative (-326,472,000, -10% margin, 10/10 pts)
2012-12-31         -5.30     -8.54     -427.1      44.65     60  EBITDA margin -11% weak (14/14 pts); Leverage rule maxed: negative EBITDA — debt unservable from earnings (17/17 pts); Coverage rule maxed: negative EBITDA — interest uncovered by earnings (14/14 pts); Free cash flow negative (-427,058,000, -16% margin, 10/10 pts); Distress escalation: 4 core signals severe (profitability, leverage>5x, coverage<2x, fcf_negative) — score floored at 60 *** STRESS ***
2011-12-31          0.75     73.91     1709.4      N/A        0  —
2010-12-31          0.67     61.66     1596.0      N/A        1  Maturity wall: 39% of debt due within 3 years (1/6 pts)
2009-12-31          2.14     24.70     1330.4      N/A        0  —
2008-12-31          0.37     45.08     -595.1      N/A       10  Free cash flow negative (-595,079,000, -26% margin, 10/10 pts)
==========================================================================================

  Leverage audit (2023-12-31):
    total_debt: 3,947,000,000  [us-gaap/LongTermDebt]
    cash: 21,000,000  [us-gaap/CashAndCashEquivalentsAtCarryingValue]
    operating_income: -974,000,000  [us-gaap/OperatingIncomeLoss]
    depreciation: 1,307,000,000  [us-gaap/DepreciationDepletionAndAmortization]
[20/150] SWN      ok   (ok=20 fail=0)
Tracking AWI...
  CIK: 0000007431
  Extracting ratios for 16 periods...

==========================================================================================
  AWI — Credit Ratio Summary
==========================================================================================
Period          Leverage  Coverage   FCF ($M)  Liquidity  Score  Alerts
------------------------------------------------------------------------------------------
2025-12-31          0.51     16.71      348.8      10.94      0  —
2024-12-31          0.89     12.00      261.9       3.52      6  Maturity wall: 100% of debt due within 3 years (6/6 pts)
2023-12-31          1.20     11.70      231.1       3.15      0  —
2022-12-31          1.50     13.37      179.6      N/A        2  Cash flow to debt 28% weak (2/15 pts)
2021-12-31          1.43     15.57      186.9       3.92      6  Cash flow to debt 30% weak (0/15 pts); Maturity wall: 100% of debt due within 3 years (6/6 pts)
2020-12-31          1.63     14.06      217.8       5.48      1  Debt to assets 42% elevated (1/9 pts)
2019-12-31          1.44     10.14      180.8       7.19      0  Cash flow to debt 30% weak (0/15 pts); Debt to assets 41% elevated (0/9 pts)
2018-12-31          1.34      8.39      201.3       5.92     10  Cash flow to debt 25% weak (4/15 pts); Debt to assets 44% elevated (1/9 pts); Maturity wall: 67% of debt due within 3 years (4/6 pts)
2017-12-31          1.91      9.73      167.8       4.91      9  Cash flow to debt 20% weak (8/15 pts); Debt to assets 45% elevated (2/9 pts)
2016-12-31          2.58      5.50       44.9       5.68     18  Cash flow to debt 6% weak (15/15 pts); Debt to assets 50% elevated (4/9 pts)
2015-12-31          2.31      6.75      189.4       4.70     10  Cash flow to debt 20% weak (7/15 pts); Maturity wall: 51% of debt due within 3 years (2/6 pts)
2014-12-31          2.33      8.01      190.1       4.68      8  Cash flow to debt 19% weak (8/15 pts); Debt to assets 42% elevated (0/9 pts)
2013-12-31          2.68      5.05      198.4       5.66      8  Cash flow to debt 20% weak (8/15 pts)
2012-12-31          1.54      7.15      194.1      14.56      8  Cash flow to debt 20% weak (8/15 pts)
2011-12-31          1.03      7.28      201.2     240.30      4  Cash flow to debt 25% weak (4/15 pts)
2010-12-31          2.33     10.58       97.7      12.63      8  EBITDA margin 8% weak (2/14 pts); Cash flow to debt 22% weak (6/15 pts)
==========================================================================================

  Leverage audit (2025-12-31):
    total_debt: 396,400,000  [us-gaap/LongTermDebtNoncurrent]
    cash: 112,700,000  [us-gaap/CashAndCashEquivalentsAtCarryingValue]
    operating_income: 430,900,000  [us-gaap/OperatingIncomeLoss]
    depreciation: 120,400,000  [us-gaap/DepreciationDepletionAndAmortization]
[21/150] AWI      ok   (ok=21 fail=0)
Tracking ARW...
  CIK: 0000007536
  Extracting ratios for 17 periods...

==========================================================================================
  ARW — Credit Ratio Summary
==========================================================================================
Period          Leverage  Coverage   FCF ($M)  Liquidity  Score  Alerts
------------------------------------------------------------------------------------------
2025-12-31          2.89     N/A        -37.2     898.73     24  EBITDA margin 3% weak (6/14 pts); Free cash flow negative (-37,205,000, -0% margin, 0/10 pts); Cash flow to debt 2% weak (15/15 pts); Maturity wall: 51% of debt due within 3 years (3/6 pts)
2024-12-31          2.77     N/A       1037.7       0.54     12  EBITDA margin 3% weak (6/14 pts); Liquidity 0.54× thin (6/9 pts); Maturity wall: 36% of debt due within 3 years (1/6 pts)
2023-12-31          1.17     N/A        622.2       0.13     24  EBITDA margin 5% weak (5/14 pts); Liquidity 0.13× thin (9/9 pts); Cash flow to debt 19% weak (9/15 pts); Maturity wall: 49% of debt due within 3 years (2/6 pts)
2022-12-31          1.33     N/A       -111.9       0.30     32  EBITDA margin 6% weak (4/14 pts); Free cash flow negative (-111,913,000, -0% margin, 0/10 pts); Liquidity 0.30× thin (8/9 pts); Cash flow to debt -1% weak (15/15 pts); Maturity wall: 66% of debt due within 3 years (4/6 pts)
2021-12-31          1.15     N/A        335.9       0.58     21  EBITDA margin 5% weak (5/14 pts); Liquidity 0.58× thin (5/9 pts); Cash flow to debt 16% weak (10/15 pts); Maturity wall: 36% of debt due within 3 years (1/6 pts)
2020-12-31          1.59     N/A       1236.3       2.36      6  EBITDA margin 4% weak (6/14 pts); Maturity wall: 36% of debt due within 3 years (1/6 pts)
2019-12-31          7.87     N/A        714.8       0.91     29  EBITDA margin 1% weak (8/14 pts); Leverage 7.9× elevated (17/17 pts); Liquidity 0.91× thin (1/9 pts); Cash flow to debt 29% weak (1/15 pts); Maturity wall: 41% of debt due within 3 years (1/6 pts)
2018-12-31          2.05     N/A        137.4       2.07     21  EBITDA margin 4% weak (5/14 pts); Cash flow to debt 8% weak (15/15 pts); Maturity wall: 40% of debt due within 3 years (1/6 pts)
2017-12-31          2.04     N/A        -79.4       2.05     21  EBITDA margin 4% weak (6/14 pts); Free cash flow negative (-79,392,000, -0% margin, 0/10 pts); Cash flow to debt 4% weak (15/15 pts); Maturity wall: 33% of debt due within 3 years (0/6 pts)
2016-12-31          2.12     N/A        191.1       5.69     19  EBITDA margin 4% weak (5/14 pts); Cash flow to debt 13% weak (13/15 pts); Maturity wall: 38% of debt due within 3 years (1/6 pts)
2015-12-31          2.15     N/A        500.3       6.20      8  EBITDA margin 4% weak (5/14 pts); Cash flow to debt 27% weak (2/15 pts)
2014-12-31          1.82     N/A        550.8      29.76      6  EBITDA margin 4% weak (6/14 pts)
2013-12-31          2.23     N/A        334.5      16.36     13  EBITDA margin 4% weak (6/14 pts); Cash flow to debt 20% weak (8/15 pts); Maturity wall: 31% of debt due within 3 years (0/6 pts)
2012-12-31          1.28     N/A        562.8       1.12      7  EBITDA margin 5% weak (5/14 pts); Maturity wall: 45% of debt due within 3 years (2/6 pts)
2011-12-31          1.51     N/A          6.9      11.73     20  EBITDA margin 5% weak (5/14 pts); Cash flow to debt 6% weak (15/15 pts); Maturity wall: 35% of debt due within 3 years (1/6 pts)
2010-12-31          1.01     N/A        108.5      15.13     19  EBITDA margin 4% weak (5/14 pts); Cash flow to debt 12% weak (13/15 pts)
2009-12-31          0.41     N/A        728.3       9.24      7  EBITDA margin 2% weak (7/14 pts)
==========================================================================================

  Leverage audit (2025-12-31):
    total_debt: 3,084,715,000  [us-gaap/LongTermDebtNoncurrent]
    cash: 306,467,000  [us-gaap/CashAndCashEquivalentsAtCarryingValue]
    operating_income: 822,223,000  [us-gaap/OperatingIncomeLoss]
    depreciation: 137,750,000  [us-gaap/DepreciationDepletionAndAmortization]
[22/150] ARW      ok   (ok=22 fail=0)
Tracking ASB...
  CIK: 0000007789
  Extracting ratios for 17 periods...

==========================================================================================
  ASB — Credit Ratio Summary
==========================================================================================
Period          Leverage  Coverage   FCF ($M)  Liquidity  Score  Alerts
------------------------------------------------------------------------------------------
2025-12-31         -1.14      0.65        N/A       5.59     15  Interest coverage 0.6× thin (14/14 pts); Maturity wall: 41% of debt due within 3 years (1/6 pts)
2024-12-31          2.30      0.17        N/A       2.17     17  EBITDA margin 9% weak (1/14 pts); Interest coverage 0.2× thin (14/14 pts); Maturity wall: 45% of debt due within 3 years (2/6 pts)
2023-12-31          3.23      0.28        N/A       2.83     22  Leverage 3.2× elevated (1/17 pts); Interest coverage 0.3× thin (14/14 pts); Cash flow to debt 21% weak (6/15 pts)
2022-12-31          1.63      2.69        N/A       1.03      6  Interest coverage 2.7× thin (6/14 pts)
2021-12-31          1.75      6.67        N/A       2.89      5  Cash flow to debt 24% weak (5/15 pts)
2020-12-31         -0.44      2.52        N/A       2.84      7  Interest coverage 2.5× thin (7/14 pts)
2019-12-31          5.64      1.38        N/A       1.27     38  Leverage 5.6× elevated (15/17 pts); Interest coverage 1.4× thin (12/14 pts); Cash flow to debt 16% weak (11/15 pts)
2018-12-31          5.62      1.68        N/A       5.58     44  Leverage 5.6× elevated (15/17 pts); Interest coverage 1.7× thin (11/14 pts); Cash flow to debt 14% weak (12/15 pts); Maturity wall: 92% of debt due within 3 years (6/6 pts)
2017-12-31          6.95      2.65        N/A       1.06     42  Leverage 7.0× elevated (17/17 pts); Interest coverage 2.7× thin (6/14 pts); Cash flow to debt 11% weak (14/15 pts); Maturity wall: 66% of debt due within 3 years (4/6 pts)
2016-12-31          6.36      3.95        N/A       0.59     38  Leverage 6.4× elevated (17/17 pts); Interest coverage 4.0× thin (0/14 pts); Liquidity 0.59× thin (5/9 pts); Cash flow to debt 16% weak (10/15 pts); Maturity wall: 86% of debt due within 3 years (6/6 pts)
2015-12-31          6.96      4.10        N/A       0.57     42  Leverage 7.0× elevated (17/17 pts); Liquidity 0.57× thin (5/9 pts); Cash flow to debt 9% weak (15/15 pts); Maturity wall: 72% of debt due within 3 years (5/6 pts)
2014-12-31          8.88      5.85        N/A       0.97     32  Leverage 8.9× elevated (17/17 pts); Liquidity 0.97× thin (0/9 pts); Cash flow to debt 4% weak (15/15 pts)
2013-12-31          7.82      5.01        N/A       0.81     32  Leverage 7.8× elevated (17/17 pts); Liquidity 0.81× thin (2/9 pts); Cash flow to debt 13% weak (13/15 pts)
2012-12-31          0.93      3.23        N/A       0.32     29  Interest coverage 3.2× thin (4/14 pts); Liquidity 0.32× thin (8/9 pts); Cash flow to debt 10% weak (15/15 pts); Maturity wall: 55% of debt due within 3 years (3/6 pts)
2011-12-31          2.58      1.69        N/A       0.25     36  Interest coverage 1.7× thin (11/14 pts); Liquidity 0.25× thin (9/9 pts); Cash flow to debt 8% weak (15/15 pts); Maturity wall: 42% of debt due within 3 years (2/6 pts)
2010-12-31        -49.95     -0.06        N/A       0.50     58  EBITDA margin -1% weak (10/14 pts); Leverage rule maxed: negative EBITDA — debt unservable from earnings (17/17 pts); Coverage rule maxed: negative EBITDA — interest uncovered by earnings (14/14 pts); Liquidity 0.50× thin (6/9 pts); Cash flow to debt 16% weak (10/15 pts) *** STRESS ***
2009-12-31         -4.45     -1.00        N/A       0.67     64  EBITDA margin -23% weak (14/14 pts); Leverage rule maxed: negative EBITDA — debt unservable from earnings (17/17 pts); Coverage rule maxed: negative EBITDA — interest uncovered by earnings (14/14 pts); Liquidity 0.67× thin (4/9 pts); Cash flow to debt 4% weak (15/15 pts); Distress escalation: 4 core signals severe (profitability, leverage>5x, coverage<2x, cash_flow_to_debt<30%) — score floored at 60 *** STRESS ***
==========================================================================================

  Leverage audit (2025-12-31):
    total_debt: 1,007,120,000  [us-gaap/LongTermDebt]
    cash: 1,720,221,000  [us-gaap/CashCashEquivalentsRestrictedCashAndRestrictedCashEquivalents]
    operating_income: 577,910,000  [us-gaap/IncomeLossFromContinuingOperationsBeforeIncomeTaxesMinorityInterestAndIncomeLossFromEquityMethodInvestments]
    depreciation: 50,356,000  [us-gaap/Depreciation]
[23/150] ASB      ok   (ok=23 fail=0)
Tracking ATRO...
  CIK: 0000008063
  Extracting ratios for 16 periods...

==========================================================================================
  ATRO — Credit Ratio Summary
==========================================================================================
Period          Leverage  Coverage   FCF ($M)  Liquidity  Score  Alerts
------------------------------------------------------------------------------------------
2025-12-31          3.22     10.95       72.8      N/A       10  Leverage 3.2× elevated (1/17 pts); Cash flow to debt 22% weak (6/15 pts); Debt to assets 47% elevated (3/9 pts)
2024-12-31          3.13   5093.20       30.6      N/A       13  EBITDA margin 6% weak (3/14 pts); Leverage 3.1× elevated (1/17 pts); Cash flow to debt 18% weak (9/15 pts)
2023-12-31          7.95   2159.22      -23.9       0.53     48  EBITDA margin 3% weak (7/14 pts); Leverage 7.9× elevated (17/17 pts); Free cash flow negative (-23,950,000, -3% margin, 4/10 pts); Liquidity 0.53× thin (6/9 pts); Cash flow to debt -14% weak (15/15 pts)
2022-12-31        -64.28   -566.75      -28.8       3.06     61  EBITDA margin -0% weak (10/14 pts); Leverage rule maxed: negative EBITDA — debt unservable from earnings (17/17 pts); Coverage rule maxed: negative EBITDA — interest uncovered by earnings (14/14 pts); Free cash flow negative (-28,802,000, -5% margin, 5/10 pts); Cash flow to debt -17% weak (15/15 pts) *** STRESS ***
2021-12-31        402.55      4.24       -5.5      N/A       42  EBITDA margin 0% weak (9/14 pts); Leverage 402.5× elevated (17/17 pts); Free cash flow negative (-5,530,000, -1% margin, 1/10 pts); Cash flow to debt -3% weak (15/15 pts)
2020-12-31         -1.93   -321.71       37.3      N/A       60  EBITDA margin -14% weak (14/14 pts); Leverage rule maxed: negative EBITDA — debt unservable from earnings (17/17 pts); Coverage rule maxed: negative EBITDA — interest uncovered by earnings (14/14 pts); Cash flow to debt 22% weak (6/15 pts); Maturity wall: 100% of debt due within 3 years (6/6 pts); Distress escalation: 4 core signals severe (profitability, leverage>5x, coverage<2x, maturity_wall) — score floored at 60 *** STRESS ***
2019-12-31          4.49    110.67       30.6     142.44     19  EBITDA margin 4% weak (5/14 pts); Leverage 4.5× elevated (8/17 pts); Cash flow to debt 23% weak (6/15 pts)
2018-12-31          2.18     10.16       38.6       8.89      5  Cash flow to debt 23% weak (5/15 pts)
2017-12-31          4.37     12.03       24.3       6.66     21  EBITDA margin 9% weak (1/14 pts); Leverage 4.4× elevated (8/17 pts); Cash flow to debt 14% weak (12/15 pts)
2016-12-31          1.29     N/A         35.8       6.79      0  —
2015-12-31          1.20     N/A         59.9       7.20      0  —
2014-12-31          1.41     N/A         59.0       7.58      0  —
2013-12-31          2.73     N/A         42.7       4.45      6  Cash flow to debt 23% weak (5/15 pts); Debt to assets 43% elevated (1/9 pts)
2012-12-31          0.57     37.94        7.5       0.80      6  Liquidity 0.80× thin (2/9 pts); Maturity wall: 56% of debt due within 3 years (3/6 pts)
2011-12-31          0.62     19.80       13.6       2.06      0  —
2010-12-31          0.36     11.47       12.9       4.27      0  —
==========================================================================================

  Leverage audit (2025-12-31):
    total_debt: 334,451,000  [us-gaap/LongTermDebtNoncurrent]
    cash: 18,180,000  [us-gaap/CashAndCashEquivalentsAtCarryingValue]
    operating_income: 76,412,000  [us-gaap/OperatingIncomeLoss]
    depreciation: 21,838,000  [us-gaap/DepreciationDepletionAndAmortization]
[24/150] ATRO     ok   (ok=24 fail=0)
Tracking ADP...
  CIK: 0000008670
  Extracting ratios for 18 periods...

==========================================================================================
  ADP — Credit Ratio Summary
==========================================================================================
Period          Leverage  Coverage   FCF ($M)  Liquidity  Score  Alerts
------------------------------------------------------------------------------------------
2025-06-30          0.11     12.92     4771.0    3347.80      0  —
2024-06-30          0.01     15.04     3949.2    2648.55      0  —
2023-06-30          0.18     19.69     4001.3    1736.25      0  —
2022-06-30          0.36     52.74     2925.1    1196.92      0  —
2021-06-30          0.11     64.86     2914.7      N/A        0  —
2020-06-30         -0.25     34.20     2853.5       1.91      0  —
2019-06-30          0.02     26.29     2526.3      N/A        0  —
2018-06-30         -0.07     24.82     2309.1      N/A        0  —
2017-06-30         -0.27     35.59     1885.7      N/A        0  —
2016-06-30         -0.47     44.90     1691.4      N/A        0  —
2015-06-30         -0.69    361.32     1746.8      N/A        0  —
2014-06-30         N/A      428.00     1604.8       0.91      1  Liquidity 0.91× thin (1/9 pts)
2013-06-30         N/A      263.88     1402.6      N/A        0  —
2012-06-30         N/A      317.58     1770.1      N/A        0  —
2011-06-30         -0.60    261.73     1523.9    -496.21     13  Liquidity -496.21× thin (9/9 pts); Maturity wall: 61% of debt due within 3 years (4/6 pts)
2010-06-30         -0.74    252.60     1579.2    -586.89     12  Liquidity -586.89× thin (9/9 pts); Maturity wall: 52% of debt due within 3 years (3/6 pts)
2009-06-30         -1.01     66.30     1404.8    -809.04      9  Liquidity -809.04× thin (9/9 pts)
2008-06-30         N/A       26.36     1591.9      N/A        0  —
==========================================================================================

  Leverage audit (2025-06-30):
    total_debt: 3,974,700,000  [us-gaap/LongTermDebtNoncurrent]
    cash: 3,347,800,000  [us-gaap/CashAndCashEquivalentsAtCarryingValue]
    operating_income: 5,310,100,000  [us-gaap/IncomeLossFromContinuingOperationsBeforeIncomeTaxesExtraordinaryItemsNoncontrollingInterest]
    depreciation: 582,400,000  [us-gaap/DepreciationDepletionAndAmortization]
[25/150] ADP      ok   (ok=25 fail=0)
Tracking AVY...
  CIK: 0000008818
  Extracting ratios for 17 periods...

==========================================================================================
  AVY — Credit Ratio Summary
==========================================================================================
Period          Leverage  Coverage   FCF ($M)  Liquidity  Score  Alerts
------------------------------------------------------------------------------------------
2025-12-31          2.39      9.06      712.4       0.39     13  Liquidity 0.39× thin (7/9 pts); Cash flow to debt 24% weak (5/15 pts); Debt to assets 42% elevated (1/9 pts)
2024-12-28          1.76     10.21      730.0       0.56      5  Liquidity 0.56× thin (5/9 pts); Cash flow to debt 30% weak (0/15 pts)
2023-12-30          2.42      8.35      560.7       0.35     11  Liquidity 0.35× thin (8/9 pts); Cash flow to debt 26% weak (3/15 pts)
2022-12-31          1.80     15.34      682.9       0.28     10  Liquidity 0.28× thin (9/9 pts); Maturity wall: 40% of debt due within 3 years (1/6 pts)
2022-01-01          2.11     17.62      791.8       0.51      6  Liquidity 0.51× thin (6/9 pts)
2021-01-02          1.89     13.47      549.9       3.90      0  —
2019-12-28          2.85      5.65      527.1       0.58      9  EBITDA margin 6% weak (4/14 pts); Liquidity 0.58× thin (5/9 pts)
2018-12-29          2.06     12.58      231.2       1.19      5  Cash flow to debt 24% weak (5/15 pts)
2017-12-30          1.42     12.19      459.6       0.85      2  Liquidity 0.85× thin (2/9 pts)
2016-12-31          0.79     10.97      408.4       0.78      3  Liquidity 0.78× thin (3/9 pts)
2016-01-02          1.35      9.87      337.9       1.67      0  —
2015-01-03          1.27      8.94      226.3       1.11      1  EBITDA margin 9% weak (1/14 pts)
2013-12-28          1.06      9.62      190.9       4.57      1  EBITDA margin 9% weak (1/14 pts)
2012-12-29          1.00      6.41      418.4       0.45      9  EBITDA margin 8% weak (2/14 pts); Liquidity 0.45× thin (7/9 pts)
2011-12-31          1.71      6.38      317.7     111.25      2  EBITDA margin 8% weak (2/14 pts)
2011-01-01          2.01      5.38      403.2     106.25      3  EBITDA margin 6% weak (3/14 pts)
2010-01-02         -1.29     -8.66      499.3       0.26     60  EBITDA margin -12% weak (14/14 pts); Leverage rule maxed: negative EBITDA — debt unservable from earnings (17/17 pts); Coverage rule maxed: negative EBITDA — interest uncovered by earnings (14/14 pts); Liquidity 0.26× thin (9/9 pts); Distress escalation: 4 core signals severe (profitability, leverage>5x, coverage<2x, liquidity<1x) — score floored at 60 *** STRESS ***
==========================================================================================

  Leverage audit (2025-12-31):
    total_debt: 3,199,000,000  [us-gaap/LongTermDebt]
    cash: 202,800,000  [us-gaap/CashAndCashEquivalentsAtCarryingValue]
    operating_income: 925,100,000  [us-gaap/IncomeLossFromContinuingOperationsBeforeIncomeTaxesExtraordinaryItemsNoncontrollingInterest]
    depreciation: 328,200,000  [us-gaap/DepreciationDepletionAndAmortization]
[26/150] AVY      ok   (ok=26 fail=0)
Tracking AVT...
  CIK: 0000008858
  Extracting ratios for 17 periods...

==========================================================================================
  AVT — Credit Ratio Summary
==========================================================================================
Period          Leverage  Coverage   FCF ($M)  Liquidity  Score  Alerts
------------------------------------------------------------------------------------------
2025-06-28          4.07      2.04      577.0       2.20     28  EBITDA margin 3% weak (7/14 pts); Leverage 4.1× elevated (6/17 pts); Interest coverage 2.0× thin (9/14 pts); Cash flow to debt 27% weak (2/15 pts); Maturity wall: 61% of debt due within 3 years (4/6 pts)
2024-06-29          2.25      3.29      463.5       0.63     19  EBITDA margin 4% weak (6/14 pts); Interest coverage 3.3× thin (3/14 pts); Liquidity 0.63× thin (4/9 pts); Cash flow to debt 24% weak (5/15 pts); Maturity wall: 36% of debt due within 3 years (1/6 pts)
2023-07-01          2.12      5.08     -908.4       4.08     24  EBITDA margin 5% weak (5/14 pts); Free cash flow negative (-908,377,000, -3% margin, 3/10 pts); Cash flow to debt -23% weak (15/15 pts); Maturity wall: 38% of debt due within 3 years (1/6 pts)
2022-07-02          1.23     10.37     -268.2       0.88     23  EBITDA margin 4% weak (5/14 pts); Free cash flow negative (-268,210,000, -1% margin, 1/10 pts); Liquidity 0.88× thin (1/9 pts); Cash flow to debt -14% weak (15/15 pts)
2021-07-03          2.40      4.62       40.6       8.65     22  EBITDA margin 2% weak (7/14 pts); Cash flow to debt 7% weak (15/15 pts); Maturity wall: 31% of debt due within 3 years (0/6 pts)
2020-06-27          5.34      1.45      656.7    9353.69     37  EBITDA margin 1% weak (8/14 pts); Leverage 5.3× elevated (13/17 pts); Interest coverage 1.4× thin (12/14 pts); Maturity wall: 62% of debt due within 3 years (4/6 pts)
2019-06-29          1.60      4.05      412.1       1.82      9  EBITDA margin 3% weak (7/14 pts); Maturity wall: 48% of debt due within 3 years (2/6 pts)
2018-06-30          1.87      4.54       97.6       3.76     18  EBITDA margin 2% weak (7/14 pts); Cash flow to debt 15% weak (11/15 pts)
2017-07-01          1.45      5.78     -489.1      16.69     24  EBITDA margin 4% weak (6/14 pts); Free cash flow negative (-489,088,000, -3% margin, 3/10 pts); Cash flow to debt -21% weak (15/15 pts); Maturity wall: 31% of debt due within 3 years (0/6 pts)
2016-07-02          0.34      9.23       76.8       0.89     22  EBITDA margin 3% weak (6/14 pts); Liquidity 0.89× thin (1/9 pts); Cash flow to debt 9% weak (15/15 pts)
2015-06-27          1.07     10.19      409.5       2.82     13  EBITDA margin 3% weak (6/14 pts); Cash flow to debt 25% weak (4/15 pts); Maturity wall: 58% of debt due within 3 years (3/6 pts)
2014-06-28          1.30      8.42      114.2       1.07     23  EBITDA margin 3% weak (6/14 pts); Cash flow to debt 8% weak (15/15 pts); Maturity wall: 47% of debt due within 3 years (2/6 pts)
2013-06-29          1.39      6.94      598.8       1.20     11  EBITDA margin 3% weak (7/14 pts); Cash flow to debt 24% weak (4/15 pts)
2012-06-30          0.27     10.85      400.1       1.15     10  EBITDA margin 4% weak (6/14 pts); Cash flow to debt 25% weak (4/15 pts)
2011-07-02          0.59     10.94      129.4       2.78     15  EBITDA margin 4% weak (6/14 pts); Cash flow to debt 18% weak (9/15 pts); Maturity wall: 33% of debt due within 3 years (0/6 pts)
2010-07-03          0.22     11.28      -97.3      29.88     21  EBITDA margin 4% weak (6/14 pts); Free cash flow negative (-97,303,000, -1% margin, 0/10 pts); Cash flow to debt -2% weak (15/15 pts)
2009-06-27         -0.00    -12.12     1007.8      40.52     45  EBITDA margin -6% weak (14/14 pts); Leverage rule maxed: negative EBITDA — debt unservable from earnings (17/17 pts); Coverage rule maxed: negative EBITDA — interest uncovered by earnings (14/14 pts)
==========================================================================================

  Leverage audit (2025-06-28):
    total_debt: 2,574,729,000  [us-gaap/LongTermDebtNoncurrent]
    cash: 192,428,000  [us-gaap/CashAndCashEquivalentsAtCarryingValue]
    operating_income: 514,254,000  [us-gaap/OperatingIncomeLoss]
    depreciation: 71,616,000  [us-gaap/DepreciationAndAmortization]
[27/150] AVT      ok   (ok=27 fail=0)
Tracking AZZ...
  CIK: 0000008947
  Extracting ratios for 16 periods...

==========================================================================================
  AZZ — Credit Ratio Summary
==========================================================================================
Period          Leverage  Coverage   FCF ($M)  Liquidity  Score  Alerts
------------------------------------------------------------------------------------------
2026-02-28          1.34      6.37      444.7      N/A        1  Maturity wall: 35% of debt due within 3 years (1/6 pts)
2025-02-28          2.67      3.92      134.0      N/A        1  Interest coverage 3.9× thin (0/14 pts); Cash flow to debt 29% weak (0/15 pts)
2024-02-29          3.15      2.81      149.3      N/A       11  Leverage 3.2× elevated (1/17 pts); Interest coverage 2.8× thin (6/14 pts); Cash flow to debt 26% weak (3/15 pts); Debt to assets 43% elevated (1/9 pts)
2023-02-28          4.25      2.80       34.3      N/A       30  Leverage 4.3× elevated (7/17 pts); Interest coverage 2.8× thin (6/14 pts); Cash flow to debt 9% weak (15/15 pts); Debt to assets 48% elevated (3/9 pts)
2022-02-28          1.34     24.71       57.6      N/A        0  —
2021-02-28          1.54     11.01       55.0      N/A        0  —
2020-02-29          1.28      9.62      109.7       0.29     14  Liquidity 0.29× thin (8/9 pts); Maturity wall: 100% of debt due within 3 years (6/6 pts)
2019-02-28          1.70      8.50       89.1      N/A        3  Maturity wall: 52% of debt due within 3 years (3/6 pts)
2018-02-28          2.84      7.13       49.3       1.46      6  Cash flow to debt 25% weak (4/15 pts); Maturity wall: 46% of debt due within 3 years (2/6 pts)
2017-02-28          1.75     10.09       69.7       0.68      7  Liquidity 0.68× thin (4/9 pts); Maturity wall: 54% of debt due within 3 years (3/6 pts)
2016-02-29          1.69     11.20      103.7       1.73      4  Maturity wall: 62% of debt due within 3 years (4/6 pts)
2015-02-28          2.06      9.23       88.8       1.03      0  —
2014-02-28          2.09      9.84       63.8       1.32      5  Cash flow to debt 25% weak (4/15 pts); Debt to assets 45% elevated (2/9 pts)
2013-02-28          1.02     11.58       67.8       3.89      0  —
2012-02-29          0.67      8.70       44.3      10.03      2  Cash flow to debt 27% weak (2/15 pts)
2011-02-28          0.82     13.74       25.7      N/A        8  Cash flow to debt 19% weak (8/15 pts)
==========================================================================================

  Leverage audit (2026-02-28):
    total_debt: 477,738,000  [us-gaap/LongTermDebtNoncurrent]
    cash: 705,000  [us-gaap/CashAndCashEquivalentsAtCarryingValue]
    operating_income: 264,617,000  [us-gaap/OperatingIncomeLoss]
    depreciation: 90,056,000  [us-gaap/DepreciationDepletionAndAmortization]
[28/150] AZZ      ok   (ok=28 fail=0)
Tracking BCPC...
  CIK: 0000009326
  Extracting ratios for 17 periods...

==========================================================================================
  BCPC — Credit Ratio Summary
==========================================================================================
Period          Leverage  Coverage   FCF ($M)  Liquidity  Score  Alerts
------------------------------------------------------------------------------------------
2025-12-31         N/A     2712.94        N/A      N/A        0  —
2024-12-31         N/A     2198.88        N/A      N/A        0  —
2023-12-31         N/A     1861.98        N/A      N/A        0  —
2022-12-31         N/A     1576.27       89.5      N/A        0  —
2021-12-31         N/A     1367.29      124.4      N/A        0  —
2020-12-31         N/A     1185.61      118.4      N/A        0  —
2019-12-31         N/A       N/A         98.7      26.53      0  —
2018-12-31          0.67     21.96       99.5      N/A        0  —
2017-12-31         -0.29     18.77       83.1       1.15      0  —
2016-12-31          1.37     18.86       84.6       1.10      0  —
2015-12-31          1.33     20.31       62.5       2.42      1  Maturity wall: 35% of debt due within 3 years (1/6 pts)
2014-12-31          2.19     21.90       72.2       1.44      3  Cash flow to debt 26% weak (3/15 pts); Maturity wall: 32% of debt due within 3 years (0/6 pts)
2013-12-31         -2.74   3169.83       47.5      N/A        0  —
2012-12-31         -2.09   6941.80       39.9      N/A        0  —
2011-12-31         -1.73    779.95       38.3      82.75      6  Maturity wall: 100% of debt due within 3 years (6/6 pts)
2010-12-31         -1.24    648.10       31.5      52.13      0  —
2009-12-31         N/A      233.44       44.6      N/A        0  —
==========================================================================================
[29/150] BCPC     ok   (ok=29 fail=0)
Tracking BALL...
  CIK: 0000009389
  Extracting ratios for 17 periods...

==========================================================================================
  BALL — Credit Ratio Summary
==========================================================================================
Period          Leverage  Coverage   FCF ($M)  Liquidity  Score  Alerts
------------------------------------------------------------------------------------------
2025-12-31          3.30      5.26      788.0     606.00     11  Leverage 3.3× elevated (2/17 pts); Cash flow to debt 18% weak (9/15 pts)
2024-12-31          3.86      3.87     -369.0       4.63     24  EBITDA margin 10% weak (0/14 pts); Leverage 3.9× elevated (5/17 pts); Interest coverage 3.9× thin (1/14 pts); Free cash flow negative (-369,000,000, -3% margin, 3/10 pts); Cash flow to debt 2% weak (15/15 pts)
2023-12-31          3.63      4.09      818.0       0.81     18  Leverage 3.6× elevated (4/17 pts); Liquidity 0.81× thin (2/9 pts); Cash flow to debt 22% weak (6/15 pts); Debt to assets 43% elevated (1/9 pts); Maturity wall: 69% of debt due within 3 years (5/6 pts)
2022-12-31          3.87      5.48    -1350.0       0.39     38  Leverage 3.9× elevated (5/17 pts); Free cash flow negative (-1,350,000,000, -9% margin, 9/10 pts); Liquidity 0.39× thin (7/9 pts); Cash flow to debt 3% weak (15/15 pts); Debt to assets 45% elevated (2/9 pts); Maturity wall: 33% of debt due within 3 years (0/6 pts)
2021-12-31          3.60      7.04       34.0      37.53     10  Leverage 3.6× elevated (3/17 pts); Cash flow to debt 23% weak (5/15 pts); Maturity wall: 41% of debt due within 3 years (1/6 pts)
2020-12-31          3.84      5.29      319.0      80.35     15  Leverage 3.8× elevated (5/17 pts); Cash flow to debt 18% weak (9/15 pts); Debt to assets 43% elevated (1/9 pts); Maturity wall: 33% of debt due within 3 years (0/6 pts)
2019-12-31          3.72      4.97      950.0       1.24     19  Leverage 3.7× elevated (4/17 pts); Cash flow to debt 17% weak (10/15 pts); Debt to assets 53% elevated (5/9 pts)
2018-12-31          3.54      5.42      750.0      90.12     10  Leverage 3.5× elevated (3/17 pts); Cash flow to debt 24% weak (4/15 pts); Maturity wall: 51% of debt due within 3 years (3/6 pts)
2017-12-31          4.04      5.32      922.0       3.96     12  Leverage 4.0× elevated (6/17 pts); Cash flow to debt 22% weak (6/15 pts)
2016-12-31          7.41      2.71     -412.0       7.56     45  Leverage 7.4× elevated (17/17 pts); Interest coverage 2.7× thin (6/14 pts); Free cash flow negative (-412,000,000, -5% margin, 4/10 pts); Cash flow to debt 3% weak (15/15 pts); Debt to assets 46% elevated (2/9 pts)
2015-12-31          5.48      3.43      478.8       4.18     29  Leverage 5.5× elevated (14/17 pts); Interest coverage 3.4× thin (3/14 pts); Cash flow to debt 20% weak (8/15 pts); Debt to assets 53% elevated (5/9 pts)
2014-12-31          2.55      5.80      621.7       3.48      0  Debt to assets 41% elevated (0/9 pts)
2013-12-31          2.86      5.17      460.7       1.14     10  Cash flow to debt 21% weak (6/15 pts); Debt to assets 50% elevated (4/9 pts)
2012-12-31          2.81      5.51      548.2       1.67      4  Cash flow to debt 26% weak (3/15 pts); Debt to assets 44% elevated (1/9 pts)
2011-12-31          2.28      6.43      504.6       2.45      0  —
2010-12-31          2.51      6.51      265.0       4.41      9  Cash flow to debt 19% weak (9/15 pts)
2009-12-31          2.31      7.65      401.8      N/A        4  Cash flow to debt 25% weak (4/15 pts)
==========================================================================================

  Leverage audit (2025-12-31):
    total_debt: 6,991,000,000  [us-gaap/LongTermDebtAndCapitalLeaseObligations]
    cash: 1,212,000,000  [us-gaap/CashAndCashEquivalentsAtCarryingValue]
    operating_income: 1,128,000,000  [us-gaap/IncomeLossFromContinuingOperationsBeforeIncomeTaxesMinorityInterestAndIncomeLossFromEquityMethodInvestments]
    depreciation: 622,000,000  [us-gaap/DepreciationAndAmortization]
[30/150] BALL     ok   (ok=30 fail=0)
Tracking BCV...
  CIK: 0000009521
  No annual periods found in XBRL data.
[31/150] BCV      ok   (ok=31 fail=0)
Tracking BAX...
  CIK: 0000010456
  Extracting ratios for 23 periods...

==========================================================================================
  BAX — Credit Ratio Summary
==========================================================================================
Period          Leverage  Coverage   FCF ($M)  Liquidity  Score  Alerts
------------------------------------------------------------------------------------------
2025-12-31         11.10      2.32      332.0    1966.00     46  EBITDA margin 6% weak (4/14 pts); Leverage 11.1× elevated (17/17 pts); Interest coverage 2.3× thin (8/14 pts); Cash flow to debt 9% weak (15/15 pts); Debt to assets 47% elevated (2/9 pts)
2024-12-31         11.29      2.48      573.0       0.83     51  EBITDA margin 10% weak (0/14 pts); Leverage 11.3× elevated (17/17 pts); Interest coverage 2.5× thin (7/14 pts); Liquidity 0.83× thin (2/9 pts); Cash flow to debt 7% weak (15/15 pts); Debt to assets 59% elevated (7/9 pts); Maturity wall: 50% of debt due within 3 years (2/6 pts) *** STRESS ***
2023-12-31          6.45      3.23     1034.0      N/A       38  Leverage 6.4× elevated (17/17 pts); Interest coverage 3.2× thin (4/14 pts); Cash flow to debt 12% weak (13/15 pts); Debt to assets 49% elevated (3/9 pts); Maturity wall: 41% of debt due within 3 years (1/6 pts)
2022-12-31        -27.75     -1.30      532.0       5.75     67  EBITDA margin -4% weak (13/14 pts); Leverage rule maxed: negative EBITDA — debt unservable from earnings (17/17 pts); Coverage rule maxed: negative EBITDA — interest uncovered by earnings (14/14 pts); Cash flow to debt 7% weak (15/15 pts); Debt to assets 60% elevated (7/9 pts); Maturity wall: 37% of debt due within 3 years (1/6 pts); Distress escalation: 5 core signals severe (profitability, leverage>5x, coverage<2x, cash_flow_to_debt<30%, debt_to_assets>40%) — score floored at 60 *** STRESS ***
2021-12-31          5.69     12.62     1479.0       9.80     34  Leverage 5.7× elevated (15/17 pts); Cash flow to debt 12% weak (13/15 pts); Debt to assets 54% elevated (5/9 pts); Maturity wall: 35% of debt due within 3 years (1/6 pts)
2020-12-31          1.03     15.94     1159.0      N/A        0  —
2019-12-31          0.58     23.07     1408.0      14.76      0  —
2019-06-30          1.97     21.36      259.0    1462.50     14  Cash flow to debt 12% weak (14/15 pts)
2019-03-31          2.66     23.16      -56.0       2.40     17  Free cash flow negative (-56,000,000, -2% margin, 2/10 pts); Cash flow to debt 3% weak (15/15 pts)
2018-12-31          0.69     25.63     1415.0     916.00      0  —
2018-09-30          0.35     25.64      873.0      N/A        0  —
2018-06-30          0.53     26.15      541.0      N/A        4  Cash flow to debt 24% weak (4/15 pts)
2018-03-31          0.97     28.36      292.0      N/A       13  Cash flow to debt 13% weak (13/15 pts)
2017-12-31          0.06     23.75     1203.0      N/A        0  —
2016-12-31         -0.01     17.12      935.0      N/A        0  —
2015-12-31          2.10      8.27      736.0       1.25      4  Cash flow to debt 25% weak (4/15 pts)
2014-12-31          3.13      9.95     1317.0       3.20      1  Leverage 3.1× elevated (1/17 pts)
2013-12-31          4.74      8.51     1673.0      15.10     10  Leverage 4.7× elevated (10/17 pts)
2012-12-31          0.73     31.87     1945.0     121.11      0  —
2011-12-31          0.58     37.82     1857.0      11.35      0  —
2010-12-31          0.65     22.39     2040.0     179.00      0  —
2009-12-31          0.19     28.82     1895.0      96.07      0  —
2008-12-31          0.40     20.90     1561.0       5.49      0  —
==========================================================================================

  Leverage audit (2025-12-31):
    total_debt: 9,438,000,000  [us-gaap/LongTermDebt]
    cash: 1,966,000,000  [us-gaap/CashAndCashEquivalentsAtCarryingValue]
    operating_income: -308,000,000  [us-gaap/OperatingIncomeLoss]
    depreciation: 981,000,000  [us-gaap/DepreciationDepletionAndAmortization]
[32/150] BAX      ok   (ok=32 fail=0)
Tracking BDX...
  CIK: 0000010795
  Extracting ratios for 18 periods...

==========================================================================================
  BDX — Credit Ratio Summary
==========================================================================================
Period          Leverage  Coverage   FCF ($M)  Liquidity  Score  Alerts
------------------------------------------------------------------------------------------
2025-09-30          3.37      8.22     2670.0       0.41     23  Leverage 3.4× elevated (2/17 pts); Liquidity 0.41× thin (7/9 pts); Cash flow to debt 18% weak (9/15 pts); Maturity wall: 68% of debt due within 3 years (4/6 pts)
2024-09-30          3.46      8.87     3119.0       0.79     17  Leverage 3.5× elevated (3/17 pts); Liquidity 0.79× thin (2/9 pts); Cash flow to debt 19% weak (8/15 pts); Maturity wall: 59% of debt due within 3 years (4/6 pts)
2023-09-30          3.03      9.73     2116.0       1.24     11  Leverage 3.0× elevated (0/17 pts); Cash flow to debt 19% weak (8/15 pts); Maturity wall: 49% of debt due within 3 years (2/6 pts)
2022-09-30          2.86     11.33     1498.0       0.46     20  Liquidity 0.46× thin (6/9 pts); Cash flow to debt 15% weak (11/15 pts); Maturity wall: 52% of debt due within 3 years (3/6 pts)
2021-09-30          2.92     10.81     3416.0       4.57      6  Cash flow to debt 26% weak (3/15 pts); Maturity wall: 60% of debt due within 3 years (4/6 pts)
2020-09-30          3.96      6.89     2729.0       4.00     17  Leverage 4.0× elevated (5/17 pts); Cash flow to debt 20% weak (8/15 pts); Maturity wall: 64% of debt due within 3 years (4/6 pts)
2019-09-30          4.37      6.28     2373.0       0.41     28  Leverage 4.4× elevated (8/17 pts); Liquidity 0.41× thin (7/9 pts); Cash flow to debt 17% weak (10/15 pts); Maturity wall: 61% of debt due within 3 years (4/6 pts)
2018-09-30          5.11      4.92     1970.0       0.44     35  Leverage 5.1× elevated (12/17 pts); Liquidity 0.44× thin (7/9 pts); Cash flow to debt 13% weak (12/15 pts); Maturity wall: 60% of debt due within 3 years (4/6 pts)
2017-09-30          1.75      4.93     1823.0      69.85     19  Cash flow to debt 14% weak (12/15 pts); Debt to assets 50% elevated (4/9 pts); Maturity wall: 54% of debt due within 3 years (3/6 pts)
2016-09-30          3.54      6.56     1866.0       1.54     15  Leverage 3.5× elevated (3/17 pts); Cash flow to debt 22% weak (6/15 pts); Debt to assets 45% elevated (2/9 pts); Maturity wall: 64% of debt due within 3 years (4/6 pts)
2015-09-30          5.06      5.30     1134.0       1.89     28  Leverage 5.1× elevated (12/17 pts); Cash flow to debt 14% weak (12/15 pts); Debt to assets 45% elevated (2/9 pts); Maturity wall: 55% of debt due within 3 years (3/6 pts)
2014-09-30          0.88     16.06     1154.0      N/A        1  Maturity wall: 42% of debt due within 3 years (1/6 pts)
2013-09-30          1.04     13.04     1195.0       9.13      0  —
2012-09-30          1.01     15.36     1205.9       8.27      6  Maturity wall: 100% of debt due within 3 years (6/6 pts)
2011-09-30          0.58     26.99     1197.1   53421.91      6  Maturity wall: 100% of debt due within 3 years (6/6 pts)
2010-09-30          0.13     42.50     1121.7   39225.45      6  Maturity wall: 100% of debt due within 3 years (6/6 pts)
2009-09-30          0.04     52.50     1100.4       6.97      0  —
2008-09-30         N/A       55.42     1062.8       4.13      0  —
==========================================================================================

  Leverage audit (2025-09-30):
    total_debt: 17,621,000,000  [us-gaap/LongTermDebtNoncurrent]
    cash: 641,000,000  [us-gaap/CashAndCashEquivalentsAtCarryingValue]
    operating_income: 2,579,000,000  [us-gaap/OperatingIncomeLoss]
    depreciation: 2,462,000,000  [us-gaap/DepreciationDepletionAndAmortization]
[33/150] BDX      ok   (ok=33 fail=0)
Tracking WRB...
  CIK: 0000011544
  Extracting ratios for 17 periods...

==========================================================================================
  WRB — Credit Ratio Summary
==========================================================================================
Period          Leverage  Coverage   FCF ($M)  Liquidity  Score  Alerts
------------------------------------------------------------------------------------------
2025-12-31         N/A       17.59        N/A      N/A        0  —
2024-12-31         N/A       16.50        N/A      N/A        0  —
2023-12-31         N/A       13.60        N/A      N/A        0  —
2022-12-31         N/A       13.62        N/A      N/A        0  —
2021-12-31         N/A        9.60        N/A      N/A        0  —
2020-12-31         N/A        5.58        N/A      N/A        0  —
2019-12-31         N/A        6.30     1083.3      N/A        0  —
2018-12-31         N/A        6.00      570.3      N/A        0  —
2017-12-31         N/A        6.01      595.2      N/A        0  —
2016-12-31         N/A        6.97      797.5      N/A        0  —
2015-12-31         N/A        6.24      817.7      N/A        0  —
2014-12-31         N/A        8.12      692.9      N/A        0  —
2013-12-31         N/A        6.51      756.6      N/A        0  —
2012-12-31          1.20      6.38      634.9      N/A        0  —
2011-12-31          0.98      5.34      625.0      N/A        0  —
2010-12-31         N/A       N/A        401.7      N/A        0  —
2009-12-31         N/A       N/A        285.6      N/A        0  —
==========================================================================================
[34/150] WRB      ok   (ok=34 fail=0)
Tracking BIO...
  CIK: 0000012208
  Extracting ratios for 17 periods...

==========================================================================================
  BIO — Credit Ratio Summary
==========================================================================================
Period          Leverage  Coverage   FCF ($M)  Liquidity  Score  Alerts
------------------------------------------------------------------------------------------
2025-12-31          3.17      4.34      374.6     407.54      3  EBITDA margin 8% weak (2/14 pts); Leverage 3.2× elevated (1/17 pts); Maturity wall: 33% of debt due within 3 years (0/6 pts)
2024-12-31          1.72      8.60      289.6     406.75      0  Maturity wall: 33% of debt due within 3 years (0/6 pts)
2023-12-31          1.67      9.78      218.3     830.90      0  —
2022-12-31          1.23     16.26       81.7     933.80     10  Cash flow to debt 16% weak (10/15 pts)
2021-12-31         -0.74    401.82      535.7     962.75      0  —
2020-12-31         -1.18     25.12      476.4     368.30      0  —
2019-12-31         -1.78     15.54      359.4       1.55      6  Maturity wall: 98% of debt due within 3 years (6/6 pts)
2018-12-31          0.21      1.45      155.7     875.31     26  EBITDA margin 2% weak (8/14 pts); Interest coverage 1.5× thin (12/14 pts); Maturity wall: 97% of debt due within 3 years (6/6 pts)
2017-12-31          0.19     12.11       -7.4     913.87     11  Free cash flow negative (-7,447,000, -0% margin, 0/10 pts); Cash flow to debt 24% weak (5/15 pts); Maturity wall: 98% of debt due within 3 years (6/6 pts)
2016-12-31         -0.11      8.94       75.0    1366.06      0  EBITDA margin 9% weak (0/14 pts)
2015-12-31         -0.07     13.76       74.2    1535.40      0  —
2014-12-31          0.08     13.55      152.3    1559.44      0  —
2013-12-31          0.33      5.17       62.5    1657.76      0  —
2012-12-31          0.69      7.58      126.5    2316.94      0  —
2011-12-31          0.38      7.83      156.9     957.05      0  —
2010-12-31          0.15      6.17      137.5       3.89      8  Cash flow to debt 19% weak (8/15 pts)
2009-12-31          0.26      7.07      257.0       0.88     14  Liquidity 0.88× thin (1/9 pts); Cash flow to debt 22% weak (6/15 pts); Debt to assets 58% elevated (7/9 pts)
==========================================================================================

  Leverage audit (2025-12-31):
    total_debt: 1,203,000,000  [us-gaap/LongTermDebt]
    cash: 529,800,000  [us-gaap/CashAndCashEquivalentsAtCarryingValue]
    operating_income: 47,200,000  [us-gaap/OperatingIncomeLoss]
    depreciation: 165,400,000  [us-gaap/DepreciationDepletionAndAmortization]
[35/150] BIO      ok   (ok=35 fail=0)
Tracking HRB...
  CIK: 0000012659
  Extracting ratios for 18 periods...

==========================================================================================
  HRB — Credit Ratio Summary
==========================================================================================
Period          Leverage  Coverage   FCF ($M)  Liquidity  Score  Alerts
------------------------------------------------------------------------------------------
2025-06-30          0.57     11.50      598.8       2.81     12  Debt to assets 56% elevated (6/9 pts); Maturity wall: 100% of debt due within 3 years (6/6 pts)
2024-06-30          0.50     11.18      657.2      N/A        8  Debt to assets 46% elevated (2/9 pts); Maturity wall: 100% of debt due within 3 years (6/6 pts)
2023-06-30          0.60     11.53      752.1      N/A        9  Debt to assets 48% elevated (3/9 pts); Maturity wall: 100% of debt due within 3 years (6/6 pts)
2022-06-30          0.75      9.08      746.6      N/A        8  Debt to assets 45% elevated (2/9 pts); Maturity wall: 100% of debt due within 3 years (6/6 pts)
2021-06-30          3.77     10.37       29.6      N/A       23  Leverage 3.8× elevated (4/17 pts); Cash flow to debt 2% weak (15/15 pts); Debt to assets 49% elevated (3/9 pts)
2021-04-30          0.67      7.73      573.1      N/A        6  Debt to assets 41% elevated (0/9 pts); Maturity wall: 100% of debt due within 3 years (6/6 pts)
2020-04-30          5.02      1.73       27.3       4.10     50  EBITDA margin 6% weak (4/14 pts); Leverage 5.0× elevated (11/17 pts); Interest coverage 1.7× thin (11/14 pts); Cash flow to debt 3% weak (15/15 pts); Debt to assets 81% elevated (9/9 pts)
2019-04-30         -0.11      8.18      511.0      N/A        4  Debt to assets 45% elevated (2/9 pts); Maturity wall: 43% of debt due within 3 years (2/6 pts)
2018-04-30         -0.06      9.53      751.4    1505.79      4  Debt to assets 48% elevated (3/9 pts); Maturity wall: 43% of debt due within 3 years (2/6 pts)
2017-04-30          0.59      8.73      460.8    1030.92      6  Debt to assets 55% elevated (6/9 pts)
2016-04-30          0.82     10.78      432.5    1085.72      4  Debt to assets 53% elevated (4/9 pts)
2015-04-30         -1.66     19.65      503.4    2540.75      0  —
2014-04-30         -1.46     15.31      662.6       5.45      2  Maturity wall: 44% of debt due within 3 years (2/6 pts)
2013-04-30         -1.07      9.87      383.9    2420.48      2  Maturity wall: 44% of debt due within 3 years (2/6 pts)
2012-04-30         -1.35      7.27      279.6       3.08     12  Cash flow to debt 22% weak (6/15 pts); Maturity wall: 99% of debt due within 3 years (6/6 pts)
2011-04-30         -0.85      7.84      449.5   -3012.29     13  Liquidity -3012.29× thin (9/9 pts); Maturity wall: 60% of debt due within 3 years (4/6 pts)
2010-04-30         -0.91      9.36      497.0     489.17      0  —
2009-04-30         -0.65      9.40      926.6     188.42      0  —
==========================================================================================

  Leverage audit (2025-06-30):
    total_debt: 1,493,198,000  [us-gaap/LongTermDebt]
    cash: 983,277,000  [us-gaap/CashAndCashEquivalentsAtCarryingValue]
    operating_income: 781,403,000  [us-gaap/IncomeLossFromContinuingOperationsBeforeIncomeTaxesExtraordinaryItemsNoncontrollingInterest]
    depreciation: 116,827,000  [us-gaap/DepreciationDepletionAndAmortization]
[36/150] HRB      ok   (ok=36 fail=0)
Tracking NSARO...
  CIK: 0000013372
  Extracting ratios for 2 periods...

==========================================================================================
  NSARO — Credit Ratio Summary
==========================================================================================
Period          Leverage  Coverage   FCF ($M)  Liquidity  Score  Alerts
------------------------------------------------------------------------------------------
2011-12-31          1.63     10.96      339.9       0.07      9  Liquidity 0.07× thin (9/9 pts)
2010-12-31          2.27     10.73      247.4       0.04     10  Liquidity 0.04× thin (9/9 pts); Cash flow to debt 28% weak (1/15 pts)
==========================================================================================

  Leverage audit (2011-12-31):
    total_debt: 1,243,207,000  [us-gaap/LongTermDebtNoncurrent]
    cash: 9,373,000  [us-gaap/CashAndCashEquivalentsAtCarryingValue]
    operating_income: 486,662,000  [us-gaap/OperatingIncomeLoss]
    depreciation: 272,122,000  [us-gaap/DepreciationAndAmortization]
[37/150] NSARO    ok   (ok=37 fail=0)
Tracking BMY...
  CIK: 0000014272
  Extracting ratios for 48 periods...

==========================================================================================
  BMY — Credit Ratio Summary
==========================================================================================
Period          Leverage  Coverage   FCF ($M)  Liquidity  Score  Alerts
------------------------------------------------------------------------------------------
2025-12-31          2.60      6.35    12845.0       4.52      7  Debt to assets 52% elevated (4/9 pts); Maturity wall: 51% of debt due within 3 years (3/6 pts)
2024-12-31         32.01      0.68    13942.0       5.06     48  EBITDA margin 3% weak (7/14 pts); Leverage 32.0× elevated (17/17 pts); Interest coverage 0.7× thin (14/14 pts); Cash flow to debt 30% weak (0/15 pts); Debt to assets 56% elevated (6/9 pts); Maturity wall: 59% of debt due within 3 years (4/6 pts)
2023-12-31          1.54     15.61    12651.0       3.68      6  Debt to assets 45% elevated (2/9 pts); Maturity wall: 66% of debt due within 3 years (4/6 pts)
2022-12-31          1.66     14.60    11948.0       2.14      2  Debt to assets 45% elevated (2/9 pts)
2021-12-31          1.62     14.08    15234.0       2.83      6  Debt to assets 45% elevated (2/9 pts); Maturity wall: 65% of debt due within 3 years (4/6 pts)
2020-12-31         10.20      2.47    13299.0       6.22     30  EBITDA margin 8% weak (2/14 pts); Leverage 10.2× elevated (17/17 pts); Interest coverage 2.5× thin (7/14 pts); Cash flow to debt 27% weak (2/15 pts); Debt to assets 44% elevated (2/9 pts)
2020-09-30          2.23     10.58     9912.0       5.42      6  Cash flow to debt 22% weak (6/15 pts)
2020-06-30          4.12      8.84     7846.0       4.14     17  Leverage 4.1× elevated (6/17 pts); Cash flow to debt 16% weak (10/15 pts)
2020-03-31         13.94      6.00     3708.0       4.10     32  Leverage 13.9× elevated (17/17 pts); Cash flow to debt 8% weak (15/15 pts)
2019-12-31          5.03     10.25     7231.0       3.69     22  Leverage 5.0× elevated (12/17 pts); Cash flow to debt 16% weak (10/15 pts)
2019-09-30         -1.09     14.89     5444.0      53.58      6  Cash flow to debt 24% weak (4/15 pts); Debt to assets 43% elevated (1/9 pts)
2019-06-30         -0.97     24.37     3078.0      52.12     14  Cash flow to debt 14% weak (12/15 pts); Debt to assets 45% elevated (2/9 pts)
2019-03-31         -0.79     47.76     1186.0      19.25      5  Cash flow to debt 23% weak (5/15 pts)
2018-12-31         -0.00     36.09     4989.0       4.06      0  —
2018-09-30          0.06     36.50     2850.0      17.33      0  —
2018-06-30          0.26     28.53     1795.0      14.20      0  —
2018-03-31          0.23     41.78      936.0      11.66      8  Cash flow to debt 19% weak (8/15 pts)
2017-12-31          0.26     30.20     4220.0      10.59      0  —
2017-09-30          0.47     34.66     3357.0       7.02      0  —
2017-06-30          0.94     37.67     1906.0       6.24      0  —
2017-03-31          1.55     47.73      570.0       8.73     14  Cash flow to debt 11% weak (14/15 pts)
2016-12-31          0.23     37.71     1635.0       4.27      0  —
2016-09-30          0.47     40.07      578.0       4.58      6  Cash flow to debt 22% weak (6/15 pts)
2016-06-30          1.06     40.29     -478.0      18.93     20  Free cash flow negative (-478,000,000, -5% margin, 5/10 pts); Cash flow to debt 0% weak (15/15 pts)
2016-03-31          2.30     40.00     -628.0      24.94     25  Free cash flow negative (-628,000,000, -14% margin, 10/10 pts); Cash flow to debt -6% weak (15/15 pts)
2015-12-31          1.70     13.33     1012.0      17.16      2  Cash flow to debt 27% weak (2/15 pts)
2015-09-30          0.95     19.77      686.0       6.19     10  Cash flow to debt 17% weak (10/15 pts)
2015-06-30          1.43     16.95      396.0       5.56     15  Cash flow to debt 9% weak (15/15 pts)
2015-03-31          0.54     30.43      490.0      19.07     15  Cash flow to debt 8% weak (15/15 pts)
2014-12-31          0.59     14.03     2622.0       9.44      0  —
2014-09-30          0.86     18.70     2241.0      12.10      0  —
2014-06-30          1.83     16.85     1445.0      11.73      6  Cash flow to debt 22% weak (6/15 pts)
2014-03-31          1.91     20.78      499.0      18.59     15  Cash flow to debt 8% weak (15/15 pts)
2013-12-31          1.20     18.36     3008.0       9.99      0  —
2013-09-30          1.84     17.84     1798.0       2.60      0  Cash flow to debt 29% weak (0/15 pts)
2013-06-30          3.30     16.06      869.0       2.38     14  Leverage 3.3× elevated (2/17 pts); Cash flow to debt 14% weak (12/15 pts)
2013-03-31          6.57     17.74     -543.0       0.99     42  Leverage 6.6× elevated (17/17 pts); Free cash flow negative (-543,000,000, -14% margin, 10/10 pts); Liquidity 0.99× thin (0/9 pts); Cash flow to debt -5% weak (15/15 pts)
2012-12-31          1.85     16.60     6393.0       2.00      0  —
2012-09-30          2.48     17.63     5732.0       2.00      0  —
2012-06-30          0.71     40.64     1285.0      11.87      2  Cash flow to debt 28% weak (2/15 pts)
2012-03-31          1.92     36.69      264.0      15.91     15  Cash flow to debt 7% weak (15/15 pts)
2011-12-31         -0.05     52.48     4473.0      50.23      0  —
2011-09-30          0.16     56.98     3039.0      24.57      0  —
2011-06-30          0.44     60.08     1425.0      19.60      1  Cash flow to debt 29% weak (1/15 pts)
2011-03-31          1.33     45.32      406.0      25.22     15  Cash flow to debt 9% weak (15/15 pts)
2010-12-31          0.04     46.06     4067.0      43.02      0  —
2009-12-31         -0.26     32.99     3335.0      33.26      0  —
2008-12-31         -0.26     17.22     2766.0      51.79      0  —
==========================================================================================

  Leverage audit (2025-12-31):
    total_debt: 44,827,000,000  [us-gaap/LongTermDebt]
    cash: 10,209,000,000  [us-gaap/CashAndCashEquivalentsAtCarryingValue]
    operating_income: 9,328,000,000  [us-gaap/IncomeLossFromContinuingOperationsBeforeIncomeTaxesExtraordinaryItemsNoncontrollingInterest]
    depreciation: 4,011,000,000  [us-gaap/DepreciationDepletionAndAmortization]
[38/150] BMY      ok   (ok=38 fail=0)
Tracking CAL...
  CIK: 0000014707
  Extracting ratios for 16 periods...

==========================================================================================
  CAL — Credit Ratio Summary
==========================================================================================
Period          Leverage  Coverage   FCF ($M)  Liquidity  Score  Alerts
------------------------------------------------------------------------------------------
2026-01-31         N/A        3.09       39.4       0.10     21  EBITDA margin 2% weak (8/14 pts); Interest coverage 3.1× thin (4/14 pts); Liquidity 0.10× thin (9/9 pts)
2025-02-01         N/A       14.62       55.4       0.14     12  EBITDA margin 7% weak (3/14 pts); Liquidity 0.14× thin (9/9 pts)
2024-02-03         N/A       12.58      155.6       0.12     10  EBITDA margin 9% weak (1/14 pts); Liquidity 0.12× thin (9/9 pts)
2023-01-28         N/A       21.07       70.0       0.11     10  EBITDA margin 9% weak (1/14 pts); Liquidity 0.11× thin (9/9 pts)
2022-01-29         -0.12     N/A        150.0      N/A        1  EBITDA margin 9% weak (1/14 pts)
2021-01-30         -0.26     N/A        109.6      N/A       45  EBITDA margin -20% weak (14/14 pts); Leverage rule maxed: negative EBITDA — debt unservable from earnings (17/17 pts); Coverage rule maxed: negative EBITDA — interest uncovered by earnings (14/14 pts)
2020-02-01          0.90     N/A        126.3       0.16     13  EBITDA margin 6% weak (4/14 pts); Liquidity 0.16× thin (9/9 pts)
2019-02-02          2.66      3.45       67.1       0.09     16  Interest coverage 3.5× thin (3/14 pts); Liquidity 0.09× thin (9/9 pts); Cash flow to debt 24% weak (4/15 pts)
2018-02-03          0.65     11.28      146.7      N/A        0  —
2017-01-28          1.51     11.06      133.1       0.50      6  Liquidity 0.50× thin (6/9 pts)
2016-01-30          0.42     11.25       75.7      N/A        0  —
2015-01-31         N/A        8.68       73.9      N/A        3  EBITDA margin 7% weak (3/14 pts)
2014-02-01         N/A        7.24       60.1      11.79      4  EBITDA margin 6% weak (4/14 pts)
2013-02-02         N/A        5.09      142.1       0.65      9  EBITDA margin 5% weak (5/14 pts); Liquidity 0.65× thin (4/9 pts)
2012-01-28         N/A        3.71       20.2       0.24     16  EBITDA margin 4% weak (6/14 pts); Interest coverage 3.7× thin (1/14 pts); Liquidity 0.24× thin (9/9 pts)
2011-01-29         N/A        6.37      -33.1       0.64     10  EBITDA margin 5% weak (5/14 pts); Free cash flow negative (-33,093,000, -1% margin, 1/10 pts); Liquidity 0.64× thin (4/9 pts)
==========================================================================================
[39/150] CAL      ok   (ok=39 fail=0)
Tracking BRT...
  CIK: 0000014846
  Extracting ratios for 22 periods...

==========================================================================================
  BRT — Credit Ratio Summary
==========================================================================================
Period          Leverage  Coverage   FCF ($M)  Liquidity  Score  Alerts
------------------------------------------------------------------------------------------
2025-12-31         34.76      0.63        6.6      N/A       60  Leverage 34.8× elevated (17/17 pts); Interest coverage 0.6× thin (14/14 pts); Cash flow to debt 3% weak (15/15 pts); Debt to assets 72% elevated (9/9 pts); Distress escalation: 4 core signals severe (leverage>5x, coverage<2x, cash_flow_to_debt<30%, debt_to_assets>40%) — score floored at 60 *** STRESS ***
2024-12-31         33.48      0.65       18.0      N/A       60  Leverage 33.5× elevated (17/17 pts); Interest coverage 0.7× thin (14/14 pts); Cash flow to debt 5% weak (15/15 pts); Debt to assets 68% elevated (9/9 pts); Distress escalation: 4 core signals severe (leverage>5x, coverage<2x, cash_flow_to_debt<30%, debt_to_assets>40%) — score floored at 60 *** STRESS ***
2023-12-31         30.70      0.70       10.0      N/A       60  Leverage 30.7× elevated (17/17 pts); Interest coverage 0.7× thin (14/14 pts); Cash flow to debt 4% weak (15/15 pts); Debt to assets 65% elevated (9/9 pts); Distress escalation: 4 core signals severe (leverage>5x, coverage<2x, cash_flow_to_debt<30%, debt_to_assets>40%) — score floored at 60 *** STRESS ***
2022-12-31         44.81      0.70        8.7      N/A       60  Leverage 44.8× elevated (17/17 pts); Interest coverage 0.7× thin (14/14 pts); Cash flow to debt 3% weak (15/15 pts); Debt to assets 63% elevated (8/9 pts); Distress escalation: 4 core signals severe (leverage>5x, coverage<2x, cash_flow_to_debt<30%, debt_to_assets>40%) — score floored at 60 *** STRESS ***
2021-12-31       -100.17     -0.31       -1.8      N/A       70  EBITDA margin -6% weak (14/14 pts); Leverage rule maxed: negative EBITDA — debt unservable from earnings (17/17 pts); Coverage rule maxed: negative EBITDA — interest uncovered by earnings (14/14 pts); Free cash flow negative (-1,837,000, -6% margin, 6/10 pts); Cash flow to debt -0% weak (15/15 pts); Debt to assets 52% elevated (4/9 pts); Distress escalation: 4 core signals severe (profitability, leverage>5x, coverage<2x, cash_flow_to_debt<30%) — score floored at 60 *** STRESS ***
2020-12-31        -21.98     -0.98       -2.6      N/A       72  EBITDA margin -24% weak (14/14 pts); Leverage rule maxed: negative EBITDA — debt unservable from earnings (17/17 pts); Coverage rule maxed: negative EBITDA — interest uncovered by earnings (14/14 pts); Free cash flow negative (-2,642,000, -9% margin, 9/10 pts); Cash flow to debt -1% weak (15/15 pts); Debt to assets 46% elevated (2/9 pts); Distress escalation: 5 core signals severe (profitability, leverage>5x, coverage<2x, cash_flow_to_debt<30%, fcf_negative) — score floored at 60 *** STRESS ***
2019-12-31        -60.04     -0.33        7.1      N/A       61  EBITDA margin -9% weak (14/14 pts); Leverage rule maxed: negative EBITDA — debt unservable from earnings (17/17 pts); Coverage rule maxed: negative EBITDA — interest uncovered by earnings (14/14 pts); Cash flow to debt 5% weak (15/15 pts); Debt to assets 44% elevated (1/9 pts); Distress escalation: 4 core signals severe (profitability, leverage>5x, coverage<2x, cash_flow_to_debt<30%) — score floored at 60 *** STRESS ***
2019-09-30         57.40      0.56      -55.7      N/A       65  Leverage 57.4× elevated (17/17 pts); Interest coverage 0.6× thin (14/14 pts); Free cash flow negative (-55,673,000, -57% margin, 10/10 pts); Cash flow to debt 3% weak (15/15 pts); Debt to assets 74% elevated (9/9 pts); Distress escalation: 5 core signals severe (leverage>5x, coverage<2x, cash_flow_to_debt<30%, fcf_negative, debt_to_assets>40%) — score floored at 60 *** STRESS ***
2019-06-30         90.97      0.53      -41.6      N/A       65  Leverage 91.0× elevated (17/17 pts); Interest coverage 0.5× thin (14/14 pts); Free cash flow negative (-41,560,000, -65% margin, 10/10 pts); Cash flow to debt 2% weak (15/15 pts); Debt to assets 74% elevated (9/9 pts); Distress escalation: 5 core signals severe (leverage>5x, coverage<2x, cash_flow_to_debt<30%, fcf_negative, debt_to_assets>40%) — score floored at 60 *** STRESS ***
2019-03-31        171.14      0.55        1.6      N/A       60  Leverage 171.1× elevated (17/17 pts); Interest coverage 0.5× thin (14/14 pts); Cash flow to debt 1% weak (15/15 pts); Debt to assets 73% elevated (9/9 pts); Distress escalation: 4 core signals severe (leverage>5x, coverage<2x, cash_flow_to_debt<30%, debt_to_assets>40%) — score floored at 60 *** STRESS ***
2018-12-31       -251.44     -0.50       27.0      N/A       69  EBITDA margin -13% weak (14/14 pts); Leverage rule maxed: negative EBITDA — debt unservable from earnings (17/17 pts); Coverage rule maxed: negative EBITDA — interest uncovered by earnings (14/14 pts); Cash flow to debt 3% weak (15/15 pts); Debt to assets 72% elevated (9/9 pts); Distress escalation: 5 core signals severe (profitability, leverage>5x, coverage<2x, cash_flow_to_debt<30%, debt_to_assets>40%) — score floored at 60 *** STRESS ***
2018-09-30         43.66      0.56     -149.4      N/A       65  Leverage 43.7× elevated (17/17 pts); Interest coverage 0.6× thin (14/14 pts); Free cash flow negative (-149,352,000, -125% margin, 10/10 pts); Cash flow to debt 5% weak (15/15 pts); Debt to assets 72% elevated (9/9 pts); Distress escalation: 5 core signals severe (leverage>5x, coverage<2x, cash_flow_to_debt<30%, fcf_negative, debt_to_assets>40%) — score floored at 60 *** STRESS ***
2018-06-30         58.84      0.58     -147.5      N/A       65  Leverage 58.8× elevated (17/17 pts); Interest coverage 0.6× thin (14/14 pts); Free cash flow negative (-147,531,000, -167% margin, 10/10 pts); Cash flow to debt 4% weak (15/15 pts); Debt to assets 72% elevated (9/9 pts); Distress escalation: 5 core signals severe (leverage>5x, coverage<2x, cash_flow_to_debt<30%, fcf_negative, debt_to_assets>40%) — score floored at 60 *** STRESS ***
2018-03-31         82.68      0.57     -105.9      N/A       65  Leverage 82.7× elevated (17/17 pts); Interest coverage 0.6× thin (14/14 pts); Free cash flow negative (-105,927,000, -183% margin, 10/10 pts); Cash flow to debt 3% weak (15/15 pts); Debt to assets 72% elevated (9/9 pts); Distress escalation: 5 core signals severe (leverage>5x, coverage<2x, cash_flow_to_debt<30%, fcf_negative, debt_to_assets>40%) — score floored at 60 *** STRESS ***
2017-09-30         39.72      0.67     -215.3      N/A       65  Leverage 39.7× elevated (17/17 pts); Interest coverage 0.7× thin (14/14 pts); Free cash flow negative (-215,263,000, -204% margin, 10/10 pts); Cash flow to debt 2% weak (15/15 pts); Debt to assets 74% elevated (9/9 pts); Distress escalation: 5 core signals severe (leverage>5x, coverage<2x, cash_flow_to_debt<30%, fcf_negative, debt_to_assets>40%) — score floored at 60 *** STRESS ***
2016-09-30         38.69      0.58     -292.5      N/A       65  Leverage 38.7× elevated (17/17 pts); Interest coverage 0.6× thin (14/14 pts); Free cash flow negative (-292,548,000, -310% margin, 10/10 pts); Cash flow to debt 2% weak (15/15 pts); Debt to assets 75% elevated (9/9 pts); Distress escalation: 5 core signals severe (leverage>5x, coverage<2x, cash_flow_to_debt<30%, fcf_negative, debt_to_assets>40%) — score floored at 60 *** STRESS ***
2015-09-30         95.72      0.26      -75.9      N/A       67  EBITDA margin 8% weak (2/14 pts); Leverage 95.7× elevated (17/17 pts); Interest coverage 0.3× thin (14/14 pts); Free cash flow negative (-75,888,000, -92% margin, 10/10 pts); Cash flow to debt 1% weak (15/15 pts); Debt to assets 75% elevated (9/9 pts); Distress escalation: 5 core signals severe (leverage>5x, coverage<2x, cash_flow_to_debt<30%, fcf_negative, debt_to_assets>40%) — score floored at 60 *** STRESS ***
2014-09-30      -9932.50     -0.00     -210.1      N/A       74  EBITDA margin -0% weak (9/14 pts); Leverage rule maxed: negative EBITDA — debt unservable from earnings (17/17 pts); Coverage rule maxed: negative EBITDA — interest uncovered by earnings (14/14 pts); Free cash flow negative (-210,055,000, -316% margin, 10/10 pts); Cash flow to debt -1% weak (15/15 pts); Debt to assets 71% elevated (9/9 pts); Distress escalation: 5 core signals severe (leverage>5x, coverage<2x, cash_flow_to_debt<30%, fcf_negative, debt_to_assets>40%) — score floored at 60 *** STRESS ***
2013-09-30         75.93      0.36     -184.7      N/A       66  EBITDA margin 9% weak (1/14 pts); Leverage 75.9× elevated (17/17 pts); Interest coverage 0.4× thin (14/14 pts); Free cash flow negative (-184,687,000, -431% margin, 10/10 pts); Cash flow to debt 0% weak (15/15 pts); Debt to assets 64% elevated (9/9 pts); Distress escalation: 5 core signals severe (leverage>5x, coverage<2x, cash_flow_to_debt<30%, fcf_negative, debt_to_assets>40%) — score floored at 60 *** STRESS ***
2012-09-30       -115.19     -0.16      -22.0      N/A       75  EBITDA margin -6% weak (14/14 pts); Leverage rule maxed: negative EBITDA — debt unservable from earnings (17/17 pts); Coverage rule maxed: negative EBITDA — interest uncovered by earnings (14/14 pts); Free cash flow negative (-21,984,000, -112% margin, 10/10 pts); Cash flow to debt -4% weak (15/15 pts); Debt to assets 54% elevated (5/9 pts); Distress escalation: 5 core signals severe (profitability, leverage>5x, coverage<2x, cash_flow_to_debt<30%, fcf_negative) — score floored at 60 *** STRESS ***
2011-09-30          1.56      2.80       -2.2      N/A       31  Interest coverage 2.8× thin (6/14 pts); Free cash flow negative (-2,163,000, -12% margin, 10/10 pts); Cash flow to debt 3% weak (15/15 pts)
2010-09-30          4.26     -5.09       -9.8      N/A       70  EBITDA margin -133% weak (14/14 pts); Leverage rule maxed: negative EBITDA — debt unservable from earnings (17/17 pts); Coverage rule maxed: negative EBITDA — interest uncovered by earnings (14/14 pts); Free cash flow negative (-9,834,000, -121% margin, 10/10 pts); Cash flow to debt -46% weak (15/15 pts); Distress escalation: 5 core signals severe (profitability, leverage>5x, coverage<2x, cash_flow_to_debt<30%, fcf_negative) — score floored at 60 *** STRESS ***
==========================================================================================

  Leverage audit (2025-12-31):
    total_debt: 508,266,000  [us-gaap/LongTermDebtAndCapitalLeaseObligationsIncludingCurrentMaturities]
    cash: 25,138,000  [us-gaap/CashAndCashEquivalentsAtCarryingValue]
    operating_income: -12,496,000  [us-gaap/OperatingIncomeLoss]
    depreciation: 26,396,000  [us-gaap/DepreciationDepletionAndAmortization]
[40/150] BRT      ok   (ok=40 fail=0)
Tracking BC...
  CIK: 0000014930
  Extracting ratios for 16 periods...

==========================================================================================
  BC — Credit Ratio Summary
==========================================================================================
Period          Leverage  Coverage   FCF ($M)  Liquidity  Score  Alerts
------------------------------------------------------------------------------------------
2025-12-31          7.40      2.25      396.3       0.87     39  EBITDA margin 5% weak (5/14 pts); Leverage 7.4× elevated (17/17 pts); Interest coverage 2.3× thin (8/14 pts); Liquidity 0.87× thin (2/9 pts); Cash flow to debt 23% weak (5/15 pts); Debt to assets 45% elevated (2/9 pts)
2024-12-31          3.51      4.74      264.0       1.11     15  Leverage 3.5× elevated (3/17 pts); Cash flow to debt 16% weak (10/15 pts); Debt to assets 46% elevated (2/9 pts)
2023-12-31          1.98      8.97      444.3       1.03      6  Cash flow to debt 25% weak (4/15 pts); Debt to assets 47% elevated (2/9 pts)
2022-12-31          1.65     12.02      197.8       6.69      6  Cash flow to debt 22% weak (6/15 pts); Debt to assets 42% elevated (1/9 pts)
2021-12-31          1.50     15.04      306.9       9.48      0  Maturity wall: 32% of debt due within 3 years (0/6 pts)
2020-12-31          0.62     10.29      615.9      12.06      0  —
2019-12-31          1.29      8.02      201.6       7.76      0  —
2018-12-31          1.79     11.23      143.6       7.13      3  Cash flow to debt 27% weak (2/15 pts); Maturity wall: 34% of debt due within 3 years (0/6 pts)
2017-12-31         -0.03     17.16      211.0      80.14      1  EBITDA margin 9% weak (1/14 pts)
2016-12-31          0.04     18.65      228.0      71.59      0  —
2015-12-31         -0.50     15.13      191.0     109.55      0  —
2014-12-31         -0.24     13.75      111.8     100.49      0  —
2013-12-31          0.26      8.92       22.0      55.70      0  —
2012-12-31          0.81      5.20       45.5      43.74      2  EBITDA margin 10% weak (0/14 pts); Cash flow to debt 28% weak (2/15 pts)
2011-12-31          1.19      3.63       -0.9     225.47     16  EBITDA margin 8% weak (2/14 pts); Interest coverage 3.6× thin (2/14 pts); Cash flow to debt 13% weak (13/15 pts)
2010-12-31          1.91      1.54      148.2     324.35     21  EBITDA margin 4% weak (5/14 pts); Interest coverage 1.5× thin (12/14 pts); Cash flow to debt 25% weak (4/15 pts)
==========================================================================================

  Leverage audit (2025-12-31):
    total_debt: 2,120,800,000  [us-gaap/LongTermDebt]
    cash: 256,800,000  [us-gaap/CashAndCashEquivalentsAtCarryingValue]
    operating_income: -40,700,000  [us-gaap/OperatingIncomeLoss]
    depreciation: 292,500,000  [us-gaap/DepreciationDepletionAndAmortization]
[41/150] BC       ok   (ok=41 fail=0)
Tracking MTZ...
  CIK: 0000015615
  Extracting ratios for 19 periods...

==========================================================================================
  MTZ — Credit Ratio Summary
==========================================================================================
Period          Leverage  Coverage   FCF ($M)  Liquidity  Score  Alerts
------------------------------------------------------------------------------------------
2025-12-31          1.89      5.45      530.6      N/A       11  EBITDA margin 7% weak (3/14 pts); Cash flow to debt 25% weak (4/15 pts); Maturity wall: 66% of debt due within 3 years (4/6 pts)
2024-12-31          2.16      3.92     1114.6      N/A        6  EBITDA margin 6% weak (4/14 pts); Interest coverage 3.9× thin (0/14 pts); Maturity wall: 44% of debt due within 3 years (2/6 pts)
2023-12-31          4.53      2.22      682.9      N/A       31  EBITDA margin 4% weak (5/14 pts); Leverage 4.5× elevated (9/17 pts); Interest coverage 2.2× thin (8/14 pts); Cash flow to debt 24% weak (5/15 pts); Maturity wall: 62% of debt due within 3 years (4/6 pts)
2022-12-31          4.87      4.90      338.1      N/A       28  EBITDA margin 6% weak (4/14 pts); Leverage 4.9× elevated (11/17 pts); Cash flow to debt 12% weak (14/15 pts)
2021-12-31          1.78     13.80      775.6      N/A        0  —
2020-12-31          1.02     11.12      923.8      N/A        0  —
2019-12-31          1.66      8.78      545.1      N/A        0  —
2018-12-31          2.24      7.12      526.0      N/A        2  EBITDA margin 8% weak (2/14 pts)
2017-12-31          2.22      9.46      151.5      N/A       15  EBITDA margin 8% weak (1/14 pts); Cash flow to debt 12% weak (13/15 pts)
2016-12-31          2.36      8.19      204.0      N/A        9  EBITDA margin 8% weak (2/14 pts); Cash flow to debt 21% weak (6/15 pts)
2015-12-31          9.23      2.09      364.2      N/A       33  EBITDA margin 2% weak (7/14 pts); Leverage 9.2× elevated (17/17 pts); Interest coverage 2.1× thin (9/14 pts)
2014-12-31          2.94      6.93      318.2      N/A        2  EBITDA margin 8% weak (2/14 pts)
2014-09-30          4.10      6.99       -9.9      N/A       24  EBITDA margin 8% weak (2/14 pts); Leverage 4.1× elevated (6/17 pts); Free cash flow negative (-9,943,000, -0% margin, 0/10 pts); Cash flow to debt 7% weak (15/15 pts)
2014-06-30          7.76      5.90      -12.2      N/A       35  EBITDA margin 7% weak (3/14 pts); Leverage 7.8× elevated (17/17 pts); Free cash flow negative (-12,247,000, -1% margin, 1/10 pts); Cash flow to debt 5% weak (15/15 pts)
2014-03-31         14.85      4.97      -55.9      N/A       41  EBITDA margin 6% weak (4/14 pts); Leverage 14.8× elevated (17/17 pts); Free cash flow negative (-55,948,000, -6% margin, 6/10 pts); Cash flow to debt -2% weak (15/15 pts)
2013-12-31          2.08      8.14       74.1      N/A        5  EBITDA margin 9% weak (1/14 pts); Cash flow to debt 25% weak (4/15 pts)
2012-12-31          2.01      7.55       92.4       1.76      6  EBITDA margin 8% weak (2/14 pts); Cash flow to debt 28% weak (2/15 pts); Maturity wall: 51% of debt due within 3 years (2/6 pts)
2011-12-31          1.90      7.12      -65.9       0.59     27  EBITDA margin 8% weak (2/14 pts); Free cash flow negative (-65,884,000, -2% margin, 2/10 pts); Liquidity 0.59× thin (5/9 pts); Cash flow to debt 1% weak (15/15 pts); Maturity wall: 57% of debt due within 3 years (3/6 pts)
2010-12-31          1.11      7.00      187.6       9.65      1  EBITDA margin 9% weak (1/14 pts)
==========================================================================================

  Leverage audit (2025-12-31):
    total_debt: 2,176,372,000  [us-gaap/LongTermDebtAndCapitalLeaseObligations]
    cash: 396,030,000  [us-gaap/CashAndCashEquivalentsAtCarryingValue]
    operating_income: 515,398,000  [us-gaap/IncomeLossFromContinuingOperationsBeforeIncomeTaxesExtraordinaryItemsNoncontrollingInterest]
    depreciation: 427,100,000  [us-gaap/DepreciationDepletionAndAmortization]
[42/150] MTZ      ok   (ok=42 fail=0)
Tracking CBT...
  CIK: 0000016040
  Extracting ratios for 17 periods...

==========================================================================================
  CBT — Credit Ratio Summary
==========================================================================================
Period          Leverage  Coverage   FCF ($M)  Liquidity  Score  Alerts
------------------------------------------------------------------------------------------
2025-09-30          1.08     10.20      391.0      18.43      1  Maturity wall: 36% of debt due within 3 years (1/6 pts)
2024-09-30          1.11      9.44      451.0       4.96      0  Maturity wall: 34% of debt due within 3 years (0/6 pts)
2023-09-30          1.26      7.44      351.0       1.37      0  —
2022-09-30          1.63      9.55     -111.0       0.59     23  Free cash flow negative (-111,000,000, -3% margin, 3/10 pts); Liquidity 0.59× thin (5/9 pts); Cash flow to debt 7% weak (15/15 pts); Debt to assets 40% elevated (0/9 pts)
2021-09-30          1.45     12.53       62.0       2.33      8  Cash flow to debt 23% weak (6/15 pts); Maturity wall: 47% of debt due within 3 years (2/6 pts)
2020-09-30          5.16      3.38      177.0      10.79     19  EBITDA margin 7% weak (3/14 pts); Leverage 5.2× elevated (12/17 pts); Interest coverage 3.4× thin (3/14 pts); Maturity wall: 34% of debt due within 3 years (0/6 pts)
2019-09-30          1.89      7.69      139.0       5.12      1  Maturity wall: 40% of debt due within 3 years (1/6 pts)
2018-09-30          1.88      5.65       69.0       0.70      4  EBITDA margin 9% weak (1/14 pts); Liquidity 0.70× thin (4/9 pts); Cash flow to debt 30% weak (0/15 pts)
2017-09-30          1.28      9.26      193.0      40.00      0  Maturity wall: 31% of debt due within 3 years (0/6 pts)
2016-09-30          1.72      7.61      280.0      28.57      0  Maturity wall: 31% of debt due within 3 years (0/6 pts)
2015-09-30         -6.57     -2.53      358.0       3.50     48  EBITDA margin -5% weak (14/14 pts); Leverage rule maxed: negative EBITDA — debt unservable from earnings (17/17 pts); Coverage rule maxed: negative EBITDA — interest uncovered by earnings (14/14 pts); Maturity wall: 58% of debt due within 3 years (3/6 pts)
2014-09-30          1.76      9.75      144.0       1.52      1  Cash flow to debt 30% weak (0/15 pts); Maturity wall: 34% of debt due within 3 years (0/6 pts)
2013-09-30          2.07      7.31      155.0       0.36      8  Liquidity 0.36× thin (8/9 pts)
2012-09-30          2.77      9.70      134.0       1.94      1  Cash flow to debt 29% weak (1/15 pts)
2011-09-30          0.86      9.79      -35.0       3.33      4  Free cash flow negative (-35,000,000, -1% margin, 1/10 pts); Cash flow to debt 28% weak (2/15 pts); Maturity wall: 40% of debt due within 3 years (1/6 pts)
2010-09-30          0.60      9.78      141.0      13.34      0  —
2009-09-30          2.80      3.80      293.0      10.48      5  EBITDA margin 5% weak (4/14 pts); Interest coverage 3.8× thin (1/14 pts)
==========================================================================================

  Leverage audit (2025-09-30):
    total_debt: 1,092,000,000  [us-gaap/LongTermDebt]
    cash: 258,000,000  [us-gaap/CashAndCashEquivalentsAtCarryingValue]
    operating_income: 621,000,000  [us-gaap/OperatingIncomeLoss]
    depreciation: 154,000,000  [us-gaap/DepreciationDepletionAndAmortization]
[43/150] CBT      ok   (ok=43 fail=0)
Tracking CACI...
  CIK: 0000016058
  Extracting ratios for 17 periods...

==========================================================================================
  CACI — Credit Ratio Summary
==========================================================================================
Period          Leverage  Coverage   FCF ($M)  Liquidity  Score  Alerts
------------------------------------------------------------------------------------------
2025-06-30          2.93      6.61      542.4       1.54     10  Cash flow to debt 18% weak (9/15 pts); Maturity wall: 41% of debt due within 3 years (1/6 pts)
2024-06-30          1.78      8.47      495.3       2.19      6  Maturity wall: 100% of debt due within 3 years (6/6 pts)
2023-06-30          2.23      8.46      385.0       2.52      6  Cash flow to debt 22% weak (6/15 pts)
2022-06-30          2.56     15.11      743.7       3.75      0  —
2021-06-30          2.48     16.69      591.3       1.88      6  Maturity wall: 100% of debt due within 3 years (6/6 pts)
2020-06-30          2.28     10.14      517.6       2.29      0  EBITDA margin 10% weak (0/14 pts)
2019-06-30          3.44      9.28      547.1       1.54      3  EBITDA margin 9% weak (1/14 pts); Leverage 3.4× elevated (2/17 pts)
2018-06-30          2.41      9.82      324.5       1.41      1  EBITDA margin 9% weak (1/14 pts); Cash flow to debt 29% weak (0/15 pts)
2017-06-30          3.16      7.59      280.6       1.21     14  EBITDA margin 8% weak (1/14 pts); Leverage 3.2× elevated (1/17 pts); Cash flow to debt 22% weak (6/15 pts); Maturity wall: 100% of debt due within 3 years (6/6 pts)
2016-06-30          4.27      8.01      240.4       0.91     20  EBITDA margin 9% weak (1/14 pts); Leverage 4.3× elevated (7/17 pts); Liquidity 0.91× thin (1/9 pts); Cash flow to debt 16% weak (10/15 pts)
2015-06-30          3.42      8.70      221.9       0.91     12  EBITDA margin 9% weak (1/14 pts); Leverage 3.4× elevated (2/17 pts); Liquidity 0.91× thin (1/9 pts); Cash flow to debt 20% weak (7/15 pts)
2014-06-30          3.77      8.45      183.4       1.55     16  EBITDA margin 9% weak (1/14 pts); Leverage 3.8× elevated (4/17 pts); Cash flow to debt 15% weak (11/15 pts)
2013-06-30          1.64     12.58      233.9       0.22     14  EBITDA margin 9% weak (1/14 pts); Liquidity 0.22× thin (9/9 pts); Cash flow to debt 28% weak (2/15 pts); Maturity wall: 54% of debt due within 3 years (3/6 pts)
2012-06-30          1.47     14.76      248.4       2.10      4  EBITDA margin 9% weak (0/14 pts); Maturity wall: 57% of debt due within 3 years (3/6 pts)
2011-06-30          0.80     13.28      211.6      21.98      6  EBITDA margin 9% weak (1/14 pts); Maturity wall: 73% of debt due within 3 years (5/6 pts)
2010-06-30          1.12      9.40      186.8       0.91      6  EBITDA margin 8% weak (2/14 pts); Liquidity 0.91× thin (1/9 pts); Cash flow to debt 26% weak (3/15 pts)
2009-06-30         N/A        7.41      138.5      N/A        1  EBITDA margin 8% weak (1/14 pts)
==========================================================================================

  Leverage audit (2025-06-30):
    total_debt: 2,917,940,000  [us-gaap/LongTermDebt]
    cash: 106,181,000  [us-gaap/CashAndCashEquivalentsAtCarryingValue]
    operating_income: 764,185,000  [us-gaap/OperatingIncomeLoss]
    depreciation: 195,125,000  [us-gaap/DepreciationAndAmortization]
[44/150] CACI     ok   (ok=44 fail=0)
Tracking CPB...
  CIK: 0000016732
  Extracting ratios for 17 periods...

==========================================================================================
  CPB — Credit Ratio Summary
==========================================================================================
Period          Leverage  Coverage   FCF ($M)  Liquidity  Score  Alerts
------------------------------------------------------------------------------------------
2025-08-03          3.83      4.52      705.0       0.33     23  Leverage 3.8× elevated (5/17 pts); Liquidity 0.33× thin (8/9 pts); Cash flow to debt 17% weak (9/15 pts); Debt to assets 44% elevated (1/9 pts)
2024-07-28          4.01      5.67      668.0       0.09     26  Leverage 4.0× elevated (6/17 pts); Liquidity 0.09× thin (9/9 pts); Cash flow to debt 17% weak (10/15 pts); Debt to assets 45% elevated (2/9 pts)
2023-07-30          2.54      9.04      773.0      N/A        3  Cash flow to debt 25% weak (3/15 pts)
2022-07-31          2.59      7.94      939.0       0.19     12  Liquidity 0.19× thin (9/9 pts); Cash flow to debt 26% weak (3/15 pts)
2021-08-01          2.65      8.87      760.0      N/A        8  Cash flow to debt 21% weak (7/15 pts); Debt to assets 43% elevated (1/9 pts)
2020-08-02          2.88      4.16     1097.0       0.93      8  Liquidity 0.93× thin (1/9 pts); Cash flow to debt 24% weak (5/15 pts); Debt to assets 48% elevated (3/9 pts)
2019-07-28          4.96      4.00     1014.0       0.06     35  Leverage 5.0× elevated (11/17 pts); Liquidity 0.06× thin (9/9 pts); Cash flow to debt 18% weak (9/15 pts); Debt to assets 58% elevated (6/9 pts); Maturity wall: 31% of debt due within 3 years (0/6 pts)
2018-07-29          9.70      4.29      898.0       0.38     46  Leverage 9.7× elevated (17/17 pts); Liquidity 0.38× thin (8/9 pts); Cash flow to debt 14% weak (12/15 pts); Debt to assets 63% elevated (8/9 pts); Maturity wall: 39% of debt due within 3 years (1/6 pts)
2017-07-30          1.27     15.34      953.0      N/A        0  —
2016-07-31          1.94     11.03     1122.0       0.67      5  Liquidity 0.67× thin (4/9 pts); Debt to assets 41% elevated (0/9 pts); Maturity wall: 33% of debt due within 3 years (0/6 pts)
2015-08-02          1.64     12.94      802.0      N/A        0  —
2014-08-03          1.54     12.27      552.0       0.77      3  Liquidity 0.77× thin (3/9 pts)
2013-07-28          1.96     11.01      683.0       0.48     12  Liquidity 0.48× thin (6/9 pts); Cash flow to debt 26% weak (3/15 pts); Debt to assets 47% elevated (3/9 pts); Maturity wall: 31% of debt due within 3 years (0/6 pts)
2012-07-29          1.41     12.93      797.0       0.83      4  Liquidity 0.83× thin (2/9 pts); Debt to assets 43% elevated (1/9 pts); Maturity wall: 42% of debt due within 3 years (1/6 pts)
2011-07-31          1.26     12.68      870.0      N/A        0  —
2010-08-01          1.50     14.28      742.0       0.36     12  Liquidity 0.36× thin (8/9 pts); Debt to assets 53% elevated (5/9 pts)
2009-08-02          1.51     13.17      821.0       0.13     10  Liquidity 0.13× thin (9/9 pts); Debt to assets 43% elevated (1/9 pts)
==========================================================================================

  Leverage audit (2025-08-03):
    total_debt: 6,095,000,000  [us-gaap/LongTermDebtAndCapitalLeaseObligations]
    cash: 132,000,000  [us-gaap/CashAndCashEquivalentsAtCarryingValue]
    operating_income: 1,124,000,000  [us-gaap/OperatingIncomeLoss]
    depreciation: 434,000,000  [us-gaap/DepreciationDepletionAndAmortization]
[45/150] CPB      ok   (ok=45 fail=0)
Tracking CNI...
  CIK: 0000016868
  No annual periods found in XBRL data.
[46/150] CNI      ok   (ok=46 fail=0)
Tracking CP...
  CIK: 0000016875
  Extracting ratios for 12 periods...

==========================================================================================
  CP — Credit Ratio Summary
==========================================================================================
Period          Leverage  Coverage   FCF ($M)  Liquidity  Score  Alerts
------------------------------------------------------------------------------------------
2025-12-31          2.59   7628.00     2207.0       0.16     13  Liquidity 0.16× thin (9/9 pts); Cash flow to debt 25% weak (4/15 pts)
2024-12-31          2.69   3539.50     2444.0       0.47     10  Liquidity 0.47× thin (6/9 pts); Cash flow to debt 25% weak (4/15 pts)
2023-12-31          3.18   2965.50     1669.0       0.44     15  Leverage 3.2× elevated (1/17 pts); Liquidity 0.44× thin (7/9 pts); Cash flow to debt 20% weak (7/15 pts)
2022-12-31          4.23   1045.50     2585.0      N/A       12  Leverage 4.2× elevated (7/17 pts); Cash flow to debt 23% weak (5/15 pts)
2021-12-31          4.61      9.01     2156.0      N/A       21  Leverage 4.6× elevated (9/17 pts); Cash flow to debt 20% weak (8/15 pts); Maturity wall: 66% of debt due within 3 years (4/6 pts)
2020-12-31          2.06      8.85     1131.0      N/A        5  Maturity wall: 69% of debt due within 3 years (5/6 pts)
2019-12-31          2.10      8.44     1343.0       0.34     13  Liquidity 0.34× thin (8/9 pts); Maturity wall: 72% of debt due within 3 years (5/6 pts)
2018-12-31          2.30      7.75     1161.0      N/A        2  Maturity wall: 49% of debt due within 3 years (2/6 pts)
2017-12-31          2.05      7.27      842.0      N/A        4  Cash flow to debt 29% weak (0/15 pts); Maturity wall: 61% of debt due within 3 years (4/6 pts)
2016-12-31          2.64      6.82      907.0      N/A       12  Cash flow to debt 24% weak (4/15 pts); Debt to assets 45% elevated (2/9 pts); Maturity wall: 74% of debt due within 3 years (5/6 pts)
2015-12-31          2.52      8.31      937.0      N/A        7  Cash flow to debt 28% weak (2/15 pts); Debt to assets 45% elevated (2/9 pts); Maturity wall: 59% of debt due within 3 years (4/6 pts)
2014-12-31          1.88     10.11      674.0      N/A        2  Maturity wall: 46% of debt due within 3 years (2/6 pts)
==========================================================================================

  Leverage audit (2025-12-31):
    total_debt: 19,948,000,000  [us-gaap/LongTermDebtAndCapitalLeaseObligations]
    cash: 184,000,000  [us-gaap/CashAndCashEquivalentsAtCarryingValue]
    operating_income: 5,609,000,000  [us-gaap/OperatingIncomeLoss]
    depreciation: 2,019,000,000  [us-gaap/DepreciationDepletionAndAmortization]
[47/150] CP       ok   (ok=47 fail=0)
Tracking STZ...
  CIK: 0000016918
  Extracting ratios for 17 periods...

==========================================================================================
  STZ — Credit Ratio Summary
==========================================================================================
Period          Leverage  Coverage   FCF ($M)  Liquidity  Score  Alerts
------------------------------------------------------------------------------------------
2026-02-28          3.25   4487.71     1794.0       0.38     16  Leverage 3.2× elevated (1/17 pts); Liquidity 0.38× thin (8/9 pts); Cash flow to debt 25% weak (4/15 pts); Debt to assets 48% elevated (3/9 pts); Maturity wall: 32% of debt due within 3 years (0/6 pts)
2025-02-28         13.25    801.90     1938.1       0.08     35  EBITDA margin 8% weak (2/14 pts); Leverage 13.2× elevated (17/17 pts); Liquidity 0.08× thin (9/9 pts); Cash flow to debt 27% weak (2/15 pts); Debt to assets 53% elevated (5/9 pts); Maturity wall: 35% of debt due within 3 years (1/6 pts)
2024-02-29          3.19   2570.64     1510.9       0.63     13  Leverage 3.2× elevated (1/17 pts); Liquidity 0.63× thin (4/9 pts); Cash flow to debt 23% weak (5/15 pts); Debt to assets 46% elevated (2/9 pts)
2023-02-28          3.46   2936.27     1721.5       0.11     21  Leverage 3.5× elevated (3/17 pts); Liquidity 0.11× thin (9/9 pts); Cash flow to debt 22% weak (6/15 pts); Debt to assets 51% elevated (4/9 pts)
2022-02-28          3.70   5348.20     1678.6       0.62     12  Leverage 3.7× elevated (4/17 pts); Liquidity 0.62× thin (5/9 pts); Cash flow to debt 26% weak (3/15 pts); Debt to assets 40% elevated (0/9 pts)
2021-02-28          3.23   6180.40     1941.9      N/A        4  Leverage 3.2× elevated (1/17 pts); Cash flow to debt 27% weak (2/15 pts)
2020-02-29          4.77   3552.43     1824.6       0.34     27  Leverage 4.8× elevated (10/17 pts); Liquidity 0.34× thin (8/9 pts); Cash flow to debt 21% weak (7/15 pts); Debt to assets 45% elevated (2/9 pts); Maturity wall: 35% of debt due within 3 years (1/6 pts)
2019-02-28          4.63      7.26     1360.0       0.12     31  Leverage 4.6× elevated (9/17 pts); Liquidity 0.12× thin (9/9 pts); Cash flow to debt 16% weak (10/15 pts); Debt to assets 47% elevated (2/9 pts)
2018-02-28          3.62      7.73      873.8       0.12     24  Leverage 3.6× elevated (4/17 pts); Liquidity 0.12× thin (9/9 pts); Cash flow to debt 19% weak (8/15 pts); Debt to assets 50% elevated (4/9 pts)
2017-02-28          3.19      7.90      788.6       0.29     22  Leverage 3.2× elevated (1/17 pts); Liquidity 0.29× thin (8/9 pts); Cash flow to debt 18% weak (9/15 pts); Debt to assets 50% elevated (4/9 pts)
2016-02-29          3.82      6.31      522.4       0.10     28  Leverage 3.8× elevated (5/17 pts); Liquidity 0.10× thin (9/9 pts); Cash flow to debt 17% weak (10/15 pts); Debt to assets 50% elevated (4/9 pts)
2015-02-28          4.22      5.02      361.6       0.70     25  Leverage 4.2× elevated (7/17 pts); Liquidity 0.70× thin (4/9 pts); Cash flow to debt 15% weak (12/15 pts); Debt to assets 49% elevated (3/9 pts)
2014-02-28          2.66      7.84      602.7       0.11     28  Liquidity 0.11× thin (9/9 pts); Cash flow to debt 11% weak (14/15 pts); Debt to assets 53% elevated (5/9 pts)
2013-02-28          4.66      2.73      494.2      12.01     27  Leverage 4.7× elevated (9/17 pts); Interest coverage 2.7× thin (6/14 pts); Cash flow to debt 17% weak (10/15 pts); Debt to assets 44% elevated (1/9 pts)
2012-02-29          4.47      3.30      715.7       0.26     27  Leverage 4.5× elevated (8/17 pts); Interest coverage 3.3× thin (3/14 pts); Liquidity 0.26× thin (9/9 pts); Cash flow to debt 25% weak (3/15 pts); Debt to assets 43% elevated (1/9 pts); Maturity wall: 46% of debt due within 3 years (2/6 pts)
2011-02-28          4.94      3.26      530.2       0.58     29  Leverage 4.9× elevated (11/17 pts); Interest coverage 3.3× thin (4/14 pts); Liquidity 0.58× thin (5/9 pts); Cash flow to debt 20% weak (8/15 pts); Debt to assets 44% elevated (2/9 pts)
2010-02-28          6.92      1.76      294.8       0.23     51  Leverage 6.9× elevated (17/17 pts); Interest coverage 1.8× thin (10/14 pts); Liquidity 0.23× thin (9/9 pts); Cash flow to debt 12% weak (14/15 pts); Debt to assets 43% elevated (1/9 pts) *** STRESS ***
==========================================================================================

  Leverage audit (2026-02-28):
    total_debt: 10,296,500,000  [us-gaap/LongTermDebt]
    cash: 102,400,000  [us-gaap/CashAndCashEquivalentsAtCarryingValue]
    operating_income: 2,721,400,000  [us-gaap/OperatingIncomeLoss]
    depreciation: 420,000,000  [us-gaap/DepreciationDepletionAndAmortization]
[48/150] STZ      ok   (ok=48 fail=0)
Tracking CSWC...
  CIK: 0000017313
  Extracting ratios for 8 periods...

==========================================================================================
  CSWC — Credit Ratio Summary
==========================================================================================
Period          Leverage  Coverage   FCF ($M)  Liquidity  Score  Alerts
------------------------------------------------------------------------------------------
2026-03-31         N/A       N/A       -193.8      N/A       19  Cash flow to debt -17% weak (15/15 pts); Debt to assets 52% elevated (4/9 pts)
2025-03-31         N/A       N/A       -218.9      N/A       19  Cash flow to debt -23% weak (15/15 pts); Debt to assets 51% elevated (4/9 pts)
2024-03-31         N/A       N/A       -188.5      N/A       19  Cash flow to debt -24% weak (15/15 pts); Debt to assets 50% elevated (3/9 pts); Maturity wall: 37% of debt due within 3 years (1/6 pts)
2023-03-31         N/A       N/A       -227.4      N/A       19  Cash flow to debt -36% weak (15/15 pts); Debt to assets 51% elevated (4/9 pts)
2022-03-31         N/A       N/A       -184.7      N/A       20  Cash flow to debt -35% weak (15/15 pts); Debt to assets 54% elevated (5/9 pts)
2013-03-31         N/A       N/A          N/A      N/A        0  —
2012-03-31         N/A       N/A          N/A      N/A        0  —
2011-03-31         N/A       N/A          N/A      N/A        0  —
==========================================================================================
[49/150] CSWC     ok   (ok=49 fail=0)
Tracking CRS...
  CIK: 0000017843
  Extracting ratios for 16 periods...

==========================================================================================
  CRS — Credit Ratio Summary
==========================================================================================
Period          Leverage  Coverage   FCF ($M)  Liquidity  Score  Alerts
------------------------------------------------------------------------------------------
2025-06-30          0.57     12.96      286.1      N/A        0  —
2024-06-30          1.08      8.70      178.3      N/A        0  —
2023-06-30          2.46      4.88      -67.6      N/A       18  Free cash flow negative (-67,600,000, -3% margin, 3/10 pts); Cash flow to debt 2% weak (15/15 pts)
2022-06-30          5.05      2.37      -85.3      N/A       43  EBITDA margin 6% weak (4/14 pts); Leverage 5.0× elevated (12/17 pts); Interest coverage 2.4× thin (8/14 pts); Free cash flow negative (-85,300,000, -5% margin, 5/10 pts); Cash flow to debt 1% weak (15/15 pts)
2021-06-30         -3.26     -3.82      149.5      N/A       60  EBITDA margin -8% weak (14/14 pts); Leverage rule maxed: negative EBITDA — debt unservable from earnings (17/17 pts); Coverage rule maxed: negative EBITDA — interest uncovered by earnings (14/14 pts); Maturity wall: 100% of debt due within 3 years (6/6 pts); Distress escalation: 4 core signals severe (profitability, leverage>5x, coverage<2x, maturity_wall) — score floored at 60 *** STRESS ***
2020-06-30          2.40      7.54       60.4       1.14      9  EBITDA margin 7% weak (3/14 pts); Maturity wall: 100% of debt due within 3 years (6/6 pts)
2019-06-30          1.44     13.96       52.1       1.37      2  Maturity wall: 45% of debt due within 3 years (2/6 pts)
2018-06-30          1.61     10.73       74.2      N/A        0  —
2017-06-30          2.51      7.21       30.8       1.21      8  Cash flow to debt 20% weak (8/15 pts)
2016-06-30          3.10      6.10      161.7      N/A        1  EBITDA margin 9% weak (0/14 pts); Leverage 3.1× elevated (1/17 pts)
2015-06-30          2.30      8.44      112.1      N/A        0  —
2014-06-30          1.50     19.05     -109.6      N/A        5  Free cash flow negative (-109,600,000, -5% margin, 5/10 pts)
2013-06-30          1.03     16.04     -121.7      N/A        5  Free cash flow negative (-121,700,000, -5% margin, 5/10 pts)
2012-06-30          0.67     12.35      -11.6       2.09      1  Free cash flow negative (-11,600,000, -1% margin, 1/10 pts)
2011-06-30          0.09      9.53      -15.4       4.92     22  EBITDA margin 10% weak (0/14 pts); Free cash flow negative (-15,400,000, -1% margin, 1/10 pts); Cash flow to debt 11% weak (15/15 pts); Maturity wall: 100% of debt due within 3 years (6/6 pts)
2010-06-30         -0.08      3.98       71.0      N/A        4  EBITDA margin 6% weak (4/14 pts); Interest coverage 4.0× thin (0/14 pts)
==========================================================================================

  Leverage audit (2025-06-30):
    total_debt: 695,400,000  [us-gaap/LongTermDebtNoncurrent]
    cash: 315,500,000  [us-gaap/CashAndCashEquivalentsAtCarryingValue]
    operating_income: 521,800,000  [us-gaap/OperatingIncomeLoss]
    depreciation: 139,200,000  [us-gaap/DepreciationDepletionAndAmortization]
[50/150] CRS      ok   (ok=50 fail=0)
Tracking CAT...
  CIK: 0000018230
  Extracting ratios for 19 periods...

==========================================================================================
  CAT — Credit Ratio Summary
==========================================================================================
Period          Leverage  Coverage   FCF ($M)  Liquidity  Score  Alerts
------------------------------------------------------------------------------------------
2025-12-31          1.54      7.28     8918.0       1.81      6  Maturity wall: 84% of debt due within 3 years (6/6 pts)
2024-12-31          1.34      8.76    10047.0       1.57      6  Maturity wall: 89% of debt due within 3 years (6/6 pts)
2023-12-31          1.16      8.83    11288.0       1.50      6  Maturity wall: 89% of debt due within 3 years (6/6 pts)
2022-12-31          1.85     10.56     6470.0       1.18     10  Cash flow to debt 25% weak (4/15 pts); Maturity wall: 80% of debt due within 3 years (6/6 pts)
2021-12-31          1.82     10.03     6105.0       1.71     11  Cash flow to debt 23% weak (5/15 pts); Maturity wall: 86% of debt due within 3 years (6/6 pts)
2020-12-31          2.38      6.41     5349.0       4.64     12  Cash flow to debt 23% weak (6/15 pts); Maturity wall: 80% of debt due within 3 years (6/6 pts)
2019-12-31          1.66     10.28     5856.0       1.60     12  Cash flow to debt 22% weak (6/15 pts); Maturity wall: 79% of debt due within 3 years (6/6 pts)
2018-12-31          1.55     10.16     5282.0       1.37     12  Cash flow to debt 21% weak (6/15 pts); Maturity wall: 79% of debt due within 3 years (6/6 pts)
2017-12-31          2.14      6.44     4808.0       1.71     13  Cash flow to debt 20% weak (8/15 pts); Maturity wall: 74% of debt due within 3 years (5/6 pts)
2016-12-31          4.43      3.29     4499.0       0.98     27  EBITDA margin 9% weak (1/14 pts); Leverage 4.4× elevated (8/17 pts); Interest coverage 3.3× thin (3/14 pts); Liquidity 0.98× thin (0/9 pts); Cash flow to debt 19% weak (8/15 pts); Debt to assets 40% elevated (0/9 pts); Maturity wall: 80% of debt due within 3 years (6/6 pts)
2015-12-31          2.98      6.02     5287.0       0.93     14  Liquidity 0.93× thin (1/9 pts); Cash flow to debt 21% weak (7/15 pts); Debt to assets 41% elevated (0/9 pts); Maturity wall: 83% of debt due within 3 years (6/6 pts)
2014-12-31          2.41      7.66     6518.0       1.56     10  Cash flow to debt 25% weak (4/15 pts); Maturity wall: 77% of debt due within 3 years (6/6 pts)
2013-12-31          2.37      7.64     7669.0       1.65      5  Maturity wall: 75% of debt due within 3 years (5/6 pts)
2012-12-31          1.96      8.11     1891.0       1.04     16  Cash flow to debt 16% weak (11/15 pts); Maturity wall: 77% of debt due within 3 years (6/6 pts)
2011-12-31          2.26      8.01     4495.0       0.77     13  Liquidity 0.77× thin (3/9 pts); Cash flow to debt 24% weak (4/15 pts); Maturity wall: 85% of debt due within 3 years (6/6 pts)
2010-12-31          2.69      5.02     3434.0       0.89     15  Liquidity 0.89× thin (1/9 pts); Cash flow to debt 20% weak (7/15 pts); Maturity wall: 82% of debt due within 3 years (6/6 pts)
2009-12-31          5.83      2.06     4995.0       1.19     31  EBITDA margin 9% weak (1/14 pts); Leverage 5.8× elevated (16/17 pts); Interest coverage 2.1× thin (9/14 pts); Cash flow to debt 25% weak (4/15 pts); Debt to assets 43% elevated (1/9 pts)
2008-12-31          3.13      4.43     2352.0       0.38     20  Leverage 3.1× elevated (1/17 pts); Liquidity 0.38× thin (7/9 pts); Cash flow to debt 16% weak (10/15 pts); Debt to assets 44% elevated (2/9 pts)
2007-12-31         N/A       N/A       6255.0      N/A        0  —
==========================================================================================

  Leverage audit (2025-12-31):
    total_debt: 30,696,000,000  [us-gaap/LongTermDebtNoncurrent]
    cash: 9,980,000,000  [us-gaap/CashAndCashEquivalentsAtCarryingValue]
    operating_income: 11,151,000,000  [us-gaap/OperatingIncomeLoss]
    depreciation: 2,262,000,000  [us-gaap/DepreciationDepletionAndAmortization]
[51/150] CAT      ok   (ok=51 fail=0)
Tracking GCO...
  CIK: 0000018498
  Extracting ratios for 16 periods...

==========================================================================================
  GCO — Credit Ratio Summary
==========================================================================================
Period          Leverage  Coverage   FCF ($M)  Liquidity  Score  Alerts
------------------------------------------------------------------------------------------
2026-01-31         -1.44     16.24       83.7      N/A        7  EBITDA margin 3% weak (7/14 pts)
2025-02-01         -0.51     14.82       46.8      N/A        7  EBITDA margin 3% weak (7/14 pts)
2024-02-03         -0.01      4.63       34.5      10.65      8  EBITDA margin 2% weak (8/14 pts)
2023-01-28         -0.02     46.60     -224.8      N/A       28  EBITDA margin 6% weak (4/14 pts); Free cash flow negative (-224,818,000, -9% margin, 9/10 pts); Cash flow to debt -368% weak (15/15 pts)
2022-01-29         -1.54     81.10      186.0      N/A        2  EBITDA margin 8% weak (2/14 pts)
2021-01-30          3.00    -11.37      133.6      N/A       44  EBITDA margin -3% weak (12/14 pts); Leverage rule maxed: negative EBITDA — debt unservable from earnings (17/17 pts); Coverage rule maxed: negative EBITDA — interest uncovered by earnings (14/14 pts)
2020-02-01         -0.50     39.80       87.4      N/A       10  EBITDA margin 6% weak (4/14 pts); Maturity wall: 100% of debt due within 3 years (6/6 pts)
2019-02-02         -0.64     38.58      179.9      18.61      3  EBITDA margin 7% weak (3/14 pts)
2018-02-03         -2.70     -3.31       36.7      22.61     41  EBITDA margin -1% weak (10/14 pts); Leverage rule maxed: negative EBITDA — debt unservable from earnings (17/17 pts); Coverage rule maxed: negative EBITDA — interest uncovered by earnings (14/14 pts)
2017-01-28          0.16     41.13       67.5       5.26      6  Maturity wall: 100% of debt due within 3 years (6/6 pts)
2016-01-30         -0.09     52.17       44.5       9.40      7  EBITDA margin 8% weak (2/14 pts); Maturity wall: 69% of debt due within 3 years (5/6 pts)
2015-01-31         -0.35     72.40       86.7       8.58      5  EBITDA margin 8% weak (1/14 pts); Maturity wall: 58% of debt due within 3 years (3/6 pts)
2014-02-01         -0.11     49.68       41.5       8.75      6  EBITDA margin 9% weak (1/14 pts); Maturity wall: 69% of debt due within 3 years (5/6 pts)
2013-02-02         -0.04     45.19       51.5      10.54      7  EBITDA margin 9% weak (1/14 pts); Maturity wall: 100% of debt due within 3 years (6/6 pts)
2012-01-28         -0.07     38.32       95.5       6.13      4  EBITDA margin 9% weak (1/14 pts); Maturity wall: 49% of debt due within 3 years (2/6 pts)
2011-01-29         -0.42    118.43       73.3      N/A        2  EBITDA margin 7% weak (2/14 pts)
==========================================================================================

  Leverage audit (2026-01-31):
    total_debt: 3,379,000  [us-gaap/LongTermDebt]
    cash: 105,405,000  [us-gaap/CashAndCashEquivalentsAtCarryingValue]
    operating_income: 17,314,000  [us-gaap/OperatingIncomeLoss]
    depreciation: 53,325,000  [us-gaap/DepreciationDepletionAndAmortization]
[52/150] GCO      ok   (ok=52 fail=0)
Tracking AILLP...
  CIK: 0000018654
[53/150] AILLP    FAIL   (ok=52 fail=1)
Tracking CHE...
  CIK: 0000019584
  Extracting ratios for 17 periods...

==========================================================================================
  CHE — Credit Ratio Summary
==========================================================================================
Period          Leverage  Coverage   FCF ($M)  Liquidity  Score  Alerts
------------------------------------------------------------------------------------------
2025-12-31         N/A      230.34      325.5      N/A        0  —
2024-12-31         N/A      241.32      368.0      N/A        0  —
2023-12-31         N/A      129.16      273.4      N/A        0  —
2022-12-31          0.06     87.84      252.6      14.83      0  —
2021-12-31          0.38    215.25      249.9      N/A        0  —
2020-12-31         N/A      189.50      430.5      N/A        0  —
2019-12-31          0.28     66.72      248.2      N/A        0  —
2018-12-31          0.30     56.61      234.3      N/A        0  —
2017-12-31          0.61     34.80       98.2       1.11      1  EBITDA margin 9% weak (1/14 pts)
2016-12-31          0.44     57.44       95.6       1.75      0  —
2015-12-31          0.35     59.80      127.4       1.96      0  —
2014-12-31          0.67     24.31       66.7       2.26      0  —
2013-12-31          0.61     10.82      121.5       0.46      7  Liquidity 0.46× thin (6/9 pts); Debt to assets 41% elevated (0/9 pts)
2012-12-31          0.58     12.39       96.5      N/A        0  —
2011-12-31          0.72     12.89      144.8      N/A        0  —
2010-12-31          0.65     14.04       60.4      N/A        0  —
2009-12-31          0.27     12.75      139.3      N/A        0  —
==========================================================================================
[54/150] CHE      ok   (ok=53 fail=1)
Tracking JPM...
  CIK: 0000019617
  Extracting ratios for 18 periods...

==========================================================================================
  JPM — Credit Ratio Summary
==========================================================================================
Period          Leverage  Coverage   FCF ($M)  Liquidity  Score  Alerts
------------------------------------------------------------------------------------------
2025-12-31          1.13      0.83        N/A       5.30     31  Interest coverage 0.8× thin (14/14 pts); Cash flow to debt -30% weak (15/15 pts); Maturity wall: 47% of debt due within 3 years (2/6 pts)
2024-12-31         -0.82      0.82        N/A       8.87     30  Interest coverage 0.8× thin (14/14 pts); Cash flow to debt -9% weak (15/15 pts); Maturity wall: 34% of debt due within 3 years (0/6 pts)
2023-12-31         -3.36      0.85        N/A      13.96     30  Interest coverage 0.9× thin (14/14 pts); Cash flow to debt 3% weak (15/15 pts); Maturity wall: 39% of debt due within 3 years (1/6 pts)
2022-12-31         -5.10      2.04        N/A      12.88     10  Interest coverage 2.0× thin (9/14 pts); Maturity wall: 36% of debt due within 3 years (1/6 pts)
2021-12-31         -6.52     12.15        N/A      13.82      6  Cash flow to debt 22% weak (6/15 pts); Maturity wall: 30% of debt due within 3 years (0/6 pts)
2020-12-31         -5.59      4.42        N/A      11.67     15  Cash flow to debt -24% weak (15/15 pts)
2019-12-31          0.53      1.97        N/A       6.44     25  Interest coverage 2.0× thin (10/14 pts); Cash flow to debt 2% weak (15/15 pts); Maturity wall: 36% of debt due within 3 years (1/6 pts)
2018-12-31          0.07      2.17        N/A       4.02     25  Interest coverage 2.2× thin (8/14 pts); Cash flow to debt 4% weak (15/15 pts); Maturity wall: 42% of debt due within 3 years (2/6 pts)
2017-12-31         -3.50      2.95        N/A       8.33     21  Interest coverage 2.9× thin (5/14 pts); Cash flow to debt -1% weak (15/15 pts); Maturity wall: 41% of debt due within 3 years (1/6 pts)
2016-12-31         -2.40      4.08        N/A      11.36     17  Cash flow to debt 6% weak (15/15 pts); Maturity wall: 43% of debt due within 3 years (2/6 pts)
2015-12-31         -2.05      4.78        N/A      23.24      7  Cash flow to debt 24% weak (4/15 pts); Maturity wall: 48% of debt due within 3 years (2/6 pts)
2014-12-31          8.36      4.38        N/A      -0.18     43  Leverage 8.4× elevated (17/17 pts); Liquidity -0.18× thin (9/9 pts); Cash flow to debt 11% weak (14/15 pts); Maturity wall: 47% of debt due within 3 years (2/6 pts)
2013-12-31          9.22      3.16        N/A      -0.24     32  Leverage 9.2× elevated (17/17 pts); Interest coverage 3.2× thin (4/14 pts); Liquidity -0.24× thin (9/9 pts); Maturity wall: 47% of debt due within 3 years (2/6 pts)
2012-12-31          7.70      2.97        N/A      -0.11     47  Leverage 7.7× elevated (17/17 pts); Interest coverage 3.0× thin (5/14 pts); Liquidity -0.11× thin (9/9 pts); Cash flow to debt 8% weak (15/15 pts); Maturity wall: 40% of debt due within 3 years (1/6 pts)
2011-12-31          7.25      2.28        N/A       0.62     32  Leverage 7.2× elevated (17/17 pts); Interest coverage 2.3× thin (8/14 pts); Liquidity 0.62× thin (5/9 pts); Maturity wall: 47% of debt due within 3 years (2/6 pts)
2010-12-31          9.32      2.26        N/A       0.04     51  Leverage 9.3× elevated (17/17 pts); Interest coverage 2.3× thin (8/14 pts); Liquidity 0.04× thin (9/9 pts); Cash flow to debt -1% weak (15/15 pts); Maturity wall: 48% of debt due within 3 years (2/6 pts) *** STRESS ***
2009-12-31         14.16      1.24        N/A      -0.02     39  Leverage 14.2× elevated (17/17 pts); Interest coverage 1.2× thin (13/14 pts); Liquidity -0.02× thin (9/9 pts)
2008-12-31         47.99      0.17        N/A      -0.35     60  EBITDA margin 9% weak (1/14 pts); Leverage 48.0× elevated (17/17 pts); Interest coverage 0.2× thin (14/14 pts); Liquidity -0.35× thin (9/9 pts); Cash flow to debt 7% weak (15/15 pts); Distress escalation: 4 core signals severe (leverage>5x, coverage<2x, cash_flow_to_debt<30%, liquidity<1x) — score floored at 60 *** STRESS ***
==========================================================================================

  Leverage audit (2025-12-31):
    total_debt: 435,206,000,000  [us-gaap/LongTermDebtAndCapitalLeaseObligationsIncludingCurrentMaturities]
    cash: 343,338,000,000  [us-gaap/CashCashEquivalentsRestrictedCashAndRestrictedCashEquivalents]
    operating_income: 72,595,000,000  [us-gaap/IncomeLossFromContinuingOperationsBeforeIncomeTaxesExtraordinaryItemsNoncontrollingInterest]
    depreciation: 8,821,000,000  [us-gaap/DepreciationAmortizationAndAccretionNet]
[55/150] JPM      ok   (ok=54 fail=1)
Tracking CPK...
  CIK: 0000019745
  Extracting ratios for 16 periods...

==========================================================================================
  CPK — Credit Ratio Summary
==========================================================================================
Period          Leverage  Coverage   FCF ($M)  Liquidity  Score  Alerts
------------------------------------------------------------------------------------------
2025-12-31          4.31      4.79     -214.9       0.01     39  Leverage 4.3× elevated (7/17 pts); Free cash flow negative (-214,900,000, -23% margin, 10/10 pts); Liquidity 0.01× thin (9/9 pts); Cash flow to debt 14% weak (12/15 pts); Debt to assets 42% elevated (0/9 pts); Maturity wall: 32% of debt due within 3 years (0/6 pts)
2024-12-31          4.40      4.30     -115.9       0.04     38  Leverage 4.4× elevated (8/17 pts); Free cash flow negative (-115,900,000, -15% margin, 10/10 pts); Liquidity 0.04× thin (9/9 pts); Cash flow to debt 16% weak (10/15 pts); Debt to assets 42% elevated (1/9 pts)
2023-12-31          5.53      5.85       14.9       0.03     35  Leverage 5.5× elevated (14/17 pts); Liquidity 0.03× thin (9/9 pts); Cash flow to debt 15% weak (11/15 pts); Debt to assets 42% elevated (1/9 pts)
2022-12-31          2.81      8.70       30.6       0.03     17  Liquidity 0.03× thin (9/9 pts); Cash flow to debt 20% weak (8/15 pts)
2021-12-31          2.91      9.62      -36.4       0.02     24  Free cash flow negative (-36,420,000, -6% margin, 6/10 pts); Liquidity 0.02× thin (9/9 pts); Cash flow to debt 19% weak (8/15 pts)
2020-12-31          3.04      7.85       -6.6       0.02     16  Leverage 3.0× elevated (0/17 pts); Free cash flow negative (-6,595,000, -1% margin, 1/10 pts); Liquidity 0.02× thin (9/9 pts); Cash flow to debt 23% weak (5/15 pts)
2019-12-31          3.16      6.83      -81.8       0.03     32  Leverage 3.2× elevated (1/17 pts); Free cash flow negative (-81,763,000, -17% margin, 10/10 pts); Liquidity 0.03× thin (9/9 pts); Cash flow to debt 14% weak (12/15 pts); Debt to assets 41% elevated (0/9 pts)
2018-12-31          2.37      8.24     -123.0       0.02     24  Free cash flow negative (-122,989,000, -17% margin, 10/10 pts); Liquidity 0.02× thin (9/9 pts); Cash flow to debt 24% weak (5/15 pts)
2017-12-31          1.63      9.68      -65.2       0.02     23  Free cash flow negative (-65,240,000, -11% margin, 10/10 pts); Liquidity 0.02× thin (9/9 pts); Cash flow to debt 24% weak (4/15 pts)
2016-12-31          1.22     10.93      -66.5       0.02     20  Free cash flow negative (-66,490,000, -13% margin, 10/10 pts); Liquidity 0.02× thin (9/9 pts); Cash flow to debt 29% weak (1/15 pts)
2015-12-31          1.40     10.77      -39.5       0.02     18  Free cash flow negative (-39,476,000, -9% margin, 9/10 pts); Liquidity 0.02× thin (9/9 pts)
2014-12-31          1.77      9.34      -17.9       0.05     13  Free cash flow negative (-17,880,000, -4% margin, 4/10 pts); Liquidity 0.05× thin (9/9 pts)
2013-12-31          1.37     10.53      -24.2       0.03     14  Free cash flow negative (-24,189,000, -5% margin, 5/10 pts); Liquidity 0.03× thin (9/9 pts)
2012-12-31          1.35      9.05       -6.1       0.05     11  Free cash flow negative (-6,135,000, -2% margin, 2/10 pts); Liquidity 0.05× thin (9/9 pts)
2011-12-31          1.57      8.21       24.1       0.08      9  Liquidity 0.08× thin (9/9 pts)
2010-12-31          1.25      7.70       15.5       0.03      9  Liquidity 0.03× thin (9/9 pts)
==========================================================================================

  Leverage audit (2025-12-31):
    total_debt: 1,500,000,000  [us-gaap/LongTermDebt]
    cash: 1,800,000  [us-gaap/CashAndCashEquivalentsAtCarryingValue]
    operating_income: 255,900,000  [us-gaap/OperatingIncomeLoss]
    depreciation: 91,700,000  [us-gaap/DepreciationDepletionAndAmortization]
[56/150] CPK      ok   (ok=55 fail=1)
Tracking CHDN...
  CIK: 0000020212
  Extracting ratios for 16 periods...

==========================================================================================
  CHDN — Credit Ratio Summary
==========================================================================================
Period          Leverage  Coverage   FCF ($M)  Liquidity  Score  Alerts
------------------------------------------------------------------------------------------
2025-12-31          5.31    509.39      699.6       3.18     34  Leverage 5.3× elevated (13/17 pts); Cash flow to debt 15% weak (11/15 pts); Debt to assets 69% elevated (9/9 pts); Maturity wall: 34% of debt due within 3 years (0/6 pts)
2024-12-31          5.14    394.83      688.1       2.78     32  Leverage 5.1× elevated (12/17 pts); Cash flow to debt 16% weak (11/15 pts); Debt to assets 67% elevated (9/9 pts)
2023-12-31          6.31      2.73      527.6       2.12     45  Leverage 6.3× elevated (17/17 pts); Interest coverage 2.7× thin (6/14 pts); Cash flow to debt 13% weak (13/15 pts); Debt to assets 70% elevated (9/9 pts)
2022-12-31         10.28      2.96      137.5       2.76     45  Leverage 10.3× elevated (17/17 pts); Interest coverage 3.0× thin (5/14 pts); Cash flow to debt 11% weak (14/15 pts); Debt to assets 75% elevated (9/9 pts)
2021-12-31          4.33      4.58      407.2      41.61     22  Leverage 4.3× elevated (8/17 pts); Cash flow to debt 23% weak (5/15 pts); Debt to assets 66% elevated (9/9 pts)
2020-12-31         10.16      1.91      -69.3      16.85     56  Leverage 10.2× elevated (17/17 pts); Interest coverage 1.9× thin (10/14 pts); Free cash flow negative (-69,300,000, -7% margin, 7/10 pts); Cash flow to debt 9% weak (15/15 pts); Debt to assets 61% elevated (7/9 pts) *** STRESS ***
2019-12-31          4.41      4.40      206.7      24.05     22  Leverage 4.4× elevated (8/17 pts); Cash flow to debt 20% weak (8/15 pts); Debt to assets 58% elevated (6/9 pts)
2018-12-31          2.98      6.29      168.2      33.33     10  Cash flow to debt 22% weak (6/15 pts); Debt to assets 51% elevated (4/9 pts)
2017-12-31          4.44      4.92      184.9      12.93     19  Leverage 4.4× elevated (8/17 pts); Cash flow to debt 19% weak (8/15 pts); Debt to assets 48% elevated (3/9 pts)
2016-12-31          2.88      6.93      195.9       3.43      5  Cash flow to debt 24% weak (4/15 pts); Debt to assets 42% elevated (0/9 pts)
2015-12-31          3.03      8.16      221.0       4.59      0  Leverage 3.0× elevated (0/17 pts)
2014-12-31          4.36      7.61       87.1       6.04     16  Leverage 4.4× elevated (8/17 pts); Cash flow to debt 18% weak (9/15 pts)
2013-12-31          2.14     24.37       96.1      N/A        0  —
2012-12-31          1.13     33.62      103.1       0.18     15  Liquidity 0.18× thin (9/9 pts); Maturity wall: 100% of debt due within 3 years (6/6 pts)
2011-12-31          0.74     15.26      150.5      N/A        0  —
2010-12-31          3.05     12.64       -2.1       4.75      7  Leverage 3.1× elevated (0/17 pts); Free cash flow negative (-2,095,000, -0% margin, 0/10 pts); Cash flow to debt 22% weak (6/15 pts)
==========================================================================================

  Leverage audit (2025-12-31):
    total_debt: 5,067,100,000  [us-gaap/LongTermDebtNoncurrent]
    cash: 200,600,000  [us-gaap/CashAndCashEquivalentsAtCarryingValue]
    operating_income: 683,800,000  [us-gaap/OperatingIncomeLoss]
    depreciation: 233,100,000  [us-gaap/DepreciationAndAmortization]
[57/150] CHDN     ok   (ok=56 fail=1)
Tracking CINF...
  CIK: 0000020286
  Extracting ratios for 17 periods...

==========================================================================================
  CINF — Credit Ratio Summary
==========================================================================================
Period          Leverage  Coverage   FCF ($M)  Liquidity  Score  Alerts
------------------------------------------------------------------------------------------
2025-12-31         -0.21     56.91     3092.0      N/A        0  —
2024-12-31         -0.07     54.57     2627.0      N/A        0  —
2023-12-31         -0.05     42.70     2034.0      N/A        0  —
2022-12-31          0.72    -12.45     2037.0      N/A       45  EBITDA margin -10% weak (14/14 pts); Leverage rule maxed: negative EBITDA — debt unservable from earnings (17/17 pts); Coverage rule maxed: negative EBITDA — interest uncovered by earnings (14/14 pts)
2021-12-31         -0.09     71.00     1966.0      N/A        0  —
2020-12-31         -0.07     29.26     1471.0      N/A        0  —
2019-12-31          0.01     48.00     1184.0      N/A        0  —
2018-12-31          0.01      5.92     1161.0      N/A        4  EBITDA margin 6% weak (4/14 pts)
2017-12-31          0.17     14.81     1036.0      N/A        0  —
2016-12-31          0.01     16.23     1090.0      N/A        0  —
2015-12-31          0.26     17.60     1054.0      N/A        0  —
2014-12-31          0.26     14.57      864.0      N/A        0  —
2013-12-31          0.47     14.15      789.0      N/A        0  —
2012-12-31          0.50     11.30      632.0      N/A        0  —
2011-12-31          1.64      3.98      240.0      N/A        4  EBITDA margin 6% weak (4/14 pts); Interest coverage 4.0× thin (0/14 pts)
2010-12-31          0.75      9.98      514.0      N/A        0  —
2009-12-31          0.38     11.27      483.0      N/A        0  —
==========================================================================================

  Leverage audit (2025-12-31):
    total_debt: 790,000,000  [us-gaap/LongTermDebt]
    cash: 1,431,000,000  [us-gaap/CashAndCashEquivalentsAtCarryingValue]
    operating_income: 2,980,000,000  [us-gaap/IncomeLossFromContinuingOperationsBeforeIncomeTaxesExtraordinaryItemsNoncontrollingInterest]
    depreciation: 36,000,000  [us-gaap/Depreciation]
[58/150] CINF     ok   (ok=57 fail=1)
Tracking CLX...
  CIK: 0000021076
  Extracting ratios for 17 periods...

==========================================================================================
  CLX — Credit Ratio Summary
==========================================================================================
Period          Leverage  Coverage   FCF ($M)  Liquidity  Score  Alerts
------------------------------------------------------------------------------------------
2025-06-30          1.79     14.74      761.0      N/A        2  Debt to assets 45% elevated (2/9 pts); Maturity wall: 36% of debt due within 3 years (1/6 pts)
2024-06-30          3.60      7.03      483.0      N/A        7  EBITDA margin 9% weak (1/14 pts); Leverage 3.6× elevated (3/17 pts); Cash flow to debt 28% weak (2/15 pts); Debt to assets 43% elevated (1/9 pts)
2023-06-30          4.45      5.27      930.0      N/A       12  EBITDA margin 6% weak (3/14 pts); Leverage 4.5× elevated (8/17 pts); Debt to assets 42% elevated (1/9 pts)
2022-06-30          2.76      7.84      535.0      N/A        0  Debt to assets 40% elevated (0/9 pts)
2021-06-30          2.22     11.22      945.0       1.06      3  Debt to assets 49% elevated (3/9 pts); Maturity wall: 32% of debt due within 3 years (0/6 pts)
2020-06-30          1.40     13.79     1292.0      N/A        2  Debt to assets 45% elevated (2/9 pts); Maturity wall: 32% of debt due within 3 years (0/6 pts)
2019-06-30          1.81     12.41      786.0      N/A        2  Debt to assets 45% elevated (2/9 pts)
2018-06-30          1.76     14.35      780.0      N/A        2  Debt to assets 45% elevated (2/9 pts)
2017-06-30          1.15     13.59      637.0       1.04      3  Debt to assets 48% elevated (3/9 pts)
2016-06-30          1.22     13.05      606.0      N/A        0  —
2015-06-30          1.57     10.90      749.0       1.27      7  Debt to assets 58% elevated (6/9 pts); Maturity wall: 33% of debt due within 3 years (0/6 pts)
2014-06-30          1.74     10.30      629.0       0.57     17  Liquidity 0.57× thin (5/9 pts); Cash flow to debt 28% weak (2/15 pts); Debt to assets 64% elevated (9/9 pts); Maturity wall: 40% of debt due within 3 years (1/6 pts)
2013-06-30         N/A       N/A        581.0       1.48      7  Debt to assets 55% elevated (5/9 pts); Maturity wall: 40% of debt due within 3 years (1/6 pts)
2012-06-30         N/A       N/A        420.0       0.89     18  Liquidity 0.89× thin (1/9 pts); Cash flow to debt 22% weak (6/15 pts); Debt to assets 62% elevated (8/9 pts); Maturity wall: 59% of debt due within 3 years (4/6 pts)
2011-06-30         N/A       N/A        470.0       0.56     16  Liquidity 0.56× thin (5/9 pts); Cash flow to debt 27% weak (2/15 pts); Debt to assets 62% elevated (8/9 pts); Maturity wall: 40% of debt due within 3 years (1/6 pts)
2010-06-30         N/A       N/A        616.0       0.29     15  Liquidity 0.29× thin (8/9 pts); Debt to assets 53% elevated (5/9 pts); Maturity wall: 47% of debt due within 3 years (2/6 pts)
2009-06-30         N/A       N/A        541.0       0.36     17  Liquidity 0.36× thin (8/9 pts); Cash flow to debt 27% weak (2/15 pts); Debt to assets 60% elevated (7/9 pts)
==========================================================================================

  Leverage audit (2025-06-30):
    total_debt: 2,484,000,000  [us-gaap/LongTermDebt]
    cash: 167,000,000  [us-gaap/CashAndCashEquivalentsAtCarryingValue]
    operating_income: 1,078,000,000  [us-gaap/IncomeLossFromContinuingOperationsBeforeIncomeTaxesExtraordinaryItemsNoncontrollingInterest]
    depreciation: 219,000,000  [us-gaap/DepreciationDepletionAndAmortization]
[59/150] CLX      ok   (ok=58 fail=1)
Tracking CNA...
  CIK: 0000021175
  Extracting ratios for 16 periods...

==========================================================================================
  CNA — Credit Ratio Summary
==========================================================================================
Period          Leverage  Coverage   FCF ($M)  Liquidity  Score  Alerts
------------------------------------------------------------------------------------------
2025-12-31          1.51     12.52     2404.0      N/A        0  —
2024-12-31          1.96      9.61     2476.0      N/A        0  Maturity wall: 33% of debt due within 3 years (0/6 pts)
2023-12-31          1.69     12.53     2195.0       0.63      5  Liquidity 0.63× thin (4/9 pts); Maturity wall: 34% of debt due within 3 years (0/6 pts)
2022-12-31          2.04     10.11     2450.0       1.95      0  —
2021-12-31          1.46     13.61     1971.0      N/A        0  —
2020-12-31          2.68      7.22     1752.0      N/A        0  —
2019-12-31          1.89      9.85     1114.0      N/A        0  —
2018-12-31          2.27      7.56     1128.0      N/A        0  Maturity wall: 33% of debt due within 3 years (0/6 pts)
2017-12-31          1.79      8.68     1152.0       2.37      0  —
2016-12-31          2.01      7.64     1270.0      N/A        0  —
2015-12-31          3.44      4.08     1262.0       1.11      5  EBITDA margin 7% weak (3/14 pts); Leverage 3.4× elevated (2/17 pts)
2014-12-31          1.84      7.05     1369.0      N/A        0  —
2013-12-31          1.67      8.52     1113.0       0.36      8  Liquidity 0.36× thin (8/9 pts); Maturity wall: 35% of debt due within 3 years (1/6 pts)
2012-12-31          2.42      5.86     1156.0      12.00      0  —
2011-12-31          2.65      5.46     1618.0       0.90      1  Liquidity 0.90× thin (1/9 pts)
2010-12-31          2.16      7.58     -142.0       0.19     26  Free cash flow negative (-142,000,000, -2% margin, 2/10 pts); Liquidity 0.19× thin (9/9 pts); Cash flow to debt -3% weak (15/15 pts)
==========================================================================================

  Leverage audit (2025-12-31):
    total_debt: 2,971,000,000  [us-gaap/LongTermDebt]
    cash: 425,000,000  [us-gaap/CashCashEquivalentsRestrictedCashAndRestrictedCashEquivalents]
    operating_income: 1,620,000,000  [us-gaap/IncomeLossFromContinuingOperationsBeforeIncomeTaxesExtraordinaryItemsNoncontrollingInterest]
    depreciation: 70,000,000  [us-gaap/DepreciationDepletionAndAmortization]
[60/150] CNA      ok   (ok=59 fail=1)
Tracking COHU...
  CIK: 0000021535
  Extracting ratios for 16 periods...

==========================================================================================
  COHU — Credit Ratio Summary
==========================================================================================
Period          Leverage  Coverage   FCF ($M)  Liquidity  Score  Alerts
------------------------------------------------------------------------------------------
2025-12-27         -4.09     -9.29       10.7      20.55     60  EBITDA margin -4% weak (13/14 pts); Leverage rule maxed: negative EBITDA — debt unservable from earnings (17/17 pts); Coverage rule maxed: negative EBITDA — interest uncovered by earnings (14/14 pts); Cash flow to debt 10% weak (15/15 pts); Distress escalation: 4 core signals severe (profitability, leverage>5x, coverage<2x, cash_flow_to_debt<30%) — score floored at 60 *** STRESS ***
2024-12-28         10.30    -31.04       -7.9     118.08     51  EBITDA margin -5% weak (14/14 pts); Leverage rule maxed: negative EBITDA — debt unservable from earnings (17/17 pts); Coverage rule maxed: negative EBITDA — interest uncovered by earnings (14/14 pts); Free cash flow negative (-7,856,000, -2% margin, 2/10 pts); Cash flow to debt 26% weak (3/15 pts); Maturity wall: 45% of debt due within 3 years (2/6 pts) *** STRESS ***
2023-12-30         -2.20     27.50       85.4      38.82      6  Maturity wall: 82% of debt due within 3 years (6/6 pts)
2022-12-31         -0.95     41.08       98.1      38.40      6  Maturity wall: 91% of debt due within 3 years (6/6 pts)
2021-12-25         -0.68     39.00       85.7      20.16      0  —
2020-12-26          3.15      4.07       31.1      17.80     13  EBITDA margin 9% weak (1/14 pts); Leverage 3.1× elevated (1/17 pts); Cash flow to debt 15% weak (11/15 pts)
2019-12-28         31.37      0.32       -0.7      23.81     54  EBITDA margin 1% weak (8/14 pts); Leverage 31.4× elevated (17/17 pts); Interest coverage 0.3× thin (14/14 pts); Free cash flow negative (-731,000, -0% margin, 0/10 pts); Cash flow to debt 5% weak (15/15 pts) *** STRESS ***
2018-12-29        -51.88     -0.75       29.5      24.70     56  EBITDA margin -1% weak (10/14 pts); Leverage rule maxed: negative EBITDA — debt unservable from earnings (17/17 pts); Coverage rule maxed: negative EBITDA — interest uncovered by earnings (14/14 pts); Cash flow to debt 9% weak (15/15 pts) *** STRESS ***
2017-12-30         -2.95    813.76       33.7      30.60      0  —
2016-12-31         N/A       N/A         21.1      N/A        4  EBITDA margin 6% weak (4/14 pts)
2015-12-26         N/A       N/A         14.9      N/A        3  EBITDA margin 7% weak (3/14 pts)
2014-12-27         N/A       N/A         18.0      N/A        3  EBITDA margin 7% weak (3/14 pts)
2013-12-28         N/A       N/A         -0.5      N/A       45  EBITDA margin -9% weak (14/14 pts); Leverage rule maxed: negative EBITDA — debt unservable from earnings (17/17 pts); Coverage rule maxed: negative EBITDA — interest uncovered by earnings (14/14 pts); Free cash flow negative (-491,000, -0% margin, 0/10 pts)
2012-12-29         N/A       N/A          9.9      N/A       42  EBITDA margin -2% weak (11/14 pts); Leverage rule maxed: negative EBITDA — debt unservable from earnings (17/17 pts); Coverage rule maxed: negative EBITDA — interest uncovered by earnings (14/14 pts)
2011-12-31         N/A       N/A         10.8      N/A        1  EBITDA margin 9% weak (1/14 pts)
2010-12-25         N/A       N/A         14.9      N/A        0  —
==========================================================================================

  Leverage audit (2025-12-27):
    total_debt: 305,089,000  [us-gaap/LongTermDebt]
    cash: 227,053,000  [us-gaap/CashAndCashEquivalentsAtCarryingValue]
    operating_income: -69,769,000  [us-gaap/OperatingIncomeLoss]
    depreciation: 50,685,000  [us-gaap/DepreciationDepletionAndAmortization]
[61/150] COHU     ok   (ok=60 fail=1)
Tracking CL...
  CIK: 0000021665
  Extracting ratios for 18 periods...

==========================================================================================
  CL — Credit Ratio Summary
==========================================================================================
Period          Leverage  Coverage   FCF ($M)  Liquidity  Score  Alerts
------------------------------------------------------------------------------------------
2025-12-31          1.66     14.58     3634.0       1.16      5  Debt to assets 55% elevated (5/9 pts)
2024-12-31          1.21     16.14     3546.0       1.68      3  Debt to assets 48% elevated (3/9 pts); Maturity wall: 31% of debt due within 3 years (0/6 pts)
2023-12-31          1.59     15.22     3040.0      48.30      4  Debt to assets 50% elevated (4/9 pts)
2022-12-31          2.32     19.99     1860.0      55.36      6  Cash flow to debt 29% weak (1/15 pts); Debt to assets 56% elevated (6/9 pts)
2021-12-31          1.64     19.94     2758.0      69.33      3  Debt to assets 48% elevated (3/9 pts); Maturity wall: 31% of debt due within 3 years (0/6 pts)
2020-12-31          1.46     24.04     3310.0      98.67      2  Debt to assets 46% elevated (2/9 pts); Maturity wall: 31% of debt due within 3 years (0/6 pts)
2019-12-31          1.58     21.10     2798.0       3.48      4  Debt to assets 50% elevated (4/9 pts)
2018-12-31          1.34     21.56     2620.0      N/A        4  Debt to assets 52% elevated (4/9 pts)
2017-12-31          1.24     26.05     2501.0      N/A        4  Debt to assets 52% elevated (4/9 pts)
2016-12-31          1.22     27.61     2548.0      N/A        5  Debt to assets 54% elevated (5/9 pts); Maturity wall: 31% of debt due within 3 years (0/6 pts)
2015-12-31          1.73     23.29     2258.0       3.26      6  Debt to assets 57% elevated (6/9 pts)
2014-12-31          1.26     29.84     2541.0       2.23      3  Debt to assets 49% elevated (3/9 pts)
2013-12-31          1.17     33.57     2534.0       1.07      3  Debt to assets 47% elevated (3/9 pts)
2012-12-31          0.99     53.26     2631.0       3.54      1  Debt to assets 41% elevated (0/9 pts); Maturity wall: 34% of debt due within 3 years (0/6 pts)
2011-12-31          0.91     72.24     2359.0       2.54      1  Debt to assets 40% elevated (0/9 pts); Maturity wall: 36% of debt due within 3 years (1/6 pts)
2010-12-31          0.75     56.01     2661.0       0.87      2  Liquidity 0.87× thin (2/9 pts); Maturity wall: 38% of debt due within 3 years (1/6 pts)
2009-12-31          0.64     38.88     2702.0       1.84      0  —
2008-12-31          0.88     29.99     1618.0       6.10      0  —
==========================================================================================

  Leverage audit (2025-12-31):
    total_debt: 7,839,000,000  [us-gaap/LongTermDebt]
    cash: 1,288,000,000  [us-gaap/CashAndCashEquivalentsAtCarryingValue]
    operating_income: 3,306,000,000  [us-gaap/OperatingIncomeLoss]
    depreciation: 630,000,000  [us-gaap/DepreciationDepletionAndAmortization]
[62/150] CL       ok   (ok=61 fail=1)
Tracking CBSH...
  CIK: 0000022356
  Extracting ratios for 17 periods...

==========================================================================================
  CBSH — Credit Ratio Summary
==========================================================================================
Period          Leverage  Coverage   FCF ($M)  Liquidity  Score  Alerts
------------------------------------------------------------------------------------------
2025-12-31         N/A        2.12      592.4      N/A        9  Interest coverage 2.1× thin (9/14 pts)
2024-12-31         N/A        1.71      531.7      N/A       11  Interest coverage 1.7× thin (11/14 pts)
2023-12-31         N/A        1.75      400.7      N/A       10  Interest coverage 1.7× thin (10/14 pts)
2022-12-31         N/A       11.96      494.2      N/A        0  —
2021-12-31         N/A       56.83      541.0      N/A        0  —
2020-12-31         N/A       11.33      590.9      N/A        0  —
2019-12-31         N/A        5.54      470.2      N/A        0  —
2018-12-31         N/A        8.92      519.4      N/A        0  —
2017-12-31         -1.08     10.75      402.4      N/A        0  —
2016-12-31         N/A       13.39      407.9      N/A        0  —
2015-12-31         N/A       15.18      257.2      N/A        0  —
2014-12-31         N/A       15.19      317.2      N/A        0  —
2013-12-31         -1.91     13.79      337.1      N/A        0  —
2012-12-31         -0.62     11.61      348.1      N/A        0  —
2011-12-31         -0.01      8.24      386.0      38.34      0  —
2010-12-31         N/A        4.39      652.6      N/A        0  —
2009-12-31         N/A        1.91      266.0      N/A       10  Interest coverage 1.9× thin (10/14 pts)
==========================================================================================
[63/150] CBSH     ok   (ok=62 fail=1)
Tracking CMC...
  CIK: 0000022444
  Extracting ratios for 17 periods...

==========================================================================================
  CMC — Credit Ratio Summary
==========================================================================================
Period          Leverage  Coverage   FCF ($M)  Liquidity  Score  Alerts
------------------------------------------------------------------------------------------
2025-08-31          0.41     51.16      312.2      23.56      5  EBITDA margin 5% weak (5/14 pts)
2024-08-31          0.22     19.13      575.4      22.12      0  —
2023-08-31          0.35     33.41      737.4      14.62      0  —
2022-08-31          0.46     33.33      250.3       1.73      0  —
2021-08-31          0.75     13.52       44.3      17.90      7  Cash flow to debt 22% weak (6/15 pts); Maturity wall: 39% of debt due within 3 years (1/6 pts)
2020-08-31          0.93      8.68      603.6      29.87      1  EBITDA margin 10% weak (0/14 pts); Maturity wall: 34% of debt due within 3 years (0/6 pts)
2019-08-31          2.49      5.98     -101.8      48.98     19  EBITDA margin 7% weak (2/14 pts); Free cash flow negative (-101,832,000, -2% margin, 2/10 pts); Cash flow to debt 3% weak (15/15 pts)
2018-08-31          1.84      7.25      -16.0      N/A       16  EBITDA margin 6% weak (3/14 pts); Free cash flow negative (-15,975,000, -0% margin, 0/10 pts); Cash flow to debt 14% weak (12/15 pts)
2017-08-31          3.41      3.86      -38.6      N/A       16  EBITDA margin 4% weak (5/14 pts); Leverage 3.4× elevated (2/17 pts); Interest coverage 3.9× thin (1/14 pts); Free cash flow negative (-38,648,000, -1% margin, 1/10 pts); Cash flow to debt 21% weak (7/15 pts)
2016-08-31          2.63      3.41      423.5      N/A       11  EBITDA margin 6% weak (4/14 pts); Interest coverage 3.4× thin (3/14 pts); Maturity wall: 69% of debt due within 3 years (5/6 pts)
2015-08-31          2.13      4.85      193.9      24.16     13  EBITDA margin 6% weak (4/14 pts); Cash flow to debt 24% weak (4/15 pts); Maturity wall: 73% of debt due within 3 years (5/6 pts)
2014-08-31          3.04      3.61       35.2      35.39     23  EBITDA margin 4% weak (6/14 pts); Leverage 3.0× elevated (0/17 pts); Interest coverage 3.6× thin (2/14 pts); Cash flow to debt 11% weak (15/15 pts); Maturity wall: 33% of debt due within 3 years (0/6 pts)
2013-08-31          3.36      3.87       58.7      63.41     22  EBITDA margin 4% weak (6/14 pts); Leverage 3.4× elevated (2/17 pts); Interest coverage 3.9× thin (1/14 pts); Cash flow to debt 11% weak (14/15 pts)
2012-08-31          3.00      4.32       82.1      10.69     16  EBITDA margin 4% weak (6/14 pts); Cash flow to debt 17% weak (10/15 pts)
2011-08-31         20.29      0.70      -45.5       3.78     55  EBITDA margin 1% weak (9/14 pts); Leverage 20.3× elevated (17/17 pts); Interest coverage 0.7× thin (14/14 pts); Free cash flow negative (-45,468,000, -1% margin, 1/10 pts); Cash flow to debt 2% weak (15/15 pts) *** STRESS ***
2010-08-31        -23.23     -0.47      -82.2      13.05     57  EBITDA margin -1% weak (10/14 pts); Leverage rule maxed: negative EBITDA — debt unservable from earnings (17/17 pts); Coverage rule maxed: negative EBITDA — interest uncovered by earnings (14/14 pts); Free cash flow negative (-82,211,000, -1% margin, 1/10 pts); Cash flow to debt 4% weak (15/15 pts) *** STRESS ***
2009-08-31         N/A        2.03      436.8      N/A       16  EBITDA margin 2% weak (7/14 pts); Interest coverage 2.0× thin (9/14 pts)
==========================================================================================

  Leverage audit (2025-08-31):
    total_debt: 1,205,168,000  [us-gaap/LongTermDebt]
    cash: 1,043,252,000  [us-gaap/CashCashEquivalentsAndShortTermInvestments]
    operating_income: 107,545,000  [us-gaap/IncomeLossFromContinuingOperationsBeforeIncomeTaxesExtraordinaryItemsNoncontrollingInterest]
    depreciation: 285,877,000  [us-gaap/DepreciationDepletionAndAmortization]
[64/150] CMC      ok   (ok=63 fail=1)
Tracking CRK...
  CIK: 0000023194
  Extracting ratios for 17 periods...

==========================================================================================
  CRK — Credit Ratio Summary
==========================================================================================
Period          Leverage  Coverage   FCF ($M)  Liquidity  Score  Alerts
------------------------------------------------------------------------------------------
2025-12-31          2.16      6.10     -449.7      N/A       10  Free cash flow negative (-449,673,000, -20% margin, 10/10 pts)
2024-12-31          4.70      3.30     -477.1      N/A       32  Leverage 4.7× elevated (10/17 pts); Interest coverage 3.3× thin (3/14 pts); Free cash flow negative (-477,141,000, -38% margin, 10/10 pts); Cash flow to debt 21% weak (7/15 pts); Debt to assets 46% elevated (2/9 pts)
2023-12-31          3.14      4.94     -408.2      N/A       12  Leverage 3.1× elevated (1/17 pts); Free cash flow negative (-408,240,000, -26% margin, 10/10 pts); Debt to assets 42% elevated (1/9 pts)
2022-12-31          0.76     16.20      630.6      N/A        0  —
2021-12-31          1.89      6.27      169.8      N/A        6  Debt to assets 56% elevated (6/9 pts)
2020-12-31          4.29      2.47       66.0      N/A       25  Leverage 4.3× elevated (7/17 pts); Interest coverage 2.5× thin (7/14 pts); Cash flow to debt 23% weak (5/15 pts); Debt to assets 54% elevated (5/9 pts)
2019-12-31          4.50      3.41      -35.5      N/A       30  Leverage 4.5× elevated (8/17 pts); Interest coverage 3.4× thin (3/14 pts); Free cash flow negative (-35,544,000, -5% margin, 5/10 pts); Cash flow to debt 18% weak (9/15 pts); Debt to assets 54% elevated (5/9 pts)
2018-12-31          7.18      3.90      -67.5      N/A       49  Leverage 7.2× elevated (17/17 pts); Interest coverage 3.9× thin (0/14 pts); Free cash flow negative (-67,484,000, -30% margin, 10/10 pts); Cash flow to debt 8% weak (15/15 pts); Debt to assets 57% elevated (6/9 pts)
2017-12-31          8.50      0.84       -5.9      N/A       53  Leverage 8.5× elevated (17/17 pts); Interest coverage 0.8× thin (14/14 pts); Free cash flow negative (-5,867,000, -2% margin, 2/10 pts); Cash flow to debt 16% weak (11/15 pts); Debt to assets 119% elevated (9/9 pts) *** STRESS ***
2016-12-31        -23.13     -0.33      -81.2      N/A       60  Leverage rule maxed: negative EBITDA — debt unservable from earnings (17/17 pts); Coverage rule maxed: negative EBITDA — interest uncovered by earnings (14/14 pts); Cash flow to debt -2% weak (15/15 pts); Debt to assets 117% elevated (9/9 pts); Distress escalation: 4 core signals severe (leverage>5x, coverage<2x, cash_flow_to_debt<30%, debt_to_assets>40%) — score floored at 60 *** STRESS ***
2015-12-31         -1.32     -7.12     -234.1      N/A       60  Leverage rule maxed: negative EBITDA — debt unservable from earnings (17/17 pts); Coverage rule maxed: negative EBITDA — interest uncovered by earnings (14/14 pts); Cash flow to debt 2% weak (15/15 pts); Debt to assets 104% elevated (9/9 pts); Distress escalation: 4 core signals severe (leverage>5x, coverage<2x, cash_flow_to_debt<30%, debt_to_assets>40%) — score floored at 60 *** STRESS ***
2014-12-31          3.09      5.90     -233.8      N/A       13  Leverage 3.1× elevated (0/17 pts); Free cash flow negative (-233,803,000, -42% margin, 10/10 pts); Debt to assets 47% elevated (2/9 pts)
2013-12-31          3.01      3.62     -161.0      N/A       12  Interest coverage 3.6× thin (2/14 pts); Free cash flow negative (-160,965,000, -38% margin, 10/10 pts)
2012-12-31          5.65      3.62     -325.9      N/A       39  Leverage 5.6× elevated (15/17 pts); Interest coverage 3.6× thin (2/14 pts); Free cash flow negative (-325,882,000, -80% margin, 10/10 pts); Cash flow to debt 20% weak (8/15 pts); Debt to assets 52% elevated (4/9 pts); Maturity wall: 33% of debt due within 3 years (0/6 pts)
2011-12-31          4.76      5.84     -720.6      N/A       26  Leverage 4.8× elevated (10/17 pts); Free cash flow negative (-720,599,000, -166% margin, 10/10 pts); Cash flow to debt 24% weak (5/15 pts); Debt to assets 45% elevated (2/9 pts)
2010-12-31          2.54      6.85     -225.7      N/A       10  Free cash flow negative (-225,738,000, -65% margin, 10/10 pts)
2009-12-31          2.09     11.30     -173.7      N/A       10  Free cash flow negative (-173,730,000, -59% margin, 10/10 pts)
==========================================================================================

  Leverage audit (2025-12-31):
    total_debt: 2,809,066,000  [us-gaap/LongTermDebtNoncurrent]
    cash: 23,930,000  [us-gaap/CashAndCashEquivalentsAtCarryingValue]
    operating_income: 645,852,000  [us-gaap/OperatingIncomeLoss]
    depreciation: 641,163,000  [us-gaap/DepreciationDepletionAndAmortization]
[65/150] CRK      ok   (ok=64 fail=1)
Tracking CMTL...
  CIK: 0000023197
  Extracting ratios for 17 periods...

==========================================================================================
  CMTL — Credit Ratio Summary
==========================================================================================
Period          Leverage  Coverage   FCF ($M)  Liquidity  Score  Alerts
------------------------------------------------------------------------------------------
2025-07-31         -0.58     -2.79      -16.9       9.88     63  EBITDA margin -25% weak (14/14 pts); Leverage rule maxed: negative EBITDA — debt unservable from earnings (17/17 pts); Coverage rule maxed: negative EBITDA — interest uncovered by earnings (14/14 pts); Free cash flow negative (-16,857,000, -3% margin, 3/10 pts); Cash flow to debt -7% weak (15/15 pts); Distress escalation: 4 core signals severe (profitability, leverage>5x, coverage<2x, cash_flow_to_debt<30%) — score floored at 60 *** STRESS ***
2024-07-31         -2.04     -3.06      -67.6       8.01     70  EBITDA margin -13% weak (14/14 pts); Leverage rule maxed: negative EBITDA — debt unservable from earnings (17/17 pts); Coverage rule maxed: negative EBITDA — interest uncovered by earnings (14/14 pts); Free cash flow negative (-67,578,000, -13% margin, 10/10 pts); Cash flow to debt -31% weak (15/15 pts); Distress escalation: 5 core signals severe (profitability, leverage>5x, coverage<2x, cash_flow_to_debt<30%, fcf_negative) — score floored at 60 *** STRESS ***
2023-07-31        -51.52     -0.18      -22.7       4.33     60  EBITDA margin -0% weak (10/14 pts); Leverage rule maxed: negative EBITDA — debt unservable from earnings (17/17 pts); Coverage rule maxed: negative EBITDA — interest uncovered by earnings (14/14 pts); Free cash flow negative (-22,744,000, -4% margin, 4/10 pts); Cash flow to debt -3% weak (15/15 pts) *** STRESS ***
2022-07-31         -4.62     -4.66      -17.6      N/A       63  EBITDA margin -5% weak (14/14 pts); Leverage rule maxed: negative EBITDA — debt unservable from earnings (17/17 pts); Coverage rule maxed: negative EBITDA — interest uncovered by earnings (14/14 pts); Free cash flow negative (-17,622,000, -4% margin, 4/10 pts); Cash flow to debt 2% weak (15/15 pts); Distress escalation: 4 core signals severe (profitability, leverage>5x, coverage<2x, cash_flow_to_debt<30%) — score floored at 60 *** STRESS ***
2021-07-31         -2.89     -8.64      -56.7      N/A       70  EBITDA margin -10% weak (14/14 pts); Leverage rule maxed: negative EBITDA — debt unservable from earnings (17/17 pts); Coverage rule maxed: negative EBITDA — interest uncovered by earnings (14/14 pts); Free cash flow negative (-56,675,000, -10% margin, 10/10 pts); Cash flow to debt -20% weak (15/15 pts); Distress escalation: 5 core signals severe (profitability, leverage>5x, coverage<2x, cash_flow_to_debt<30%, fcf_negative) — score floored at 60 *** STRESS ***
2020-07-31          3.95      4.25       45.5      N/A       11  EBITDA margin 4% weak (5/14 pts); Leverage 3.9× elevated (5/17 pts)
2019-07-31          2.24      5.77       59.2      N/A        2  EBITDA margin 8% weak (2/14 pts)
2018-07-31          2.15      4.78       41.7       2.53      1  EBITDA margin 9% weak (1/14 pts)
2017-07-31          2.61      4.42       58.5       2.70      1  EBITDA margin 9% weak (1/14 pts)
2016-07-31         18.71      1.19        9.3       6.04     52  EBITDA margin 2% weak (7/14 pts); Leverage 18.7× elevated (17/17 pts); Interest coverage 1.2× thin (13/14 pts); Cash flow to debt 6% weak (15/15 pts) *** STRESS ***
2015-07-31         -3.72     84.76       18.4      N/A        0  —
2014-07-31         N/A        8.03       29.7      N/A        0  —
2013-07-31         N/A        5.19       32.3       1.78      0  —
2012-07-31         N/A        6.96       47.1      N/A        0  —
2011-07-31         N/A       14.50       90.2      N/A        0  —
2010-07-31         N/A       14.67      117.1      N/A        0  —
2009-07-31         N/A       13.98       75.0      N/A        0  —
==========================================================================================

  Leverage audit (2025-07-31):
    total_debt: 114,414,000  [us-gaap/LongTermDebtNoncurrent]
    cash: 40,019,000  [us-gaap/CashAndCashEquivalentsAtCarryingValue]
    operating_income: -139,098,000  [us-gaap/OperatingIncomeLoss]
    depreciation: 11,798,000  [us-gaap/DepreciationAndAmortization]
[66/150] CMTL     ok   (ok=65 fail=1)
Tracking CAG...
  CIK: 0000023217
  Extracting ratios for 17 periods...

==========================================================================================
  CAG — Credit Ratio Summary
==========================================================================================
Period          Leverage  Coverage   FCF ($M)  Liquidity  Score  Alerts
------------------------------------------------------------------------------------------
2025-05-25          4.10    128.09     1302.6       0.08     26  Leverage 4.1× elevated (6/17 pts); Liquidity 0.08× thin (9/9 pts); Cash flow to debt 21% weak (7/15 pts); Maturity wall: 62% of debt due within 3 years (4/6 pts)
2024-05-26          4.72    131.32     1627.5       0.08     25  Leverage 4.7× elevated (10/17 pts); Liquidity 0.08× thin (9/9 pts); Cash flow to debt 24% weak (5/15 pts); Debt to assets 40% elevated (0/9 pts); Maturity wall: 43% of debt due within 3 years (2/6 pts)
2023-05-28          4.64    346.06      633.2       0.15     38  Leverage 4.6× elevated (9/17 pts); Liquidity 0.15× thin (9/9 pts); Cash flow to debt 11% weak (14/15 pts); Debt to assets 42% elevated (1/9 pts); Maturity wall: 70% of debt due within 3 years (5/6 pts)
2022-05-29          4.44    302.00      712.9       0.45     32  Leverage 4.4× elevated (8/17 pts); Liquidity 0.45× thin (7/9 pts); Cash flow to debt 13% weak (13/15 pts); Maturity wall: 63% of debt due within 3 years (4/6 pts)
2021-05-30          3.25    308.38      961.7       0.11     25  Leverage 3.3× elevated (1/17 pts); Liquidity 0.11× thin (9/9 pts); Cash flow to debt 16% weak (10/15 pts); Debt to assets 41% elevated (0/9 pts); Maturity wall: 63% of debt due within 3 years (4/6 pts)
2020-05-31          4.17    242.25     1473.1     503.00     22  Leverage 4.2× elevated (7/17 pts); Cash flow to debt 19% weak (8/15 pts); Debt to assets 44% elevated (1/9 pts); Maturity wall: 76% of debt due within 3 years (6/6 pts)
2019-05-26          5.29     N/A        772.4     236.60     34  Leverage 5.3× elevated (13/17 pts); Cash flow to debt 11% weak (15/15 pts); Debt to assets 48% elevated (3/9 pts); Maturity wall: 55% of debt due within 3 years (3/6 pts)
2018-05-27          2.04     N/A        702.6       0.42     13  Liquidity 0.42× thin (7/9 pts); Cash flow to debt 25% weak (4/15 pts); Maturity wall: 51% of debt due within 3 years (2/6 pts)
2017-05-28          1.80     N/A        933.4       1.26      1  Maturity wall: 39% of debt due within 3 years (1/6 pts)
2016-05-29          2.23      7.03      777.6      N/A       12  Cash flow to debt 22% weak (6/15 pts); Debt to assets 41% elevated (0/9 pts); Maturity wall: 86% of debt due within 3 years (6/6 pts)
2015-05-31          9.97      2.34     1008.7      N/A       41  Leverage 10.0× elevated (17/17 pts); Interest coverage 2.3× thin (8/14 pts); Cash flow to debt 19% weak (8/15 pts); Debt to assets 45% elevated (2/9 pts); Maturity wall: 87% of debt due within 3 years (6/6 pts)
2014-05-25          4.58      5.04      948.8       1.34     21  Leverage 4.6× elevated (9/17 pts); Cash flow to debt 17% weak (10/15 pts); Debt to assets 47% elevated (2/9 pts)
2013-05-26          4.03      8.28      953.5       0.99     21  Leverage 4.0× elevated (6/17 pts); Liquidity 0.99× thin (0/9 pts); Cash flow to debt 15% weak (11/15 pts); Debt to assets 47% elevated (2/9 pts); Maturity wall: 37% of debt due within 3 years (1/6 pts)
2012-05-27          1.42      9.66      715.3       2.58      6  Maturity wall: 97% of debt due within 3 years (6/6 pts)
2011-05-29          1.11     11.32      886.1      N/A        6  Maturity wall: 92% of debt due within 3 years (6/6 pts)
2010-05-30          1.29     12.31      989.8      N/A        0  —
2009-05-31         N/A        9.65     -305.6      N/A        2  Free cash flow negative (-305,600,000, -2% margin, 2/10 pts)
==========================================================================================

  Leverage audit (2025-05-25):
    total_debt: 7,260,000,000  [us-gaap/LongTermDebt]
    cash: 68,000,000  [us-gaap/CashAndCashEquivalentsAtCarryingValue]
    operating_income: 1,364,600,000  [us-gaap/OperatingIncomeLoss]
    depreciation: 390,200,000  [us-gaap/DepreciationDepletionAndAmortization]
[67/150] CAG      ok   (ok=66 fail=1)
Tracking CTO...
  CIK: 0000023795
  Extracting ratios for 16 periods...

==========================================================================================
  CTO — Credit Ratio Summary
==========================================================================================
Period          Leverage  Coverage   FCF ($M)  Liquidity  Score  Alerts
------------------------------------------------------------------------------------------
2025-12-31          6.49      3.49        N/A      N/A       41  Leverage 6.5× elevated (17/17 pts); Interest coverage 3.5× thin (2/14 pts); Cash flow to debt 10% weak (15/15 pts); Debt to assets 49% elevated (3/9 pts); Maturity wall: 60% of debt due within 3 years (4/6 pts)
2024-12-31          6.17      3.67        N/A      N/A       36  Leverage 6.2× elevated (17/17 pts); Interest coverage 3.7× thin (2/14 pts); Cash flow to debt 13% weak (12/15 pts); Debt to assets 44% elevated (1/9 pts); Maturity wall: 62% of debt due within 3 years (4/6 pts)
2023-12-31          6.86      3.16        N/A      N/A       40  Leverage 6.9× elevated (17/17 pts); Interest coverage 3.2× thin (4/14 pts); Cash flow to debt 9% weak (15/15 pts); Debt to assets 50% elevated (4/9 pts)
2022-12-31         10.79      3.56     -329.1      N/A       44  Leverage 10.8× elevated (17/17 pts); Interest coverage 3.6× thin (2/14 pts); Free cash flow negative (-329,068,000, -400% margin, 10/10 pts); Cash flow to debt 13% weak (13/15 pts); Debt to assets 45% elevated (2/9 pts)
2021-12-31          6.14      4.92     -229.3      N/A       42  Leverage 6.1× elevated (17/17 pts); Free cash flow negative (-229,277,000, -326% margin, 10/10 pts); Cash flow to debt 10% weak (15/15 pts)
2020-12-31          8.58      2.89       15.3       0.19     52  Leverage 8.6× elevated (17/17 pts); Interest coverage 2.9× thin (5/14 pts); Liquidity 0.19× thin (9/9 pts); Cash flow to debt 6% weak (15/15 pts); Debt to assets 44% elevated (2/9 pts); Maturity wall: 67% of debt due within 3 years (4/6 pts) *** STRESS ***
2019-12-31          5.62      4.01       15.7       0.09     43  Leverage 5.6× elevated (15/17 pts); Liquidity 0.09× thin (9/9 pts); Cash flow to debt 5% weak (15/15 pts); Debt to assets 52% elevated (4/9 pts); Maturity wall: 34% of debt due within 3 years (0/6 pts)
2018-12-31          3.10      7.60       48.0      N/A       16  Leverage 3.1× elevated (0/17 pts); Cash flow to debt 20% weak (8/15 pts); Debt to assets 45% elevated (2/9 pts); Maturity wall: 88% of debt due within 3 years (6/6 pts)
2017-12-31          3.58      6.21       56.8      N/A        5  Leverage 3.6× elevated (3/17 pts); Cash flow to debt 29% weak (0/15 pts); Debt to assets 42% elevated (1/9 pts); Maturity wall: 38% of debt due within 3 years (1/6 pts)
2016-12-31          3.48      5.20      -78.3      N/A       28  Leverage 3.5× elevated (3/17 pts); Free cash flow negative (-78,261,723, -110% margin, 10/10 pts); Cash flow to debt 9% weak (15/15 pts); Debt to assets 41% elevated (0/9 pts)
2015-12-31          6.45      3.68      -86.1      N/A       40  Leverage 6.5× elevated (17/17 pts); Interest coverage 3.7× thin (2/14 pts); Free cash flow negative (-86,103,512, -200% margin, 10/10 pts); Cash flow to debt 15% weak (11/15 pts); Debt to assets 41% elevated (0/9 pts)
2014-12-31          6.35      6.59      -30.9      N/A       41  Leverage 6.3× elevated (17/17 pts); Free cash flow negative (-30,867,791, -87% margin, 10/10 pts); Cash flow to debt 11% weak (14/15 pts)
2013-12-31          6.36      5.02      -27.0      N/A       39  Leverage 6.4× elevated (17/17 pts); Free cash flow negative (-26,980,295, -104% margin, 10/10 pts); Cash flow to debt 17% weak (10/15 pts); Maturity wall: 52% of debt due within 3 years (3/6 pts)
2012-12-31          7.01      7.41      -21.4      N/A       60  Leverage 7.0× elevated (17/17 pts); Free cash flow negative (-21,413,273, -124% margin, 10/10 pts); Cash flow to debt 12% weak (14/15 pts); Maturity wall: 100% of debt due within 3 years (6/6 pts); Distress escalation: 4 core signals severe (leverage>5x, cash_flow_to_debt<30%, fcf_negative, maturity_wall) — score floored at 60 *** STRESS ***
2011-12-31         93.00      0.25       -5.4      N/A       60  EBITDA margin -6% weak (14/14 pts); Leverage 93.0× elevated (17/17 pts); Interest coverage 0.3× thin (14/14 pts); Cash flow to debt -14% weak (15/15 pts); Distress escalation: 4 core signals severe (profitability, leverage>5x, coverage<2x, cash_flow_to_debt<30%) — score floored at 60 *** STRESS ***
2010-12-31          3.11      6.96       -1.8      N/A       26  Leverage 3.1× elevated (1/17 pts); Free cash flow negative (-1,765,846, -75% margin, 10/10 pts); Cash flow to debt -3% weak (15/15 pts)
==========================================================================================

  Leverage audit (2025-12-31):
    total_debt: 616,345,000  [us-gaap/LongTermDebt]
    cash: 6,467,000  [us-gaap/CashAndCashEquivalentsAtCarryingValue]
    operating_income: 34,015,000  [us-gaap/OperatingIncomeLoss]
    depreciation: 60,015,000  [us-gaap/DepreciationDepletionAndAmortization]
[68/150] CTO      ok   (ok=67 fail=1)
Tracking TAP...
  CIK: 0000024545
  Extracting ratios for 20 periods...

==========================================================================================
  TAP — Credit Ratio Summary
==========================================================================================
Period          Leverage  Coverage   FCF ($M)  Liquidity  Score  Alerts
------------------------------------------------------------------------------------------
2025-12-31         -3.30     -6.70     1542.1       0.37     60  EBITDA margin -12% weak (14/14 pts); Leverage rule maxed: negative EBITDA — debt unservable from earnings (17/17 pts); Coverage rule maxed: negative EBITDA — interest uncovered by earnings (14/14 pts); Liquidity 0.37× thin (8/9 pts); Cash flow to debt 21% weak (7/15 pts); Maturity wall: 39% of debt due within 3 years (1/6 pts); Distress escalation: 4 core signals severe (profitability, leverage>5x, coverage<2x, liquidity<1x) — score floored at 60 *** STRESS ***
2024-12-31          2.05     10.88     1612.5      78.80      1  Maturity wall: 39% of debt due within 3 years (1/6 pts)
2023-12-31          2.51      9.06     1824.1       0.98      4  Liquidity 0.98× thin (0/9 pts); Cash flow to debt 29% weak (0/15 pts); Maturity wall: 53% of debt due within 3 years (3/6 pts)
2022-12-31          7.05      3.36     1267.7       1.59     29  EBITDA margin 7% weak (3/14 pts); Leverage 7.1× elevated (17/17 pts); Interest coverage 3.4× thin (3/14 pts); Cash flow to debt 22% weak (6/15 pts)
2021-12-31          2.91      8.61     1366.9       1.25      7  Cash flow to debt 21% weak (7/15 pts)
2020-12-31         14.51      1.87     1523.8       0.77     44  EBITDA margin 4% weak (5/14 pts); Leverage 14.5× elevated (17/17 pts); Interest coverage 1.9× thin (10/14 pts); Liquidity 0.77× thin (3/9 pts); Cash flow to debt 18% weak (9/15 pts)
2019-12-31          5.24      5.78     1682.4       0.57     26  Leverage 5.2× elevated (13/17 pts); Liquidity 0.57× thin (5/9 pts); Cash flow to debt 19% weak (8/15 pts)
2018-12-31          3.78      8.13     2094.8       0.67     17  Leverage 3.8× elevated (4/17 pts); Liquidity 0.67× thin (4/9 pts); Cash flow to debt 19% weak (8/15 pts); Maturity wall: 33% of debt due within 3 years (0/6 pts)
2017-12-31          4.14      7.27     1656.0     130.81     16  Leverage 4.1× elevated (6/17 pts); Cash flow to debt 17% weak (10/15 pts)
2016-12-31          3.11     13.61      949.5      80.13     16  Leverage 3.1× elevated (1/17 pts); Cash flow to debt 9% weak (15/15 pts); Debt to assets 41% elevated (0/9 pts)
2015-12-31          2.96      6.95      636.6      57.45      5  Cash flow to debt 24% weak (5/15 pts); Maturity wall: 33% of debt due within 3 years (0/6 pts)
2014-12-31          2.39      7.17     1013.1     127.47      2  Maturity wall: 50% of debt due within 3 years (2/6 pts)
2013-12-31          2.52      6.13      874.3       0.84      2  Liquidity 0.84× thin (2/9 pts)
2012-12-29          3.54      5.81      761.4      47.27     10  Leverage 3.5× elevated (3/17 pts); Cash flow to debt 21% weak (7/15 pts)
2011-12-31          0.79      9.35      632.7     490.41      0  —
2010-12-31          0.70      9.68      571.8    1106.91      0  Maturity wall: 31% of debt due within 3 years (0/6 pts)
2010-12-25          0.70      9.68      571.8    1106.91      0  —
2009-12-31          1.02      9.96      699.5       2.44      0  —
2009-12-26          1.04      9.75      699.5       2.44      0  —
2008-12-28          1.72      7.52      181.0    2162.00      5  Cash flow to debt 23% weak (5/15 pts)
==========================================================================================

  Leverage audit (2025-12-31):
    total_debt: 6,260,100,000  [us-gaap/LongTermDebt]
    cash: 896,500,000  [us-gaap/CashAndCashEquivalentsAtCarryingValue]
    operating_income: -2,336,900,000  [us-gaap/OperatingIncomeLoss]
    depreciation: 711,300,000  [us-gaap/DepreciationAndAmortization]
[69/150] TAP      ok   (ok=68 fail=1)
Tracking GLW...
  CIK: 0000024741
  Extracting ratios for 18 periods...

==========================================================================================
  GLW — Credit Ratio Summary
==========================================================================================
Period          Leverage  Coverage   FCF ($M)  Liquidity  Score  Alerts
------------------------------------------------------------------------------------------
2025-12-31          1.74    167.43     2454.0       1.90      0  —
2024-12-31          2.16    337.71     1790.0       5.42      2  Cash flow to debt 27% weak (2/15 pts)
2023-12-31          2.54      6.50     1788.0       5.56      2  Cash flow to debt 27% weak (2/15 pts)
2022-12-31          1.81      9.48     2201.0       7.46      0  —
2021-12-31          1.40     11.55     3055.0      39.05      0  —
2020-12-31          2.70      6.91     1949.0      35.63      2  Cash flow to debt 28% weak (2/15 pts)
2019-12-31          1.96     12.20     1439.0     221.27      3  Cash flow to debt 26% weak (3/15 pts)
2018-12-31          1.31     14.52     2507.0     588.75      0  —
2017-12-31          0.16     17.50     1420.0      N/A        0  —
2016-12-31         -0.65     15.86     2156.0      20.67      0  —
2015-12-31         -0.24     17.51     2531.0       7.87      0  —
2014-12-31         -0.67     25.19     4351.0     147.47      0  —
2013-12-31         -0.61     19.52     2602.0      N/A        0  —
2012-12-31         -0.67     20.71     2966.0      N/A        0  —
2011-12-31         -0.86     29.62     2717.0     172.63      0  —
2010-12-31         -0.86     24.28     3453.0      80.67      0  —
2009-12-31         -0.46     14.30     1860.0      34.34      0  —
2008-12-31         -0.16     37.36     1603.0      24.01      0  —
==========================================================================================

  Leverage audit (2025-12-31):
    total_debt: 7,630,000,000  [us-gaap/LongTermDebtAndCapitalLeaseObligations]
    cash: 1,526,000,000  [us-gaap/CashAndCashEquivalentsAtCarryingValue]
    operating_income: 2,279,000,000  [us-gaap/OperatingIncomeLoss]
    depreciation: 1,237,000,000  [us-gaap/Depreciation]
[70/150] GLW      ok   (ok=69 fail=1)
Tracking CUZ...
  CIK: 0000025232
  Extracting ratios for 15 periods...

==========================================================================================
  CUZ — Credit Ratio Summary
==========================================================================================
Period          Leverage  Coverage   FCF ($M)  Liquidity  Score  Alerts
------------------------------------------------------------------------------------------
2025-12-31          3.06      6.84      135.0      N/A       16  Leverage 3.1× elevated (0/17 pts); Cash flow to debt 12% weak (14/15 pts); Maturity wall: 44% of debt due within 3 years (2/6 pts)
2024-12-31          3.30      7.64      274.4      N/A       16  Leverage 3.3× elevated (2/17 pts); Cash flow to debt 13% weak (13/15 pts); Maturity wall: 47% of debt due within 3 years (2/6 pts)
2023-12-31          2.90      8.02      244.0      N/A       14  Cash flow to debt 15% weak (11/15 pts); Maturity wall: 53% of debt due within 3 years (3/6 pts)
2022-12-31          2.92     11.00      256.7      N/A       13  Cash flow to debt 16% weak (11/15 pts); Maturity wall: 47% of debt due within 3 years (2/6 pts)
2021-12-31          2.85     11.66      322.7      N/A       11  Cash flow to debt 17% weak (9/15 pts); Maturity wall: 45% of debt due within 3 years (2/6 pts)
2020-12-31          2.79     12.78        N/A      N/A       11  Cash flow to debt 16% weak (10/15 pts); Maturity wall: 40% of debt due within 3 years (1/6 pts)
2019-12-31          3.20     12.77        N/A      N/A       14  Leverage 3.2× elevated (1/17 pts); Cash flow to debt 14% weak (12/15 pts)
2018-12-31          2.09     12.87      160.6      N/A        6  Cash flow to debt 22% weak (6/15 pts)
2017-12-31          1.85     15.21        N/A      N/A        8  Cash flow to debt 19% weak (8/15 pts)
2016-12-31          3.76     13.44        N/A      N/A       22  Leverage 3.8× elevated (4/17 pts); Cash flow to debt 8% weak (15/15 pts); Maturity wall: 49% of debt due within 3 years (2/6 pts)
2015-12-31          1.91     12.26        N/A      N/A        7  Cash flow to debt 21% weak (7/15 pts); Maturity wall: 35% of debt due within 3 years (1/6 pts)
2014-12-31          2.23     12.22        N/A      N/A        9  Cash flow to debt 18% weak (9/15 pts)
2013-12-31          2.93      9.87        N/A      N/A        6  Cash flow to debt 22% weak (6/15 pts)
2012-12-31          8.00      1.30        N/A      N/A       35  Leverage 8.0× elevated (17/17 pts); Interest coverage 1.3× thin (13/14 pts); Cash flow to debt 22% weak (6/15 pts)
2011-12-31         -8.08     -2.38        N/A      N/A       63  EBITDA margin -37% weak (14/14 pts); Leverage rule maxed: negative EBITDA — debt unservable from earnings (17/17 pts); Coverage rule maxed: negative EBITDA — interest uncovered by earnings (14/14 pts); Cash flow to debt 10% weak (15/15 pts); Debt to assets 44% elevated (1/9 pts); Maturity wall: 44% of debt due within 3 years (2/6 pts); Distress escalation: 4 core signals severe (profitability, leverage>5x, coverage<2x, cash_flow_to_debt<30%) — score floored at 60 *** STRESS ***
==========================================================================================

  Leverage audit (2025-12-31):
    total_debt: 3,340,815,000  [us-gaap/LongTermDebt]
    cash: 5,720,000  [us-gaap/CashAndCashEquivalentsAtCarryingValue]
    operating_income: 673,311,000  [us-gaap/OperatingIncomeLoss]
    depreciation: 415,359,000  [us-gaap/DepreciationDepletionAndAmortization]
[71/150] CUZ      ok   (ok=70 fail=1)
Tracking CXT...
  CIK: 0000025445
  Extracting ratios for 17 periods...

==========================================================================================
  CXT — Credit Ratio Summary
==========================================================================================
Period          Leverage  Coverage   FCF ($M)  Liquidity  Score  Alerts
------------------------------------------------------------------------------------------
2025-12-31          2.18      6.35      198.3       1.73      7  Cash flow to debt 21% weak (7/15 pts)
2024-12-31          1.05      8.06      168.7       0.79      4  Liquidity 0.79× thin (2/9 pts); Cash flow to debt 29% weak (1/15 pts)
2023-12-31          1.13      8.08      245.2      49.39      0  —
2022-12-31         -0.23      9.36     -210.0       0.94     26  Free cash flow negative (-210,000,000, -16% margin, 10/10 pts); Liquidity 0.94× thin (1/9 pts); Cash flow to debt -12% weak (15/15 pts)
2021-12-31          0.59     13.26      446.8      N/A        0  —
2020-12-31          0.75      7.06      275.4       1.47      4  Cash flow to debt 25% weak (4/15 pts)
2019-12-31          1.38      6.92      325.1       2.64      0  EBITDA margin 10% weak (0/14 pts)
2018-12-31          1.08     11.03      305.0      49.77      0  —
2017-12-31         -0.45     13.15      268.5       2.83      0  —
2016-12-31          0.88      7.33      266.6      N/A        0  EBITDA margin 10% weak (0/14 pts)
2015-12-31          0.88     11.70      189.7       7.33      1  Cash flow to debt 29% weak (1/15 pts)
2014-12-31          1.03     10.00      220.2       3.43      0  —
2013-12-31          1.19     15.22      210.0       2.15      2  Cash flow to debt 27% weak (2/15 pts)
2012-12-31         -0.07     13.70      205.4     377.51      0  —
2011-12-31          1.46      4.01      115.1     220.40      6  EBITDA margin 4% weak (6/14 pts)
2010-12-31          0.43     10.99      112.5     277.38      0  —
2009-12-31          0.10      9.82      160.7     345.75      0  —
==========================================================================================

  Leverage audit (2025-12-31):
    total_debt: 1,004,400,000  [us-gaap/LongTermDebt]
    cash: 233,800,000  [us-gaap/CashAndCashEquivalentsAtCarryingValue]
    operating_income: 246,700,000  [us-gaap/OperatingIncomeLoss]
    depreciation: 106,600,000  [us-gaap/DepreciationDepletionAndAmortization]
[72/150] CXT      ok   (ok=71 fail=1)
Tracking CRD.B...
[73/150] CRD.B    FAIL   (ok=71 fail=2)
Tracking CMI...
  CIK: 0000026172
  Extracting ratios for 18 periods...

==========================================================================================
  CMI — Credit Ratio Summary
==========================================================================================
Period          Leverage  Coverage   FCF ($M)  Liquidity  Score  Alerts
------------------------------------------------------------------------------------------
2025-12-31          0.79     15.59     2386.0      30.27      1  Maturity wall: 37% of debt due within 3 years (1/6 pts)
2024-12-31          0.78     13.01      279.0       2.53      7  Cash flow to debt 24% weak (4/15 pts); Maturity wall: 50% of debt due within 3 years (2/6 pts)
2023-12-31          0.98      7.43     2753.0      18.47      6  EBITDA margin 8% weak (2/14 pts); Maturity wall: 69% of debt due within 3 years (5/6 pts)
2022-12-31          0.80     18.66     1046.0       3.67      6  Maturity wall: 96% of debt due within 3 years (6/6 pts)
2021-12-31          0.31     30.34     1522.0      43.93      3  Maturity wall: 54% of debt due within 3 years (3/6 pts)
2020-12-31          0.09     29.42     2194.0      54.85      3  Maturity wall: 55% of debt due within 3 years (3/6 pts)
2019-12-31          0.14     30.94     2481.0      36.42      0  —
2018-12-31          0.10     29.80     1669.0      28.96      0  —
2017-12-31          0.10     36.40     1771.0      21.73      6  Maturity wall: 91% of debt due within 3 years (6/6 pts)
2016-12-31          0.20     35.62     1404.0      32.00      6  Maturity wall: 89% of debt due within 3 years (6/6 pts)
2015-12-31         -0.04     39.55     1315.0      71.29      6  Maturity wall: 79% of debt due within 3 years (6/6 pts)
2014-12-31         -0.24     44.06     1523.0      26.76      5  Maturity wall: 70% of debt due within 3 years (5/6 pts)
2013-12-31         -0.43     61.17     1413.0     158.76      6  Maturity wall: 88% of debt due within 3 years (6/6 pts)
2012-12-31         -0.27     81.72      842.0      85.56      6  Maturity wall: 84% of debt due within 3 years (6/6 pts)
2011-12-31         -0.28     68.32     1451.0      53.00      6  Maturity wall: 84% of debt due within 3 years (6/6 pts)
2010-12-31         -0.20     48.05      642.0      12.48      6  Maturity wall: 90% of debt due within 3 years (6/6 pts)
2009-12-31         -0.37     28.80      827.0      25.14      1  EBITDA margin 9% weak (1/14 pts)
2008-12-31          0.13     37.76      444.0      10.92      0  —
==========================================================================================

  Leverage audit (2025-12-31):
    total_debt: 6,886,000,000  [us-gaap/DebtAndCapitalLeaseObligations]
    cash: 2,845,000,000  [us-gaap/CashAndCashEquivalentsAtCarryingValue]
    operating_income: 4,025,000,000  [us-gaap/OperatingIncomeLoss]
    depreciation: 1,105,000,000  [us-gaap/DepreciationDepletionAndAmortization]
[74/150] CMI      ok   (ok=72 fail=2)
Tracking CW...
  CIK: 0000026324
  Extracting ratios for 17 periods...

==========================================================================================
  CW — Credit Ratio Summary
==========================================================================================
Period          Leverage  Coverage   FCF ($M)  Liquidity  Score  Alerts
------------------------------------------------------------------------------------------
2025-12-31          0.77   3282.85      553.7       1.86      1  Maturity wall: 37% of debt due within 3 years (1/6 pts)
2024-12-31          1.04   2127.97      483.3       4.28      0  —
2023-12-31          1.07     11.69      403.4      N/A        0  —
2022-12-31          1.86     11.40      256.6       1.27      7  Cash flow to debt 20% weak (7/15 pts)
2021-12-31          1.77     12.35      346.6      N/A        0  —
2020-12-31          2.12     11.39      213.7       1.98      6  Cash flow to debt 23% weak (6/15 pts)
2019-12-31          0.73     16.15      351.7      N/A        0  —
2018-12-31          1.02     14.02      282.9    1136.07      0  —
2017-12-31          0.77     10.60      336.0    3167.47      0  —
2016-12-31          1.02      9.80      376.4       3.68      0  —
2015-12-31          1.62     11.42      127.0     229.31     10  Cash flow to debt 17% weak (10/15 pts)
2014-12-31          1.26     11.21      264.7     421.06      0  —
2013-12-31          2.21      9.59      165.6     131.40      4  Cash flow to debt 25% weak (4/15 pts)
2012-12-31          3.01      9.70       69.5       0.87     13  Liquidity 0.87× thin (2/9 pts); Cash flow to debt 15% weak (11/15 pts)
2011-12-31          1.34     14.08      117.5      77.69      0  —
2010-12-31          1.26     11.75      118.7      26.18      0  —
2009-12-31          1.30      9.81      120.9       0.80      2  Liquidity 0.80× thin (2/9 pts)
==========================================================================================

  Leverage audit (2025-12-31):
    total_debt: 957,884,000  [us-gaap/LongTermDebt]
    cash: 371,345,000  [us-gaap/CashAndCashEquivalentsAtCarryingValue]
    operating_income: 633,521,000  [us-gaap/OperatingIncomeLoss]
    depreciation: 124,817,000  [us-gaap/DepreciationAndAmortization]
[75/150] CW       ok   (ok=73 fail=2)
Tracking DAN...
  CIK: 0000026780
  Extracting ratios for 16 periods...

==========================================================================================
  DAN — Credit Ratio Summary
==========================================================================================
Period          Leverage  Coverage   FCF ($M)  Liquidity  Score  Alerts
------------------------------------------------------------------------------------------
2025-12-31          4.33      2.67      479.0       0.76     33  EBITDA margin 6% weak (3/14 pts); Leverage 4.3× elevated (8/17 pts); Interest coverage 2.7× thin (6/14 pts); Liquidity 0.76× thin (3/9 pts); Cash flow to debt 16% weak (10/15 pts); Debt to assets 41% elevated (0/9 pts); Maturity wall: 51% of debt due within 3 years (2/6 pts)
2024-12-31          3.02      3.89      402.0      61.75     14  EBITDA margin 6% weak (4/14 pts); Leverage 3.0× elevated (0/17 pts); Interest coverage 3.9× thin (0/14 pts); Cash flow to debt 19% weak (8/15 pts); Maturity wall: 45% of debt due within 3 years (2/6 pts)
2023-12-31          2.92      4.60      428.0      24.05     12  EBITDA margin 7% weak (3/14 pts); Cash flow to debt 18% weak (9/15 pts)
2022-12-31          4.26      3.52      575.0       8.17     19  EBITDA margin 4% weak (5/14 pts); Leverage 4.3× elevated (7/17 pts); Interest coverage 3.5× thin (2/14 pts); Cash flow to debt 27% weak (2/15 pts); Maturity wall: 52% of debt due within 3 years (3/6 pts)
2021-12-31          2.79      5.80       67.0      11.65     16  EBITDA margin 8% weak (1/14 pts); Cash flow to debt 7% weak (15/15 pts)
2020-12-31          3.97      3.40      336.0      21.50     22  EBITDA margin 7% weak (3/14 pts); Leverage 4.0× elevated (6/17 pts); Interest coverage 3.4× thin (3/14 pts); Cash flow to debt 16% weak (11/15 pts)
2019-12-31          2.98      5.03      566.0      36.29      5  EBITDA margin 7% weak (3/14 pts); Cash flow to debt 27% weak (2/15 pts)
2018-12-31          1.48      8.74      477.0      63.75      0  —
2017-12-31          1.63      6.96      468.0      35.47      0  EBITDA margin 10% weak (0/14 pts)
2016-12-31          1.76      4.47      271.0      10.25      6  EBITDA margin 9% weak (1/14 pts); Cash flow to debt 23% weak (5/15 pts)
2015-12-31          1.38      4.88      351.0      35.95      4  EBITDA margin 9% weak (1/14 pts); Cash flow to debt 26% weak (3/15 pts)
2014-12-31          1.16      3.59      462.0      17.25      5  EBITDA margin 6% weak (3/14 pts); Interest coverage 3.6× thin (2/14 pts)
2013-12-31          0.57      5.48      534.0      22.04      2  EBITDA margin 8% weak (2/14 pts)
2012-12-31         -0.46      6.60      175.0      10.49      2  EBITDA margin 8% weak (2/14 pts)
2011-12-31         -0.15      6.49      174.0      13.11      3  EBITDA margin 7% weak (3/14 pts)
2010-12-31         -1.30      3.07      167.0       6.79      9  EBITDA margin 5% weak (5/14 pts); Interest coverage 3.1× thin (4/14 pts)
==========================================================================================

  Leverage audit (2025-12-31):
    total_debt: 2,566,000,000  [us-gaap/LongTermDebtAndCapitalLeaseObligations]
    cash: 469,000,000  [us-gaap/CashAndCashEquivalentsAtCarryingValue]
    operating_income: 139,000,000  [us-gaap/OperatingIncomeLoss]
    depreciation: 345,000,000  [us-gaap/Depreciation]
[76/150] DAN      ok   (ok=74 fail=2)
Tracking TGT...
  CIK: 0000027419
  Extracting ratios for 18 periods...

==========================================================================================
  TGT — Credit Ratio Summary
==========================================================================================
Period          Leverage  Coverage   FCF ($M)  Liquidity  Score  Alerts
------------------------------------------------------------------------------------------
2026-01-31          1.08    104.44     2835.0      N/A        2  EBITDA margin 8% weak (2/14 pts)
2025-02-01          1.07    111.00     4476.0      N/A        2  EBITDA margin 8% weak (2/14 pts)
2024-02-03          1.22     16.95     3815.0      N/A        2  EBITDA margin 8% weak (2/14 pts); Maturity wall: 32% of debt due within 3 years (0/6 pts)
2023-01-28          1.82     13.70    -1510.0      N/A        6  EBITDA margin 6% weak (4/14 pts); Free cash flow negative (-1,510,000,000, -1% margin, 1/10 pts); Cash flow to debt 28% weak (1/15 pts)
2022-01-29          0.49     27.52     5081.0      N/A        0  —
2021-01-30          0.24      9.24     7876.0      N/A        0  EBITDA margin 10% weak (0/14 pts); Maturity wall: 31% of debt due within 3 years (0/6 pts)
2020-02-01          1.02     15.22     4090.0      16.01      4  EBITDA margin 9% weak (1/14 pts); Maturity wall: 55% of debt due within 3 years (3/6 pts)
2019-02-02          1.32     14.28     2457.0       1.48      7  EBITDA margin 9% weak (1/14 pts); Maturity wall: 98% of debt due within 3 years (6/6 pts)
2018-02-03          1.17     10.01     4390.0       9.79      5  EBITDA margin 9% weak (1/14 pts); Maturity wall: 67% of debt due within 3 years (4/6 pts)
2017-01-28          1.28      7.13     3889.0       1.46      3  Maturity wall: 57% of debt due within 3 years (3/6 pts)
2016-01-30          1.09     11.76     4406.0       4.96      4  EBITDA margin 10% weak (0/14 pts); Maturity wall: 60% of debt due within 3 years (4/6 pts)
2015-01-31          1.68      6.56     2653.0      24.29      7  EBITDA margin 8% weak (2/14 pts); Maturity wall: 72% of debt due within 3 years (5/6 pts)
2014-02-01          2.06      4.73     3067.0       0.64      8  EBITDA margin 7% weak (2/14 pts); Liquidity 0.64× thin (4/9 pts); Maturity wall: 42% of debt due within 3 years (1/6 pts)
2013-02-02          1.89      9.64     2048.0       0.81      5  Liquidity 0.81× thin (2/9 pts); Maturity wall: 50% of debt due within 3 years (2/6 pts)
2012-01-28          2.02      8.52     1066.0       0.21     17  Liquidity 0.21× thin (9/9 pts); Cash flow to debt 28% weak (2/15 pts); Debt to assets 42% elevated (1/9 pts); Maturity wall: 88% of debt due within 3 years (6/6 pts)
2011-01-29          1.87      9.58     3142.0      14.39      6  Maturity wall: 100% of debt due within 3 years (6/6 pts)
2010-01-30         N/A        8.24     4152.0       2.76      0  —
2009-01-31         N/A        6.19      883.0       0.68      5  EBITDA margin 8% weak (2/14 pts); Liquidity 0.68× thin (4/9 pts)
==========================================================================================

  Leverage audit (2026-01-31):
    total_debt: 14,398,000,000  [us-gaap/LongTermDebt]
    cash: 5,488,000,000  [us-gaap/CashCashEquivalentsAndShortTermInvestments]
    operating_income: 5,117,000,000  [us-gaap/OperatingIncomeLoss]
    depreciation: 3,134,000,000  [us-gaap/DepreciationDepletionAndAmortization]
[77/150] TGT      ok   (ok=75 fail=2)
Tracking DLX...
  CIK: 0000027996
  Extracting ratios for 17 periods...

==========================================================================================
  DLX — Credit Ratio Summary
==========================================================================================
Period          Leverage  Coverage   FCF ($M)  Liquidity  Score  Alerts
------------------------------------------------------------------------------------------
2025-12-31          3.76      3.04      175.3       2.26     21  Leverage 3.8× elevated (4/17 pts); Interest coverage 3.0× thin (4/14 pts); Cash flow to debt 19% weak (8/15 pts); Debt to assets 50% elevated (4/9 pts)
2024-12-31          4.00      2.90      100.0       0.93     29  Leverage 4.0× elevated (6/17 pts); Interest coverage 2.9× thin (5/14 pts); Liquidity 0.93× thin (1/9 pts); Cash flow to debt 13% weak (13/15 pts); Debt to assets 53% elevated (5/9 pts)
2023-12-31          4.34      2.63       97.7       0.84     38  Leverage 4.3× elevated (8/17 pts); Interest coverage 2.6× thin (6/14 pts); Liquidity 0.84× thin (2/9 pts); Cash flow to debt 12% weak (13/15 pts); Debt to assets 52% elevated (4/9 pts); Maturity wall: 70% of debt due within 3 years (5/6 pts)
2022-12-31          4.48      3.62        N/A       0.56     34  Leverage 4.5× elevated (8/17 pts); Interest coverage 3.6× thin (2/14 pts); Liquidity 0.56× thin (5/9 pts); Cash flow to debt 12% weak (14/15 pts); Debt to assets 53% elevated (5/9 pts)
2021-12-31          5.45      5.24        N/A       0.72     36  Leverage 5.4× elevated (14/17 pts); Liquidity 0.72× thin (3/9 pts); Cash flow to debt 13% weak (13/15 pts); Debt to assets 55% elevated (5/9 pts)
2020-12-31          4.62      6.71        N/A      N/A       15  EBITDA margin 9% weak (1/14 pts); Leverage 4.6× elevated (9/17 pts); Cash flow to debt 26% weak (3/15 pts); Debt to assets 45% elevated (2/9 pts)
2019-12-31        -25.23     -0.93      220.1      N/A       44  EBITDA margin -2% weak (11/14 pts); Leverage rule maxed: negative EBITDA — debt unservable from earnings (17/17 pts); Coverage rule maxed: negative EBITDA — interest uncovered by earnings (14/14 pts); Debt to assets 45% elevated (2/9 pts)
2018-12-31          2.35     13.36      277.1      N/A        6  Maturity wall: 100% of debt due within 3 years (6/6 pts)
2017-12-31          1.43     21.25      291.0      N/A        6  Maturity wall: 100% of debt due within 3 years (6/6 pts)
2016-12-31          1.48     20.64      272.7      N/A        6  Maturity wall: 100% of debt due within 3 years (6/6 pts)
2015-12-31          1.32     21.23      264.7      N/A        0  —
2014-12-31          1.24     10.91      239.3       0.38      8  Liquidity 0.38× thin (7/9 pts); Debt to assets 42% elevated (1/9 pts)
2013-12-31          1.36      9.98      224.0      N/A        0  Debt to assets 41% elevated (0/9 pts)
2012-12-31          1.65      7.85      208.9      N/A        2  Debt to assets 46% elevated (2/9 pts)
2011-12-31          2.07      7.21      199.9       0.34     16  Liquidity 0.34× thin (8/9 pts); Cash flow to debt 28% weak (1/15 pts); Debt to assets 60% elevated (7/9 pts)
2010-12-31          2.08      8.05      168.7       2.48      8  Cash flow to debt 28% weak (2/15 pts); Debt to assets 58% elevated (7/9 pts)
2009-12-31         N/A        5.58        N/A       0.49      6  Liquidity 0.49× thin (6/9 pts)
==========================================================================================

  Leverage audit (2025-12-31):
    total_debt: 1,429,400,000  [us-gaap/LongTermDebt]
    cash: 36,900,000  [us-gaap/CashAndCashEquivalentsAtCarryingValue]
    operating_income: 232,400,000  [us-gaap/OperatingIncomeLoss]
    depreciation: 137,900,000  [us-gaap/DepreciationDepletionAndAmortization]
[78/150] DLX      ok   (ok=76 fail=2)
Tracking DDS...
  CIK: 0000028917
  Extracting ratios for 17 periods...

==========================================================================================
  DDS — Credit Ratio Summary
==========================================================================================
Period          Leverage  Coverage   FCF ($M)  Liquidity  Score  Alerts
------------------------------------------------------------------------------------------
2026-01-31         N/A       22.92      623.6      N/A        6  Maturity wall: 100% of debt due within 3 years (6/6 pts)
2025-02-01         N/A       24.76      609.6      N/A        3  Maturity wall: 55% of debt due within 3 years (3/6 pts)
2024-02-03         N/A     -238.30      750.6      N/A       14  Interest coverage -238.3× thin (14/14 pts)
2023-01-28         N/A       42.52      828.3      N/A        0  —
2022-01-29         N/A       29.88     1175.7      N/A        0  Maturity wall: 32% of debt due within 3 years (0/6 pts)
2021-01-30          0.09      1.22      192.5      N/A       27  EBITDA margin 1% weak (8/14 pts); Interest coverage 1.2× thin (13/14 pts); Maturity wall: 100% of debt due within 3 years (6/6 pts)
2020-02-01          0.25      7.71      261.7      N/A       10  EBITDA margin 6% weak (4/14 pts); Maturity wall: 100% of debt due within 3 years (6/6 pts)
2019-02-02          0.56      8.22      230.2      N/A        3  EBITDA margin 7% weak (3/14 pts)
2018-02-03          0.40      7.10      143.8       1.16      9  EBITDA margin 7% weak (3/14 pts); Maturity wall: 78% of debt due within 3 years (6/6 pts)
2017-01-28          0.36      7.95      407.4       3.98      8  EBITDA margin 8% weak (2/14 pts); Maturity wall: 100% of debt due within 3 years (6/6 pts)
2016-01-30          0.62     10.85      284.4      N/A        6  EBITDA margin 10% weak (0/14 pts); Maturity wall: 100% of debt due within 3 years (6/6 pts)
2015-01-31          0.28     12.45      459.7      N/A        1  Maturity wall: 35% of debt due within 3 years (1/6 pts)
2014-02-01          0.50     12.67      406.8      N/A        0  —
2013-02-02          0.66     11.49      386.1      N/A        0  —
2012-01-28          0.71      9.66      385.5       2.92      6  Maturity wall: 100% of debt due within 3 years (6/6 pts)
2011-01-29          0.76      7.57      414.7       6.98      1  EBITDA margin 9% weak (1/14 pts)
2010-01-30          1.16      4.94      478.9     198.77      4  EBITDA margin 6% weak (4/14 pts)
==========================================================================================
[79/150] DDS      ok   (ok=77 fail=2)
Tracking DIOD...
  CIK: 0000029002
  Extracting ratios for 16 periods...

==========================================================================================
  DIOD — Credit Ratio Summary
==========================================================================================
Period          Leverage  Coverage   FCF ($M)  Liquidity  Score  Alerts
------------------------------------------------------------------------------------------
2025-12-31         -2.18  39245.50      137.2     254.65      6  Maturity wall: 95% of debt due within 3 years (6/6 pts)
2024-12-31         -1.68     73.30       46.4     281.63      2  Maturity wall: 46% of debt due within 3 years (2/6 pts)
2023-12-31         -0.79     65.37      130.1      71.39      1  Maturity wall: 39% of debt due within 3 years (1/6 pts)
2022-12-31         -0.36     62.54      180.8     198.90      6  Maturity wall: 98% of debt due within 3 years (6/6 pts)
2021-12-31         -0.21     51.02      197.3      20.92      6  Maturity wall: 99% of debt due within 3 years (6/6 pts)
2020-12-31          0.20     19.39      111.4      12.26      6  Maturity wall: 94% of debt due within 3 years (6/6 pts)
2019-12-31         -0.55     37.01      131.3      19.37      6  Maturity wall: 83% of debt due within 3 years (6/6 pts)
2018-12-31         -0.11     24.32       98.1       8.73      6  Maturity wall: 98% of debt due within 3 years (6/6 pts)
2017-12-31          0.42     11.69       70.0       9.88      0  —
2016-12-31          1.56      8.79       66.2      17.26      1  Cash flow to debt 28% weak (1/15 pts)
2015-12-31          2.18     26.84      -15.1      21.24     12  Free cash flow negative (-15,133,000, -2% margin, 2/10 pts); Cash flow to debt 25% weak (4/15 pts); Maturity wall: 100% of debt due within 3 years (6/6 pts)
2014-12-31         -0.66     35.40       76.5     846.69      0  —
2013-12-31         -0.12     19.32       62.8     174.48      0  —
2012-12-31         -1.33     95.84        6.1    -147.81      9  Liquidity -147.81× thin (9/9 pts)
2011-12-31         -0.98     41.07       63.6    -317.43      9  Liquidity -317.43× thin (9/9 pts); Maturity wall: 34% of debt due within 3 years (0/6 pts)
2010-12-31         -1.75     29.13      115.8    -648.09      9  Liquidity -648.09× thin (9/9 pts)
==========================================================================================

  Leverage audit (2025-12-31):
    total_debt: 25,666,000  [us-gaap/LongTermDebt]
    cash: 367,212,000  [us-gaap/CashAndCashEquivalentsAtCarryingValue]
    operating_income: 35,462,000  [us-gaap/OperatingIncomeLoss]
    depreciation: 121,520,000  [us-gaap/Depreciation]
[80/150] DIOD     ok   (ok=78 fail=2)
Tracking DXYN...
  CIK: 0000029332
  Extracting ratios for 16 periods...

==========================================================================================
  DXYN — Credit Ratio Summary
==========================================================================================
Period          Leverage  Coverage   FCF ($M)  Liquidity  Score  Alerts
------------------------------------------------------------------------------------------
2025-12-27         14.03    273.24        9.0      N/A       46  EBITDA margin 2% weak (7/14 pts); Leverage 14.0× elevated (17/17 pts); Cash flow to debt 12% weak (14/15 pts); Debt to assets 48% elevated (3/9 pts); Maturity wall: 75% of debt due within 3 years (5/6 pts)
2024-12-28        123.61     48.29        1.5      N/A       49  EBITDA margin 0% weak (9/14 pts); Leverage 123.6× elevated (17/17 pts); Cash flow to debt 4% weak (15/15 pts); Debt to assets 48% elevated (3/9 pts); Maturity wall: 71% of debt due within 3 years (5/6 pts)
2023-12-30          6.77      1.72        3.2      N/A       54  EBITDA margin 4% weak (5/14 pts); Leverage 6.8× elevated (17/17 pts); Interest coverage 1.7× thin (11/14 pts); Cash flow to debt 5% weak (15/15 pts); Debt to assets 44% elevated (1/9 pts); Maturity wall: 68% of debt due within 3 years (5/6 pts) *** STRESS ***
2022-12-31         -4.91     -3.84      -22.1      N/A       75  EBITDA margin -7% weak (14/14 pts); Leverage rule maxed: negative EBITDA — debt unservable from earnings (17/17 pts); Coverage rule maxed: negative EBITDA — interest uncovered by earnings (14/14 pts); Free cash flow negative (-22,075,000, -7% margin, 7/10 pts); Cash flow to debt -17% weak (15/15 pts); Debt to assets 50% elevated (4/9 pts); Maturity wall: 61% of debt due within 3 years (4/6 pts); Distress escalation: 4 core signals severe (profitability, leverage>5x, coverage<2x, cash_flow_to_debt<30%) — score floored at 60 *** STRESS ***
2021-12-25          4.19      3.90      -11.0       0.44     36  EBITDA margin 5% weak (4/14 pts); Leverage 4.2× elevated (7/17 pts); Interest coverage 3.9× thin (0/14 pts); Free cash flow negative (-11,015,000, -3% margin, 3/10 pts); Liquidity 0.44× thin (7/9 pts); Cash flow to debt -8% weak (15/15 pts)
2020-12-26          9.99      1.35       11.8       0.31     55  EBITDA margin 2% weak (7/14 pts); Leverage 10.0× elevated (17/17 pts); Interest coverage 1.3× thin (12/14 pts); Liquidity 0.31× thin (8/9 pts); Cash flow to debt 16% weak (11/15 pts) *** STRESS ***
2019-12-28          2.69      5.09        7.5       0.12     30  EBITDA margin 9% weak (1/14 pts); Liquidity 0.12× thin (9/9 pts); Cash flow to debt 12% weak (13/15 pts); Maturity wall: 82% of debt due within 3 years (6/6 pts)
2018-12-29        -40.63     -0.49        1.1       0.00     76  EBITDA margin -1% weak (10/14 pts); Leverage rule maxed: negative EBITDA — debt unservable from earnings (17/17 pts); Coverage rule maxed: negative EBITDA — interest uncovered by earnings (14/14 pts); Liquidity 0.00× thin (9/9 pts); Cash flow to debt 4% weak (15/15 pts); Debt to assets 54% elevated (5/9 pts); Maturity wall: 91% of debt due within 3 years (6/6 pts); Distress escalation: 5 core signals severe (leverage>5x, coverage<2x, cash_flow_to_debt<30%, liquidity<1x, maturity_wall) — score floored at 60 *** STRESS ***
2017-12-30          7.92      2.95      -22.3       0.00     61  EBITDA margin 4% weak (6/14 pts); Leverage 7.9× elevated (17/17 pts); Interest coverage 2.9× thin (5/14 pts); Free cash flow negative (-22,330,000, -5% margin, 5/10 pts); Liquidity 0.00× thin (9/9 pts); Cash flow to debt -7% weak (15/15 pts); Debt to assets 51% elevated (4/9 pts) *** STRESS ***
2016-12-31         10.80      1.87       19.0       0.01     52  EBITDA margin 3% weak (7/14 pts); Leverage 10.8× elevated (17/17 pts); Interest coverage 1.9× thin (10/14 pts); Liquidity 0.01× thin (9/9 pts); Cash flow to debt 20% weak (8/15 pts); Debt to assets 44% elevated (2/9 pts) *** STRESS ***
2015-12-26          7.86      3.26        1.8       0.03     52  EBITDA margin 4% weak (6/14 pts); Leverage 7.9× elevated (17/17 pts); Interest coverage 3.3× thin (3/14 pts); Liquidity 0.03× thin (9/9 pts); Cash flow to debt 6% weak (15/15 pts); Debt to assets 46% elevated (2/9 pts) *** STRESS ***
2014-12-27         16.67      1.77       -6.0       0.31     61  EBITDA margin 2% weak (8/14 pts); Leverage 16.7× elevated (17/17 pts); Interest coverage 1.8× thin (10/14 pts); Free cash flow negative (-6,031,000, -1% margin, 2/10 pts); Liquidity 0.31× thin (8/9 pts); Cash flow to debt 3% weak (15/15 pts); Debt to assets 43% elevated (1/9 pts) *** STRESS ***
2013-12-28          5.71      5.02      -17.4       0.12     50  EBITDA margin 5% weak (4/14 pts); Leverage 5.7× elevated (15/17 pts); Free cash flow negative (-17,359,000, -5% margin, 5/10 pts); Liquidity 0.12× thin (9/9 pts); Cash flow to debt -5% weak (15/15 pts); Debt to assets 44% elevated (2/9 pts) *** STRESS ***
2012-12-29          7.47      3.56       -8.1       0.78     46  EBITDA margin 4% weak (5/14 pts); Leverage 7.5× elevated (17/17 pts); Interest coverage 3.6× thin (2/14 pts); Free cash flow negative (-8,098,000, -3% margin, 3/10 pts); Liquidity 0.78× thin (3/9 pts); Cash flow to debt -6% weak (15/15 pts); Debt to assets 42% elevated (1/9 pts)
2011-12-31          4.25      4.41       -1.7       0.51     33  EBITDA margin 6% weak (4/14 pts); Leverage 4.2× elevated (7/17 pts); Free cash flow negative (-1,686,000, -1% margin, 1/10 pts); Liquidity 0.51× thin (6/9 pts); Cash flow to debt 8% weak (15/15 pts)
2010-12-25          6.42      2.18        2.1       0.03     55  EBITDA margin 4% weak (6/14 pts); Leverage 6.4× elevated (17/17 pts); Interest coverage 2.2× thin (8/14 pts); Liquidity 0.03× thin (9/9 pts); Cash flow to debt 6% weak (15/15 pts) *** STRESS ***
==========================================================================================

  Leverage audit (2025-12-27):
    total_debt: 83,715,000  [us-gaap/LongTermDebt]
    cash: 3,204,000  [us-gaap/CashAndCashEquivalentsAtCarryingValue]
    operating_income: 118,000  [us-gaap/OperatingIncomeLoss]
    depreciation: 5,620,000  [us-gaap/DepreciationDepletionAndAmortization]
[81/150] DXYN     ok   (ok=79 fail=2)
Tracking DG...
  CIK: 0000029534
  Extracting ratios for 16 periods...

==========================================================================================
  DG — Credit Ratio Summary
==========================================================================================
Period          Leverage  Coverage   FCF ($M)  Liquidity  Score  Alerts
------------------------------------------------------------------------------------------
2026-01-30          1.05     11.19     3510.4      N/A        2  EBITDA margin 8% weak (2/14 pts)
2025-01-31          1.78      7.98     2905.1      N/A        3  EBITDA margin 7% weak (3/14 pts)
2024-02-02          1.73     10.08     2243.7      N/A        1  EBITDA margin 9% weak (1/14 pts)
2023-02-03          1.64     19.18     1833.9      N/A        2  Cash flow to debt 28% weak (1/15 pts); Maturity wall: 39% of debt due within 3 years (1/6 pts)
2022-01-28          0.99     24.52     2722.2      N/A        0  —
2021-01-29          0.67     27.46     3758.1      N/A        0  —
2020-01-31          0.95     27.91     2127.8     433.01      0  —
2019-02-01          1.02     25.74     2079.9      N/A        0  —
2018-02-02          1.14     24.86     1738.9      N/A        0  —
2017-02-03          1.24     24.98     1566.1      N/A        0  —
2016-01-29          1.23     26.37     1359.7      N/A        0  —
2015-01-30          1.02     23.93     1283.2      N/A        0  —
2014-01-31          1.12     23.25     1186.0      N/A        0  —
2013-02-01          1.34     15.31     1092.2      N/A        2  Maturity wall: 50% of debt due within 3 years (2/6 pts)
2012-02-03          1.41      8.62     1014.8      N/A        6  Maturity wall: 82% of debt due within 3 years (6/6 pts)
2011-01-28          1.83      5.58      795.0      N/A        4  Cash flow to debt 25% weak (4/15 pts)
==========================================================================================

  Leverage audit (2026-01-30):
    total_debt: 4,565,881,000  [us-gaap/LongTermDebtAndCapitalLeaseObligations]
    cash: 1,138,501,000  [us-gaap/CashAndCashEquivalentsAtCarryingValue]
    operating_income: 2,203,668,000  [us-gaap/OperatingIncomeLoss]
    depreciation: 1,046,318,000  [us-gaap/DepreciationDepletionAndAmortization]
[82/150] DG       ok   (ok=80 fail=2)
Tracking DCI...
  CIK: 0000029644
  Extracting ratios for 17 periods...

==========================================================================================
  DCI — Credit Ratio Summary
==========================================================================================
Period          Leverage  Coverage   FCF ($M)  Liquidity  Score  Alerts
------------------------------------------------------------------------------------------
2025-07-31          0.77     26.80      339.9       5.78      0  Maturity wall: 33% of debt due within 3 years (0/6 pts)
2024-07-31          0.43     27.46      406.9       8.22      0  —
2023-07-31          0.76     29.82      426.0       5.49      3  Maturity wall: 55% of debt due within 3 years (3/6 pts)
2022-07-31          0.84     36.06      167.3      52.24      1  Maturity wall: 37% of debt due within 3 years (1/6 pts)
2021-07-31          0.50     36.92      342.9       4.59      0  —
2020-07-31          0.91     24.58      262.6      62.26      1  Maturity wall: 39% of debt due within 3 years (1/6 pts)
2019-07-31          0.97     23.58      195.1      84.67      3  Maturity wall: 54% of debt due within 3 years (3/6 pts)
2018-07-31          0.68     21.44      165.4       7.26      0  —
2017-07-31          0.69     20.71      251.9      13.24      0  —
2016-07-31          0.46     16.86      218.4       1.47      0  —
2015-07-31          0.55     23.92      119.1       1.01      0  —
2014-07-31         -0.12     41.46      220.6       1.60      0  —
2013-07-31         -0.06     37.36      221.0      24.39      2  Maturity wall: 50% of debt due within 3 years (2/6 pts)
2012-07-31         -0.05     36.92      181.6       2.37      2  Maturity wall: 50% of debt due within 3 years (2/6 pts)
2011-07-31         -0.05     30.00      185.4      20.83      4  Maturity wall: 60% of debt due within 3 years (4/6 pts)
2010-07-31          0.10     24.84      159.9       4.64      0  —
2009-07-31         N/A       13.43      230.8      N/A        0  —
==========================================================================================

  Leverage audit (2025-07-31):
    total_debt: 640,000,000  [us-gaap/LongTermDebt]
    cash: 180,400,000  [us-gaap/CashAndCashEquivalentsAtCarryingValue]
    operating_income: 495,400,000  [us-gaap/OperatingIncomeLoss]
    depreciation: 99,500,000  [us-gaap/DepreciationDepletionAndAmortization]
[83/150] DCI      ok   (ok=81 fail=2)
Tracking DOV...
  CIK: 0000029905
  Extracting ratios for 18 periods...

==========================================================================================
  DOV — Credit Ratio Summary
==========================================================================================
Period          Leverage  Coverage   FCF ($M)  Liquidity  Score  Alerts
------------------------------------------------------------------------------------------
2025-12-31          0.94     16.87     1117.7       2.37      2  Maturity wall: 45% of debt due within 3 years (2/6 pts)
2024-12-31          0.70     12.21      920.3       4.61      3  Maturity wall: 52% of debt due within 3 years (3/6 pts)
2023-12-31          1.54     12.82     1143.8       0.85      2  Liquidity 0.85× thin (2/9 pts); Maturity wall: 35% of debt due within 3 years (1/6 pts)
2022-12-31          1.52     14.49      584.8     455.58      2  Cash flow to debt 27% weak (2/15 pts)
2021-12-31          1.68     14.78      944.4     549.15      0  —
2020-12-31          2.14     10.83      939.1      N/A        0  —
2019-12-31          2.08      9.91      758.5      N/A        0  —
2018-12-31          2.26      8.59      618.2      N/A        2  Cash flow to debt 27% weak (2/15 pts)
2017-12-31          1.97      9.01      624.8       2.15      6  Cash flow to debt 22% weak (6/15 pts)
2016-12-31          2.67      7.88      696.8      50.24      2  Cash flow to debt 27% weak (2/15 pts)
2015-12-31          1.81      9.48      794.8    2968.73      0  —
2014-12-31          1.23     11.56      784.1       2.27      0  —
2013-12-31          1.01     14.24      941.9     289.37      0  —
2012-12-31          0.86     12.88      964.1     244.97      0  —
2011-12-31          0.65     12.02      786.4    1180.78      0  —
2010-12-31          0.48     10.95      767.3    -616.81      9  Liquidity -616.81× thin (9/9 pts)
2009-12-31          1.35      7.28      682.1      20.05      0  —
2008-12-31          1.02      9.92      834.6       2.43      0  —
==========================================================================================

  Leverage audit (2025-12-31):
    total_debt: 3,327,972,000  [us-gaap/LongTermDebt]
    cash: 1,676,808,000  [us-gaap/CashCashEquivalentsRestrictedCashAndRestrictedCashEquivalents]
    operating_income: 1,373,361,000  [us-gaap/OperatingIncomeLoss]
    depreciation: 379,577,000  [us-gaap/DepreciationDepletionAndAmortization]
[84/150] DOV      ok   (ok=82 fail=2)
Tracking OMC...
  CIK: 0000029989
  Extracting ratios for 19 periods...

==========================================================================================
  OMC — Credit Ratio Summary
==========================================================================================
Period          Leverage  Coverage   FCF ($M)  Liquidity  Score  Alerts
------------------------------------------------------------------------------------------
2025-12-31          3.32      2.74     2788.4     110.99     13  EBITDA margin 4% weak (5/14 pts); Leverage 3.3× elevated (2/17 pts); Interest coverage 2.7× thin (6/14 pts)
2024-12-31          0.69     10.15     1592.9     203.73      1  Cash flow to debt 28% weak (1/15 pts); Maturity wall: 32% of debt due within 3 years (0/6 pts)
2023-12-31          0.53     10.60     1343.5     406.61      5  Cash flow to debt 25% weak (4/15 pts); Maturity wall: 38% of debt due within 3 years (1/6 pts)
2022-12-31          0.58     11.04      848.3     253.36     10  Cash flow to debt 16% weak (10/15 pts)
2021-12-31          0.17     10.19     1279.6     553.83      0  —
2020-12-31          0.12      8.21     1649.2    1436.03      0  Cash flow to debt 30% weak (0/15 pts)
2019-12-31          0.35      9.63     1753.8     426.31      1  Maturity wall: 36% of debt due within 3 years (1/6 pts)
2019-01-01         N/A       N/A          N/A      N/A        0  —
2018-12-31          0.52      9.00     1526.6     450.91      0  Maturity wall: 31% of debt due within 3 years (0/6 pts)
2017-12-31          0.47     10.43     1867.9     321.69      0  Maturity wall: 31% of debt due within 3 years (0/6 pts)
2016-12-31          0.82     10.98     1765.7     104.61      0  —
2015-12-31          0.86     12.21     1969.6     501.00      0  —
2014-12-31          0.94     12.63     1263.5     331.68      0  —
2013-12-31          0.64     10.19     1597.0     459.41      0  —
2012-12-31          0.87     11.05     1225.0     418.48      0  —
2011-12-31          0.74     11.72     1129.8     187.49      0  —
2010-12-31          0.11     12.19     1334.3      45.59      0  —
2009-12-31         -0.05     12.78     1862.2      82.23      0  —
2008-12-31         N/A       15.03     1606.4      67.73      0  —
==========================================================================================

  Leverage audit (2025-12-31):
    total_debt: 9,272,900,000  [us-gaap/LongTermDebt]
    cash: 6,881,100,000  [us-gaap/CashCashEquivalentsRestrictedCashAndRestrictedCashEquivalents]
    operating_income: 444,700,000  [us-gaap/OperatingIncomeLoss]
    depreciation: 276,700,000  [us-gaap/DepreciationAndAmortization]
[85/150] OMC      ok   (ok=83 fail=2)
Tracking DCO...
  CIK: 0000030305
  Extracting ratios for 22 periods...

==========================================================================================
  DCO — Credit Ratio Summary
==========================================================================================
Period          Leverage  Coverage   FCF ($M)  Liquidity  Score  Alerts
------------------------------------------------------------------------------------------
2025-12-31        187.36     19.61      -48.6       9.06     47  EBITDA margin 0% weak (9/14 pts); Leverage 187.4× elevated (17/17 pts); Free cash flow negative (-48,643,000, -6% margin, 6/10 pts); Cash flow to debt -11% weak (15/15 pts)
2024-12-31          2.25   1647.10       20.1       2.97     18  Cash flow to debt 14% weak (12/15 pts); Maturity wall: 100% of debt due within 3 years (6/6 pts)
2023-12-31          3.48   1281.00       11.5       5.49     18  EBITDA margin 8% weak (2/14 pts); Leverage 3.5× elevated (3/17 pts); Cash flow to debt 12% weak (14/15 pts)
2022-12-31          2.73   1343.57       13.0       7.40     13  Cash flow to debt 13% weak (13/15 pts)
2021-12-31          2.63   1246.29      -17.4      10.90     19  Free cash flow negative (-17,428,000, -3% margin, 3/10 pts); Cash flow to debt -0% weak (15/15 pts); Maturity wall: 44% of debt due within 3 years (2/6 pts)
2020-12-31          3.44   1327.79        0.1       8.07     18  Leverage 3.4× elevated (2/17 pts); Cash flow to debt 4% weak (15/15 pts)
2019-12-31          3.09   2012.81       32.7       5.65     11  Leverage 3.1× elevated (0/17 pts); Cash flow to debt 17% weak (10/15 pts)
2018-12-31          4.40      4.25       28.6       4.40     17  EBITDA margin 8% weak (2/14 pts); Leverage 4.4× elevated (8/17 pts); Cash flow to debt 20% weak (7/15 pts)
2017-12-31          5.65      5.18        7.8      N/A       34  EBITDA margin 7% weak (3/14 pts); Leverage 5.6× elevated (15/17 pts); Cash flow to debt 16% weak (10/15 pts); Maturity wall: 100% of debt due within 3 years (6/6 pts)
2016-12-31          3.10      7.48       26.3    2477.33      4  EBITDA margin 9% weak (1/14 pts); Leverage 3.1× elevated (1/17 pts); Cash flow to debt 26% weak (3/15 pts)
2015-12-31         -4.85     N/A          7.8     209.77     61  EBITDA margin -7% weak (14/14 pts); Leverage rule maxed: negative EBITDA — debt unservable from earnings (17/17 pts); Coverage rule maxed: negative EBITDA — interest uncovered by earnings (14/14 pts); Cash flow to debt 10% weak (15/15 pts); Debt to assets 43% elevated (1/9 pts); Distress escalation: 4 core signals severe (profitability, leverage>5x, coverage<2x, cash_flow_to_debt<30%) — score floored at 60 *** STRESS ***
2014-12-31          3.03     N/A         35.3      N/A        9  Leverage 3.0× elevated (0/17 pts); Cash flow to debt 18% weak (9/15 pts)
2014-09-27          4.29     N/A         11.6      N/A       23  Leverage 4.3× elevated (7/17 pts); Cash flow to debt 7% weak (15/15 pts); Debt to assets 41% elevated (0/9 pts)
2014-06-28          6.00     N/A          9.5      N/A       33  Leverage 6.0× elevated (17/17 pts); Cash flow to debt 5% weak (15/15 pts); Debt to assets 42% elevated (1/9 pts)
2014-03-29         13.81     N/A        -11.9      N/A       40  Leverage 13.8× elevated (17/17 pts); Free cash flow negative (-11,905,000, -7% margin, 7/10 pts); Cash flow to debt -3% weak (15/15 pts); Debt to assets 43% elevated (1/9 pts)
2013-12-31          4.14     N/A         33.6      N/A       21  EBITDA margin 9% weak (1/14 pts); Leverage 4.1× elevated (6/17 pts); Cash flow to debt 14% weak (12/15 pts); Debt to assets 44% elevated (1/9 pts)
2013-09-28          5.24     N/A          7.2      N/A       29  Leverage 5.2× elevated (13/17 pts); Cash flow to debt 4% weak (15/15 pts); Debt to assets 45% elevated (2/9 pts)
2013-06-29          7.95     N/A          1.7      N/A       34  Leverage 8.0× elevated (17/17 pts); Cash flow to debt 2% weak (15/15 pts); Debt to assets 45% elevated (2/9 pts)
2013-03-30         18.76     N/A         -8.7      N/A       39  EBITDA margin 10% weak (0/14 pts); Leverage 18.8× elevated (17/17 pts); Free cash flow negative (-8,734,000, -5% margin, 5/10 pts); Cash flow to debt -2% weak (15/15 pts); Debt to assets 46% elevated (2/9 pts)
2012-12-31          3.75     N/A         31.7      N/A       19  Leverage 3.8× elevated (4/17 pts); Cash flow to debt 13% weak (13/15 pts); Debt to assets 46% elevated (2/9 pts)
2011-12-31        -27.53     N/A        -17.5      21.15     64  EBITDA margin -2% weak (11/14 pts); Leverage rule maxed: negative EBITDA — debt unservable from earnings (17/17 pts); Coverage rule maxed: negative EBITDA — interest uncovered by earnings (14/14 pts); Free cash flow negative (-17,538,000, -3% margin, 3/10 pts); Cash flow to debt -1% weak (15/15 pts); Debt to assets 49% elevated (3/9 pts); Distress escalation: 4 core signals severe (profitability, leverage>5x, coverage<2x, cash_flow_to_debt<30%) — score floored at 60 *** STRESS ***
2010-12-31         -0.18     N/A         19.4      54.91      0  EBITDA margin 10% weak (0/14 pts)
==========================================================================================

  Leverage audit (2025-12-31):
    total_debt: 298,790,000  [us-gaap/LongTermDebt]
    cash: 45,289,000  [us-gaap/CashAndCashEquivalentsAtCarryingValue]
    operating_income: -32,304,000  [us-gaap/OperatingIncomeLoss]
    depreciation: 33,657,000  [us-gaap/DepreciationAndAmortization]
[86/150] DCO      ok   (ok=84 fail=2)
Tracking FLS...
  CIK: 0000030625
  Extracting ratios for 19 periods...

==========================================================================================
  FLS — Credit Ratio Summary
==========================================================================================
Period          Leverage  Coverage   FCF ($M)  Liquidity  Score  Alerts
------------------------------------------------------------------------------------------
2025-12-31          1.64      6.37      435.0      15.24      0  —
2024-12-31          1.51      7.91      344.3      15.33      2  Cash flow to debt 27% weak (2/15 pts)
2023-12-31          1.65      6.24      258.4       8.24      4  EBITDA margin 10% weak (0/14 pts); Cash flow to debt 25% weak (4/15 pts)
2022-12-31          2.91      6.23     -116.3       8.82     20  EBITDA margin 8% weak (2/14 pts); Free cash flow negative (-116,297,000, -3% margin, 3/10 pts); Cash flow to debt -3% weak (15/15 pts)
2021-12-31          1.74      6.43      195.2      16.04      8  Cash flow to debt 19% weak (8/15 pts)
2020-12-31          1.80      6.12      253.1     121.76     16  EBITDA margin 9% weak (0/14 pts); Cash flow to debt 18% weak (9/15 pts); Maturity wall: 100% of debt due within 3 years (6/6 pts)
2019-12-31          1.38      9.29      246.6      59.53     11  Cash flow to debt 23% weak (6/15 pts); Maturity wall: 78% of debt due within 3 years (6/6 pts)
2018-12-31          2.40      6.19      106.8       9.08     14  EBITDA margin 9% weak (1/14 pts); Cash flow to debt 12% weak (13/15 pts)
2018-01-01         N/A       N/A          N/A      N/A        0  —
2017-12-31          1.92      7.60      249.5       9.30      8  Cash flow to debt 19% weak (8/15 pts)
2016-12-31          3.05      6.56      137.9       4.30     13  EBITDA margin 10% weak (0/14 pts); Leverage 3.1× elevated (0/17 pts); Cash flow to debt 14% weak (12/15 pts)
2015-12-31          1.94     10.00      235.2       6.06      4  Cash flow to debt 25% weak (4/15 pts)
2014-12-31          0.78     14.92      438.3       8.48      0  —
2013-12-31          0.97     15.93      348.7       5.01      0  —
2012-12-31          0.80     17.99      381.6       5.12      0  —
2011-12-31          0.23     20.00      110.2       6.29      0  Maturity wall: 31% of debt due within 3 years (0/6 pts)
2010-12-31         -0.12     19.90      253.8      10.83      0  —
2009-12-31         -0.16     18.12      322.8      23.92      0  —
2008-12-31          0.11     13.40      281.9      17.02      0  —
==========================================================================================

  Leverage audit (2025-12-31):
    total_debt: 1,575,078,000  [us-gaap/LongTermDebt]
    cash: 760,183,000  [us-gaap/CashAndCashEquivalentsAtCarryingValue]
    operating_income: 399,924,000  [us-gaap/OperatingIncomeLoss]
    depreciation: 95,454,000  [us-gaap/DepreciationDepletionAndAmortization]
[87/150] FLS      ok   (ok=85 fail=2)
Tracking WEN...
  CIK: 0000030697
  Extracting ratios for 17 periods...

==========================================================================================
  WEN — Credit Ratio Summary
==========================================================================================
Period          Leverage  Coverage   FCF ($M)  Liquidity  Score  Alerts
------------------------------------------------------------------------------------------
2025-12-28          4.96     11.10      337.4      10.11     30  Leverage 5.0× elevated (11/17 pts); Cash flow to debt 12% weak (13/15 pts); Debt to assets 56% elevated (6/9 pts)
2024-12-29          4.45     11.95      350.1       5.76     27  Leverage 4.4× elevated (8/17 pts); Cash flow to debt 13% weak (13/15 pts); Debt to assets 56% elevated (6/9 pts)
2023-12-31          4.34      4.17      336.3      17.64     26  Leverage 4.3× elevated (8/17 pts); Cash flow to debt 12% weak (13/15 pts); Debt to assets 54% elevated (5/9 pts)
2023-01-01          4.33      3.98      245.4      25.50     27  Leverage 4.3× elevated (8/17 pts); Interest coverage 4.0× thin (0/14 pts); Cash flow to debt 9% weak (15/15 pts); Debt to assets 52% elevated (4/9 pts)
2022-01-02          4.33      4.51      339.6      10.29     22  Leverage 4.3× elevated (8/17 pts); Cash flow to debt 14% weak (12/15 pts); Debt to assets 47% elevated (3/9 pts)
2021-01-03          4.83      3.42      280.7      10.60     28  Leverage 4.8× elevated (10/17 pts); Interest coverage 3.4× thin (3/14 pts); Cash flow to debt 12% weak (13/15 pts); Debt to assets 45% elevated (2/9 pts)
2019-12-29          5.02      3.40      282.9      13.20     30  Leverage 5.0× elevated (12/17 pts); Interest coverage 3.4× thin (3/14 pts); Cash flow to debt 13% weak (13/15 pts); Debt to assets 46% elevated (2/9 pts)
2018-12-30          5.01      3.17      217.8      18.56     36  Leverage 5.0× elevated (11/17 pts); Interest coverage 3.2× thin (4/14 pts); Cash flow to debt 10% weak (15/15 pts); Debt to assets 55% elevated (5/9 pts)
2017-12-31          7.59      2.88      245.8      N/A       47  Leverage 7.6× elevated (17/17 pts); Interest coverage 2.9× thin (5/14 pts); Cash flow to debt 9% weak (15/15 pts); Debt to assets 67% elevated (9/9 pts); Maturity wall: 33% of debt due within 3 years (0/6 pts)
2017-01-01          5.27      3.82      170.1      N/A       38  Leverage 5.3× elevated (13/17 pts); Interest coverage 3.8× thin (1/14 pts); Cash flow to debt 7% weak (15/15 pts); Debt to assets 64% elevated (9/9 pts); Maturity wall: 36% of debt due within 3 years (1/6 pts)
2016-01-03          4.90      4.98      181.0      N/A       33  Leverage 4.9× elevated (11/17 pts); Cash flow to debt 9% weak (15/15 pts); Debt to assets 59% elevated (7/9 pts)
2014-12-28          2.87      7.88      209.4      N/A        9  Cash flow to debt 18% weak (9/15 pts)
2013-12-29          2.63      4.86      288.1      N/A        6  Cash flow to debt 23% weak (6/15 pts)
2012-12-30          3.72      2.74      168.3      N/A       23  Leverage 3.7× elevated (4/17 pts); Interest coverage 2.7× thin (6/14 pts); Cash flow to debt 13% weak (13/15 pts)
2012-01-01          3.39      2.28      222.9      N/A       19  Leverage 3.4× elevated (2/17 pts); Interest coverage 2.3× thin (8/14 pts); Cash flow to debt 18% weak (9/15 pts)
2011-01-02          3.31      2.29      211.3      27.83     22  EBITDA margin 9% weak (1/14 pts); Leverage 3.3× elevated (2/17 pts); Interest coverage 2.3× thin (8/14 pts); Cash flow to debt 14% weak (12/15 pts)
2010-01-03          3.01      2.39      193.2      26.74     17  EBITDA margin 8% weak (2/14 pts); Interest coverage 2.4× thin (8/14 pts); Cash flow to debt 19% weak (8/15 pts)
==========================================================================================

  Leverage audit (2025-12-28):
    total_debt: 2,760,252,000  [us-gaap/LongTermDebt]
    cash: 300,833,000  [us-gaap/CashAndCashEquivalentsAtCarryingValue]
    operating_income: 343,452,000  [us-gaap/OperatingIncomeLoss]
    depreciation: 152,222,000  [us-gaap/DepreciationDepletionAndAmortization]
[88/150] WEN      ok   (ok=86 fail=2)
Tracking KODK...
  CIK: 0000031235
  Extracting ratios for 18 periods...

==========================================================================================
  KODK — Credit Ratio Summary
==========================================================================================
Period          Leverage  Coverage   FCF ($M)  Liquidity  Score  Alerts
------------------------------------------------------------------------------------------
2025-12-31         -4.41      0.47      446.0     337.00     21  EBITDA margin 3% weak (7/14 pts); Interest coverage 0.5× thin (14/14 pts)
2024-12-31         12.67      0.36      -63.0     201.00     60  EBITDA margin 2% weak (8/14 pts); Leverage 12.7× elevated (17/17 pts); Interest coverage 0.4× thin (14/14 pts); Free cash flow negative (-63,000,000, -6% margin, 6/10 pts); Cash flow to debt -1% weak (15/15 pts) *** STRESS ***
2023-12-31          5.97      0.65        6.0     255.00     52  EBITDA margin 3% weak (6/14 pts); Leverage 6.0× elevated (17/17 pts); Interest coverage 0.7× thin (14/14 pts); Cash flow to debt 8% weak (15/15 pts) *** STRESS ***
2022-12-31         33.33      0.07     -147.0     217.00     65  EBITDA margin 0% weak (9/14 pts); Leverage 33.3× elevated (17/17 pts); Interest coverage 0.1× thin (14/14 pts); Free cash flow negative (-147,000,000, -12% margin, 10/10 pts); Cash flow to debt -36% weak (15/15 pts); Distress escalation: 4 core signals severe (leverage>5x, coverage<2x, cash_flow_to_debt<30%, fcf_negative) — score floored at 60 *** STRESS ***
2021-12-31          7.27     -0.45      -68.0     362.00     62  EBITDA margin -1% weak (11/14 pts); Leverage rule maxed: negative EBITDA — debt unservable from earnings (17/17 pts); Coverage rule maxed: negative EBITDA — interest uncovered by earnings (14/14 pts); Free cash flow negative (-68,000,000, -6% margin, 6/10 pts); Cash flow to debt -19% weak (15/15 pts) *** STRESS ***
2020-12-31          4.84     -3.08      -52.0      98.00     64  EBITDA margin -4% weak (13/14 pts); Leverage rule maxed: negative EBITDA — debt unservable from earnings (17/17 pts); Coverage rule maxed: negative EBITDA — interest uncovered by earnings (14/14 pts); Free cash flow negative (-52,000,000, -5% margin, 5/10 pts); Cash flow to debt -184% weak (15/15 pts); Distress escalation: 4 core signals severe (profitability, leverage>5x, coverage<2x, cash_flow_to_debt<30%) — score floored at 60 *** STRESS ***
2019-12-31          2.64     -2.94       -3.0     116.50     60  EBITDA margin -4% weak (13/14 pts); Leverage rule maxed: negative EBITDA — debt unservable from earnings (17/17 pts); Coverage rule maxed: negative EBITDA — interest uncovered by earnings (14/14 pts); Free cash flow negative (-3,000,000, -0% margin, 0/10 pts); Cash flow to debt 11% weak (14/15 pts); Distress escalation: 4 core signals severe (profitability, leverage>5x, coverage<2x, cash_flow_to_debt<30%) — score floored at 60 *** STRESS ***
2018-12-31          5.36     -5.00      -95.0       0.62     70  EBITDA margin -3% weak (12/14 pts); Leverage rule maxed: negative EBITDA — debt unservable from earnings (17/17 pts); Coverage rule maxed: negative EBITDA — interest uncovered by earnings (14/14 pts); Free cash flow negative (-95,000,000, -7% margin, 7/10 pts); Liquidity 0.62× thin (4/9 pts); Cash flow to debt -15% weak (15/15 pts); Distress escalation: 4 core signals severe (profitability, leverage>5x, coverage<2x, cash_flow_to_debt<30%) — score floored at 60 *** STRESS ***
2017-12-31          0.89      1.94     -105.0      86.00     37  EBITDA margin 4% weak (5/14 pts); Interest coverage 1.9× thin (10/14 pts); Free cash flow negative (-105,000,000, -8% margin, 8/10 pts); Cash flow to debt -17% weak (15/15 pts)
2016-12-31         -0.13      4.08      -54.0      72.17     25  Free cash flow negative (-54,000,000, -12% margin, 10/10 pts); Cash flow to debt -3% weak (15/15 pts)
2015-12-31          0.56      3.75     -138.0      91.17     26  Interest coverage 3.7× thin (1/14 pts); Free cash flow negative (-138,000,000, -31% margin, 10/10 pts); Cash flow to debt -14% weak (15/15 pts)
2014-12-31         -0.14      3.97     -171.0     142.40     24  Interest coverage 4.0× thin (0/14 pts); Free cash flow negative (-171,000,000, -8% margin, 8/10 pts); Cash flow to debt -19% weak (15/15 pts)
2013-12-31         N/A       N/A          N/A     211.00      0  —
2012-12-31         -2.98     -2.09     -331.0       1.62     79  EBITDA margin -8% weak (14/14 pts); Leverage rule maxed: negative EBITDA — debt unservable from earnings (17/17 pts); Coverage rule maxed: negative EBITDA — interest uncovered by earnings (14/14 pts); Free cash flow negative (-331,000,000, -8% margin, 8/10 pts); Cash flow to debt -9% weak (15/15 pts); Debt to assets 66% elevated (9/9 pts); Maturity wall: 49% of debt due within 3 years (2/6 pts); Distress escalation: 6 core signals severe (profitability, leverage>5x, coverage<2x, cash_flow_to_debt<30%, fcf_negative, debt_to_assets>40%) — score floored at 60 *** STRESS ***
2011-12-31         -2.14     -1.96    -1126.0       8.61     70  EBITDA margin -6% weak (14/14 pts); Leverage rule maxed: negative EBITDA — debt unservable from earnings (17/17 pts); Coverage rule maxed: negative EBITDA — interest uncovered by earnings (14/14 pts); Free cash flow negative (-1,126,000,000, -22% margin, 10/10 pts); Cash flow to debt -62% weak (15/15 pts); Distress escalation: 5 core signals severe (profitability, leverage>5x, coverage<2x, cash_flow_to_debt<30%, fcf_negative) — score floored at 60 *** STRESS ***
2010-12-31         -9.02      0.28     -368.0      32.48     44  EBITDA margin 1% weak (9/14 pts); Interest coverage 0.3× thin (14/14 pts); Free cash flow negative (-368,000,000, -6% margin, 6/10 pts); Cash flow to debt -17% weak (15/15 pts)
2009-12-31         -2.24      3.35     -288.0      32.65     26  EBITDA margin 6% weak (3/14 pts); Interest coverage 3.4× thin (3/14 pts); Free cash flow negative (-288,000,000, -5% margin, 5/10 pts); Cash flow to debt -11% weak (15/15 pts)
2008-12-31          2.78     -2.97      -86.0      42.06     60  EBITDA margin -4% weak (13/14 pts); Leverage rule maxed: negative EBITDA — debt unservable from earnings (17/17 pts); Coverage rule maxed: negative EBITDA — interest uncovered by earnings (14/14 pts); Free cash flow negative (-86,000,000, -1% margin, 1/10 pts); Cash flow to debt 13% weak (13/15 pts); Distress escalation: 4 core signals severe (profitability, leverage>5x, coverage<2x, cash_flow_to_debt<30%) — score floored at 60 *** STRESS ***
==========================================================================================

  Leverage audit (2025-12-31):
    total_debt: 209,000,000  [us-gaap/LongTermDebt]
    cash: 337,000,000  [us-gaap/CashAndCashEquivalentsAtCarryingValue]
    operating_income: 0  [us-gaap/OperatingIncomeLoss]
    depreciation: 29,000,000  [us-gaap/DepreciationDepletionAndAmortization]
[89/150] KODK     ok   (ok=87 fail=2)
Tracking ECL...
  CIK: 0000031462
  Extracting ratios for 18 periods...

==========================================================================================
  ECL — Credit Ratio Summary
==========================================================================================
Period          Leverage  Coverage   FCF ($M)  Liquidity  Score  Alerts
------------------------------------------------------------------------------------------
2025-12-31          2.19     11.14     1904.3       0.74      9  Liquidity 0.74× thin (3/9 pts); Maturity wall: 80% of debt due within 3 years (6/6 pts)
2024-12-31          1.83     10.10     1819.4     349.11      6  Maturity wall: 82% of debt due within 3 years (6/6 pts)
2023-12-31          2.78      7.48     1637.0       1.46      6  Cash flow to debt 27% weak (2/15 pts); Debt to assets 40% elevated (0/9 pts); Maturity wall: 58% of debt due within 3 years (3/6 pts)
2022-12-31          3.66      8.65     1075.6       1.19     15  Leverage 3.7× elevated (4/17 pts); Cash flow to debt 20% weak (8/15 pts); Debt to assets 42% elevated (1/9 pts); Maturity wall: 51% of debt due within 3 years (2/6 pts)
2021-12-31          3.63      9.55     1418.9       0.88     12  Leverage 3.6× elevated (4/17 pts); Liquidity 0.88× thin (2/9 pts); Cash flow to debt 24% weak (5/15 pts); Debt to assets 41% elevated (0/9 pts); Maturity wall: 45% of debt due within 3 years (2/6 pts)
2020-12-31          2.72      6.53     1371.2      72.84      3  Cash flow to debt 28% weak (2/15 pts); Maturity wall: 40% of debt due within 3 years (1/6 pts)
2019-12-31          2.28     12.39     1620.1       0.49     10  Liquidity 0.49× thin (6/9 pts); Maturity wall: 59% of debt due within 3 years (4/6 pts)
2018-12-31          2.57     10.83     1430.6       0.15     13  Liquidity 0.15× thin (9/9 pts); Maturity wall: 60% of debt due within 3 years (4/6 pts)
2017-12-31          2.72      9.49     1301.7       0.37     12  Liquidity 0.37× thin (8/9 pts); Cash flow to debt 27% weak (3/15 pts); Maturity wall: 45% of debt due within 3 years (2/6 pts)
2016-12-31          2.56      8.68     1232.3       0.60      9  Liquidity 0.60× thin (5/9 pts); Cash flow to debt 27% weak (2/15 pts); Maturity wall: 49% of debt due within 3 years (2/6 pts)
2015-12-31          2.71      8.36     1228.8       0.04     20  Liquidity 0.04× thin (9/9 pts); Cash flow to debt 25% weak (4/15 pts); Debt to assets 43% elevated (1/9 pts); Maturity wall: 89% of debt due within 3 years (6/6 pts)
2014-12-31          2.15      9.38     1066.9       0.12     19  Liquidity 0.12× thin (9/9 pts); Cash flow to debt 25% weak (4/15 pts); Maturity wall: 93% of debt due within 3 years (6/6 pts)
2013-12-31          2.99      7.61      934.7       0.39     20  Liquidity 0.39× thin (7/9 pts); Cash flow to debt 21% weak (7/15 pts); Maturity wall: 83% of debt due within 3 years (6/6 pts)
2012-12-31          2.37      7.02      628.5       1.44     10  Cash flow to debt 18% weak (9/15 pts); Maturity wall: 42% of debt due within 3 years (1/6 pts)
2011-12-31          5.01     14.00      343.8     279.33     27  Leverage 5.0× elevated (11/17 pts); Cash flow to debt 9% weak (15/15 pts); Debt to assets 42% elevated (1/9 pts)
2010-12-31          0.52     17.60      689.9       1.55      3  Maturity wall: 56% of debt due within 3 years (3/6 pts)
2009-12-31          0.79     15.05      442.5       9.32      0  —
2008-12-31          0.70     14.80      426.5       0.20      9  Liquidity 0.20× thin (9/9 pts)
==========================================================================================

  Leverage audit (2025-12-31):
    total_debt: 8,125,300,000  [us-gaap/DebtAndCapitalLeaseObligations]
    cash: 646,200,000  [us-gaap/CashAndCashEquivalentsAtCarryingValue]
    operating_income: 2,737,600,000  [us-gaap/OperatingIncomeLoss]
    depreciation: 672,600,000  [us-gaap/Depreciation]
[90/150] ECL      ok   (ok=88 fail=2)
Tracking RVTY...
  CIK: 0000031791
  Extracting ratios for 17 periods...

==========================================================================================
  RVTY — Credit Ratio Summary
==========================================================================================
Period          Leverage  Coverage   FCF ($M)  Liquidity  Score  Alerts
------------------------------------------------------------------------------------------
2025-12-28          2.25      8.84      509.4       1.56      9  Cash flow to debt 18% weak (9/15 pts); Maturity wall: 34% of debt due within 3 years (0/6 pts)
2024-12-29          2.57      8.50      541.7    4807.42      8  Cash flow to debt 20% weak (8/15 pts)
2023-12-31          4.08      7.79        9.9       1.26     21  Leverage 4.1× elevated (6/17 pts); Cash flow to debt 2% weak (15/15 pts); Maturity wall: 33% of debt due within 3 years (0/6 pts)
2023-01-01          3.37     11.94      594.2       0.96     14  Leverage 3.4× elevated (2/17 pts); Liquidity 0.96× thin (0/9 pts); Cash flow to debt 14% weak (12/15 pts)
2022-01-02          2.58     31.23     1310.9     145.83      2  Cash flow to debt 28% weak (1/15 pts); Maturity wall: 36% of debt due within 3 years (1/6 pts)
2021-01-03          1.30     24.64      814.7       1.06      0  —
2019-12-29          3.27      9.05      287.1      19.24     11  Leverage 3.3× elevated (2/17 pts); Cash flow to debt 17% weak (9/15 pts)
2018-12-30          3.43      7.53      217.8      10.98     17  Leverage 3.4× elevated (2/17 pts); Cash flow to debt 16% weak (10/15 pts); Maturity wall: 69% of debt due within 3 years (5/6 pts)
2017-12-31          4.40      9.33      249.4       0.93     22  Leverage 4.4× elevated (8/17 pts); Liquidity 0.93× thin (1/9 pts); Cash flow to debt 13% weak (13/15 pts)
2017-01-01          1.79      9.22      318.9     306.54      0  —
2016-01-03          1.95     10.48      257.5     211.87      1  Cash flow to debt 28% weak (1/15 pts)
2014-12-28          2.68      9.03      252.5     162.62      2  Cash flow to debt 27% weak (2/15 pts)
2013-12-29          2.20      6.93      119.6      66.02     11  Cash flow to debt 17% weak (10/15 pts); Maturity wall: 43% of debt due within 3 years (2/6 pts)
2012-12-30          3.41      4.92      109.8      96.75     13  Leverage 3.4× elevated (2/17 pts); Cash flow to debt 16% weak (10/15 pts)
2012-01-01          3.99      8.15      194.3      N/A       10  Leverage 4.0× elevated (6/17 pts); Cash flow to debt 24% weak (5/15 pts)
2011-01-02          0.02     15.28      130.6     186.29      0  —
2010-01-03          1.87     12.66      123.2      N/A        2  Cash flow to debt 27% weak (2/15 pts)
==========================================================================================

  Leverage audit (2025-12-28):
    total_debt: 2,631,236,000  [us-gaap/LongTermDebtNoncurrent]
    cash: 919,860,000  [us-gaap/CashAndCashEquivalentsAtCarryingValue]
    operating_income: 356,635,000  [us-gaap/OperatingIncomeLoss]
    depreciation: 405,340,000  [us-gaap/DepreciationDepletionAndAmortization]
[91/150] RVTY     ok   (ok=89 fail=2)
Tracking EMR...
  CIK: 0000032604
  Extracting ratios for 18 periods...

==========================================================================================
  EMR — Credit Ratio Summary
==========================================================================================
Period          Leverage  Coverage   FCF ($M)  Liquidity  Score  Alerts
------------------------------------------------------------------------------------------
2025-09-30          1.66     N/A       2667.0       2.55      2  Maturity wall: 45% of debt due within 3 years (2/6 pts)
2024-09-30          1.11     N/A       2913.0       6.74      2  Maturity wall: 47% of debt due within 3 years (2/6 pts)
2023-09-30          0.03     N/A        274.0      14.75     17  Cash flow to debt 7% weak (15/15 pts); Maturity wall: 46% of debt due within 3 years (2/6 pts)
2022-09-30          1.36     N/A       2391.0       3.50      2  Maturity wall: 51% of debt due within 3 years (2/6 pts)
2021-09-30          0.89     26.40     2994.0       4.38      2  Maturity wall: 51% of debt due within 3 years (2/6 pts)
2020-09-30          0.94     N/A       2545.0      10.30      2  Maturity wall: 49% of debt due within 3 years (2/6 pts)
2019-09-30          0.76     N/A       2412.0       2.90      2  Maturity wall: 45% of debt due within 3 years (2/6 pts)
2018-09-30          0.60     N/A       2275.0       1.59      2  Maturity wall: 45% of debt due within 3 years (2/6 pts)
2017-09-30          0.25     N/A       1436.0      11.34      4  Maturity wall: 60% of debt due within 3 years (4/6 pts)
2016-09-30          0.31     N/A       2434.0      11.92      3  Maturity wall: 54% of debt due within 3 years (3/6 pts)
2015-09-30          0.25     N/A       1844.0      10.49      0  Maturity wall: 32% of debt due within 3 years (0/6 pts)
2014-09-30          0.10     N/A       2925.0       6.03      1  Maturity wall: 38% of debt due within 3 years (1/6 pts)
2013-09-30          0.19     N/A       2971.0      12.27      4  Maturity wall: 62% of debt due within 3 years (4/6 pts)
2012-09-30          0.36     N/A       2388.0       4.23      4  Maturity wall: 61% of debt due within 3 years (4/6 pts)
2011-09-30          0.46     N/A       2586.0       7.35      3  Maturity wall: 52% of debt due within 3 years (3/6 pts)
2010-09-30          0.69     N/A       2768.0      22.42      3  Maturity wall: 53% of debt due within 3 years (3/6 pts)
2009-09-30          0.69     N/A       2555.0       2.76      0  —
2008-09-30          0.35     N/A       2579.0       1.46      0  —
==========================================================================================

  Leverage audit (2025-09-30):
    total_debt: 8,924,000,000  [us-gaap/LongTermDebt]
    cash: 1,544,000,000  [us-gaap/CashCashEquivalentsRestrictedCashAndRestrictedCashEquivalents]
    operating_income: 2,934,000,000  [us-gaap/IncomeLossFromContinuingOperationsBeforeIncomeTaxesExtraordinaryItemsNoncontrollingInterest]
    depreciation: 1,518,000,000  [us-gaap/DepreciationDepletionAndAmortization]
[92/150] EMR      ok   (ok=90 fail=2)
Tracking EFX...
  CIK: 0000033185
  Extracting ratios for 17 periods...

==========================================================================================
  EFX — Credit Ratio Summary
==========================================================================================
Period          Leverage  Coverage   FCF ($M)  Liquidity  Score  Alerts
------------------------------------------------------------------------------------------
2025-12-31          2.71      8.69     1134.3       0.17     19  Liquidity 0.17× thin (9/9 pts); Cash flow to debt 26% weak (3/15 pts); Debt to assets 52% elevated (4/9 pts); Maturity wall: 51% of debt due within 3 years (2/6 pts)
2024-12-31          2.83      8.02      813.0       0.25     18  Liquidity 0.25× thin (9/9 pts); Cash flow to debt 23% weak (5/15 pts); Debt to assets 49% elevated (3/9 pts); Maturity wall: 34% of debt due within 3 years (0/6 pts)
2023-12-31          3.56      6.43      515.5       0.23     29  Leverage 3.6× elevated (3/17 pts); Liquidity 0.23× thin (9/9 pts); Cash flow to debt 17% weak (10/15 pts); Debt to assets 55% elevated (5/9 pts); Maturity wall: 40% of debt due within 3 years (1/6 pts)
2022-12-31          3.41      8.88      132.6       0.29     32  Leverage 3.4× elevated (2/17 pts); Liquidity 0.29× thin (8/9 pts); Cash flow to debt 11% weak (14/15 pts); Debt to assets 59% elevated (7/9 pts); Maturity wall: 37% of debt due within 3 years (1/6 pts)
2021-12-31          3.13     11.18      865.8       0.27     22  Leverage 3.1× elevated (1/17 pts); Liquidity 0.27× thin (9/9 pts); Cash flow to debt 22% weak (6/15 pts); Debt to assets 56% elevated (6/9 pts); Maturity wall: 38% of debt due within 3 years (1/6 pts)
2020-12-31          2.53      7.60      524.9       1.53     18  Cash flow to debt 17% weak (10/15 pts); Debt to assets 57% elevated (6/9 pts); Maturity wall: 45% of debt due within 3 years (2/6 pts)
2019-12-31       1579.89      0.02      -85.8     129.45     61  EBITDA margin 0% weak (9/14 pts); Leverage 1579.9× elevated (17/17 pts); Interest coverage 0.0× thin (14/14 pts); Free cash flow negative (-85,800,000, -2% margin, 2/10 pts); Cash flow to debt 9% weak (15/15 pts); Debt to assets 43% elevated (1/9 pts); Maturity wall: 47% of debt due within 3 years (2/6 pts) *** STRESS ***
2018-12-31          3.18      7.38      350.3      45.63      6  Leverage 3.2× elevated (1/17 pts); Cash flow to debt 25% weak (4/15 pts); Maturity wall: 42% of debt due within 3 years (1/6 pts)
2017-12-31          2.13     12.02      597.8       0.35     19  Liquidity 0.35× thin (8/9 pts); Cash flow to debt 22% weak (6/15 pts); Debt to assets 51% elevated (4/9 pts); Maturity wall: 39% of debt due within 3 years (1/6 pts)
2016-12-31          2.35     11.80      622.3       0.22     18  Liquidity 0.22× thin (9/9 pts); Cash flow to debt 24% weak (4/15 pts); Debt to assets 49% elevated (3/9 pts); Maturity wall: 39% of debt due within 3 years (1/6 pts)
2015-12-31          1.23     14.01      595.9       1.89      0  —
2014-12-31          1.66     12.28      529.8       0.34     10  Liquidity 0.34× thin (8/9 pts); Debt to assets 41% elevated (0/9 pts); Maturity wall: 43% of debt due within 3 years (2/6 pts)
2013-12-31          1.50     11.42      483.0       0.80      2  Liquidity 0.80× thin (2/9 pts)
2012-12-31          2.41     11.78      430.3       0.52     12  Liquidity 0.52× thin (6/9 pts); Cash flow to debt 25% weak (4/15 pts); Debt to assets 44% elevated (2/9 pts); Maturity wall: 33% of debt due within 3 years (0/6 pts)
2011-12-31          1.37     11.54      333.7       2.71      1  Maturity wall: 35% of debt due within 3 years (1/6 pts)
2010-12-31          1.46     10.66      252.8       5.77      0  —
2009-12-31          1.64      9.48      347.7       0.56      5  Liquidity 0.56× thin (5/9 pts)
==========================================================================================

  Leverage audit (2025-12-31):
    total_debt: 5,114,200,000  [us-gaap/LongTermDebt]
    cash: 180,800,000  [us-gaap/CashAndCashEquivalentsAtCarryingValue]
    operating_income: 1,095,200,000  [us-gaap/OperatingIncomeLoss]
    depreciation: 726,900,000  [us-gaap/DepreciationDepletionAndAmortization]
[93/150] EFX      ok   (ok=91 fail=2)
Tracking EQT...
  CIK: 0000033213
  Extracting ratios for 18 periods...

==========================================================================================
  EQT — Credit Ratio Summary
==========================================================================================
Period          Leverage  Coverage   FCF ($M)  Liquidity  Score  Alerts
------------------------------------------------------------------------------------------
2025-12-31          1.31     12.85     2837.5       0.22      9  Liquidity 0.22× thin (9/9 pts)
2024-12-31          3.20      7.09      573.3       0.63      6  Leverage 3.2× elevated (1/17 pts); Liquidity 0.63× thin (4/9 pts); Cash flow to debt 29% weak (0/15 pts)
2023-12-31          1.41     18.42     1159.8       0.28      9  Liquidity 0.28× thin (9/9 pts)
2022-12-31          0.96     17.56     2065.1       3.45      0  —
2021-12-31         17.01      1.02      607.3       0.12     48  EBITDA margin 5% weak (5/14 pts); Leverage 17.0× elevated (17/17 pts); Interest coverage 1.0× thin (14/14 pts); Liquidity 0.12× thin (9/9 pts); Cash flow to debt 26% weak (3/15 pts)
2020-12-31          9.51      1.90      495.5       0.12     36  Leverage 9.5× elevated (17/17 pts); Interest coverage 1.9× thin (10/14 pts); Liquidity 0.12× thin (9/9 pts)
2019-12-31         12.92      1.93      249.2       0.28     40  Leverage 12.9× elevated (17/17 pts); Interest coverage 1.9× thin (10/14 pts); Liquidity 0.28× thin (9/9 pts); Maturity wall: 72% of debt due within 3 years (5/6 pts)
2018-12-31         -3.87     -5.30       11.3       0.00     60  EBITDA margin -26% weak (14/14 pts); Leverage rule maxed: negative EBITDA — debt unservable from earnings (17/17 pts); Coverage rule maxed: negative EBITDA — interest uncovered by earnings (14/14 pts); Liquidity 0.00× thin (9/9 pts); Maturity wall: 54% of debt due within 3 years (3/6 pts); Distress escalation: 4 core signals severe (profitability, leverage>5x, coverage<2x, liquidity<1x) — score floored at 60 *** STRESS ***
2017-12-31          2.70      9.92     -301.5      18.42     10  Free cash flow negative (-301,504,000, -10% margin, 10/10 pts); Cash flow to debt 29% weak (0/15 pts); Maturity wall: 31% of debt due within 3 years (0/6 pts)
2016-12-31          3.36      4.39     -475.2      N/A       14  Leverage 3.4× elevated (2/17 pts); Free cash flow negative (-475,174,000, -34% margin, 10/10 pts); Maturity wall: 42% of debt due within 3 years (2/6 pts)
2015-12-31          0.86      9.43     1216.9      N/A        2  Maturity wall: 50% of debt due within 3 years (2/6 pts)
2014-12-31          1.25     11.23     1240.6      N/A        0  —
2013-12-31          1.27      9.17     1086.2      75.76      0  —
2012-12-31          2.42      5.25     -590.9       7.85     16  Free cash flow negative (-590,912,000, -36% margin, 10/10 pts); Maturity wall: 99% of debt due within 3 years (6/6 pts)
2011-12-31          1.60      8.81     -369.3       3.79     14  Free cash flow negative (-369,260,000, -23% margin, 10/10 pts); Maturity wall: 60% of debt due within 3 years (4/6 pts)
2010-12-31          2.63      5.78     -457.2       0.00     22  Free cash flow negative (-457,192,000, -35% margin, 10/10 pts); Liquidity 0.00× thin (9/9 pts); Maturity wall: 57% of debt due within 3 years (3/6 pts)
2009-12-31          3.53      4.95     -238.2       0.00     22  Leverage 3.5× elevated (3/17 pts); Free cash flow negative (-238,167,000, -19% margin, 10/10 pts); Liquidity 0.00× thin (9/9 pts)
2008-12-31          2.08     10.30     -834.8       0.00     19  Free cash flow negative (-834,839,000, -53% margin, 10/10 pts); Liquidity 0.00× thin (9/9 pts)
==========================================================================================

  Leverage audit (2025-12-31):
    total_debt: 7,800,328,000  [us-gaap/LongTermDebt]
    cash: 110,795,000  [us-gaap/CashAndCashEquivalentsAtCarryingValue]
    operating_income: 3,249,619,000  [us-gaap/OperatingIncomeLoss]
    depreciation: 2,600,390,000  [us-gaap/DepreciationDepletionAndAmortization]
[94/150] EQT      ok   (ok=92 fail=2)
Tracking XOM...
  CIK: 0000034088
  Extracting ratios for 18 periods...

==========================================================================================
  XOM — Credit Ratio Summary
==========================================================================================
Period          Leverage  Coverage   FCF ($M)  Liquidity  Score  Alerts
------------------------------------------------------------------------------------------
2025-12-31          0.35    111.54    23612.0       1.72      1  Maturity wall: 38% of debt due within 3 years (1/6 pts)
2024-12-31          0.19     72.61    30716.0       4.71      5  Maturity wall: 69% of debt due within 3 years (5/6 pts)
2023-12-31          0.08     86.48    33450.0       7.87      6  Maturity wall: 80% of debt due within 3 years (6/6 pts)
2022-12-31          0.11    127.56    58390.0     163.76      4  Maturity wall: 66% of debt due within 3 years (4/6 pts)
2021-12-31          0.71     54.74    36053.0       2.84      2  Maturity wall: 49% of debt due within 3 years (2/6 pts)
2020-12-31          2.50     14.79    -2614.0       1.49      4  EBITDA margin 10% weak (0/14 pts); Free cash flow negative (-2,614,000,000, -1% margin, 2/10 pts); Cash flow to debt 29% weak (0/15 pts); Maturity wall: 46% of debt due within 3 years (2/6 pts)
2019-12-31          0.60     47.05     5355.0       1.91      4  Maturity wall: 64% of debt due within 3 years (4/6 pts)
2018-12-31          0.35     64.88    16440.0       0.75      6  Liquidity 0.75× thin (3/9 pts); Maturity wall: 57% of debt due within 3 years (3/6 pts)
2017-12-31          0.52     64.17    14664.0       0.67      7  Liquidity 0.67× thin (4/9 pts); Maturity wall: 56% of debt due within 3 years (3/6 pts)
2016-12-31          0.79     66.84     5919.0       1.24      4  Maturity wall: 68% of debt due within 3 years (4/6 pts)
2015-12-31          0.37    128.66     3854.0       6.64      4  Maturity wall: 60% of debt due within 3 years (4/6 pts)
2014-12-31          0.10    241.00    12164.0       5.99      3  Maturity wall: 52% of debt due within 3 years (3/6 pts)
2013-12-31          0.02   8321.44    11245.0       4.49      2  Maturity wall: 42% of debt due within 3 years (2/6 pts)
2012-12-31         -0.02    289.34    21899.0       9.35      3  Maturity wall: 56% of debt due within 3 years (3/6 pts)
2011-12-31         -0.04    359.68    24370.0       3.69      4  Maturity wall: 62% of debt due within 3 years (4/6 pts)
2010-12-31          0.07    261.46    21542.0      22.68      6  Maturity wall: 78% of debt due within 3 years (6/6 pts)
2009-12-31         -0.08     85.21     5947.0      30.73      0  —
2008-12-31         N/A       N/A      40407.0      13.10      0  —
==========================================================================================

  Leverage audit (2025-12-31):
    total_debt: 34,241,000,000  [us-gaap/LongTermDebtAndCapitalLeaseObligations]
    cash: 10,681,000,000  [us-gaap/CashAndCashEquivalentsAtCarryingValue]
    operating_income: 41,268,000,000  [us-gaap/IncomeLossFromContinuingOperationsBeforeIncomeTaxesExtraordinaryItemsNoncontrollingInterest]
    depreciation: 25,993,000,000  [us-gaap/DepreciationDepletionAndAmortization]
[95/150] XOM      ok   (ok=93 fail=2)
Tracking SRCE...
  CIK: 0000034782
  Extracting ratios for 16 periods...

==========================================================================================
  SRCE — Credit Ratio Summary
==========================================================================================
Period          Leverage  Coverage   FCF ($M)  Liquidity  Score  Alerts
------------------------------------------------------------------------------------------
2025-12-31         N/A        1.26      213.0       0.50     19  Interest coverage 1.3× thin (13/14 pts); Liquidity 0.50× thin (6/9 pts); Maturity wall: 34% of debt due within 3 years (0/6 pts)
2024-12-31         N/A        0.96      181.5       0.50     21  Interest coverage 1.0× thin (14/14 pts); Liquidity 0.50× thin (6/9 pts); Maturity wall: 40% of debt due within 3 years (1/6 pts)
2023-12-31         N/A        1.20      182.0       0.42     23  Interest coverage 1.2× thin (13/14 pts); Liquidity 0.42× thin (7/9 pts); Maturity wall: 52% of debt due within 3 years (3/6 pts)
2022-12-31         N/A        5.32      173.2       0.57      6  Liquidity 0.57× thin (5/9 pts); Maturity wall: 36% of debt due within 3 years (1/6 pts)
2021-12-31         N/A        8.82      163.9       2.63      0  —
2020-12-31         N/A        3.01      151.6       1.61      5  Interest coverage 3.0× thin (5/14 pts)
2019-12-31         N/A        2.13      156.6       0.57     14  Interest coverage 2.1× thin (9/14 pts); Liquidity 0.57× thin (5/9 pts)
2018-12-31         N/A        2.55      156.6       0.50     13  Interest coverage 2.5× thin (7/14 pts); Liquidity 0.50× thin (6/9 pts)
2017-12-31         N/A        4.00      134.3       0.36      8  Liquidity 0.36× thin (8/9 pts)
2016-12-31         N/A        4.27       89.1       0.37      8  Liquidity 0.37× thin (8/9 pts); Maturity wall: 39% of debt due within 3 years (1/6 pts)
2015-12-31         N/A        5.14       91.5       0.34     11  Liquidity 0.34× thin (8/9 pts); Maturity wall: 58% of debt due within 3 years (3/6 pts)
2014-12-31         N/A        4.89       73.3       0.27     12  Liquidity 0.27× thin (9/9 pts); Maturity wall: 60% of debt due within 3 years (4/6 pts)
2013-12-31         N/A        3.89       80.4       0.25      9  Interest coverage 3.9× thin (0/14 pts); Liquidity 0.25× thin (9/9 pts)
2012-12-31         N/A        2.64       83.7       0.50     12  Interest coverage 2.6× thin (6/14 pts); Liquidity 0.50× thin (6/9 pts); Maturity wall: 31% of debt due within 3 years (0/6 pts)
2011-12-31         N/A        1.98      113.0       0.91     10  Interest coverage 2.0× thin (9/14 pts); Liquidity 0.91× thin (1/9 pts)
2010-12-31         N/A        1.22      108.8       0.62     18  Interest coverage 1.2× thin (13/14 pts); Liquidity 0.62× thin (4/9 pts)
==========================================================================================
[96/150] SRCE     ok   (ok=94 fail=2)
Tracking FRT...
  CIK: 0000034903
  Extracting ratios for 17 periods...

==========================================================================================
  FRT — Credit Ratio Summary
==========================================================================================
Period          Leverage  Coverage   FCF ($M)  Liquidity  Score  Alerts
------------------------------------------------------------------------------------------
2025-12-31          5.01      5.28     -112.9      N/A       42  Leverage 5.0× elevated (11/17 pts); Free cash flow negative (-112,896,000, -9% margin, 9/10 pts); Cash flow to debt 13% weak (13/15 pts); Debt to assets 54% elevated (5/9 pts); Maturity wall: 57% of debt due within 3 years (3/6 pts)
2024-12-31          5.37      4.64      300.6      N/A       33  Leverage 5.4× elevated (13/17 pts); Cash flow to debt 13% weak (13/15 pts); Debt to assets 53% elevated (5/9 pts); Maturity wall: 44% of debt due within 3 years (2/6 pts)
2023-12-31          5.99      4.34      495.2      N/A       37  Leverage 6.0× elevated (17/17 pts); Cash flow to debt 12% weak (14/15 pts); Debt to assets 55% elevated (5/9 pts); Maturity wall: 41% of debt due within 3 years (1/6 pts)
2022-12-31          5.14      6.05       78.3      N/A       31  Leverage 5.1× elevated (12/17 pts); Cash flow to debt 12% weak (14/15 pts); Debt to assets 53% elevated (5/9 pts); Maturity wall: 35% of debt due within 3 years (1/6 pts)
2021-12-31          5.78      5.28      104.9      N/A       34  Leverage 5.8× elevated (16/17 pts); Cash flow to debt 12% weak (14/15 pts); Debt to assets 53% elevated (5/9 pts)
2020-12-31          6.45      4.00      360.3      N/A       38  Leverage 6.4× elevated (17/17 pts); Cash flow to debt 9% weak (15/15 pts); Debt to assets 57% elevated (6/9 pts)
2019-12-31          4.56      6.48      379.1      N/A       25  Leverage 4.6× elevated (9/17 pts); Cash flow to debt 14% weak (12/15 pts); Debt to assets 50% elevated (4/9 pts)
2018-12-31          5.24      5.39      450.6      N/A       27  Leverage 5.2× elevated (13/17 pts); Cash flow to debt 16% weak (10/15 pts); Debt to assets 50% elevated (4/9 pts)
2017-12-31          5.87      5.48      382.2      N/A       32  Leverage 5.9× elevated (16/17 pts); Cash flow to debt 14% weak (12/15 pts); Debt to assets 51% elevated (4/9 pts)
2016-12-31          5.28      5.42      361.7      N/A       28  Leverage 5.3× elevated (13/17 pts); Cash flow to debt 15% weak (11/15 pts); Debt to assets 51% elevated (4/9 pts)
2015-12-31          5.35      5.13      313.7      N/A       30  Leverage 5.3× elevated (13/17 pts); Cash flow to debt 14% weak (12/15 pts); Debt to assets 52% elevated (4/9 pts)
2014-12-31          5.19      4.70      299.8      N/A       28  Leverage 5.2× elevated (12/17 pts); Cash flow to debt 15% weak (11/15 pts); Debt to assets 51% elevated (4/9 pts)
2013-12-31          5.20      3.95      267.4      N/A       30  Leverage 5.2× elevated (12/17 pts); Interest coverage 4.0× thin (0/14 pts); Cash flow to debt 14% weak (12/15 pts); Debt to assets 53% elevated (5/9 pts)
2012-12-31          5.26      3.51      245.3      N/A       33  Leverage 5.3× elevated (13/17 pts); Interest coverage 3.5× thin (2/14 pts); Cash flow to debt 14% weak (12/15 pts); Debt to assets 55% elevated (5/9 pts); Maturity wall: 33% of debt due within 3 years (0/6 pts)
2011-12-31          5.56      3.59      194.2      N/A       36  Leverage 5.6× elevated (14/17 pts); Interest coverage 3.6× thin (2/14 pts); Cash flow to debt 12% weak (14/15 pts); Debt to assets 56% elevated (6/9 pts); Maturity wall: 35% of debt due within 3 years (1/6 pts)
2010-12-31          5.00      3.44      218.1      N/A       31  Leverage 5.0× elevated (11/17 pts); Interest coverage 3.4× thin (3/14 pts); Cash flow to debt 15% weak (12/15 pts); Debt to assets 56% elevated (6/9 pts)
2009-12-31          0.39      2.99      230.8      N/A        5  Interest coverage 3.0× thin (5/14 pts)
==========================================================================================

  Leverage audit (2025-12-31):
    total_debt: 4,963,602,000  [us-gaap/LongTermDebt]
    cash: 107,415,000  [us-gaap/CashAndCashEquivalentsAtCarryingValue]
    operating_income: 602,199,000  [us-gaap/OperatingIncomeLoss]
    depreciation: 367,842,000  [us-gaap/DepreciationAndAmortization]
[97/150] FRT      ok   (ok=95 fail=2)
Tracking FITB...
  CIK: 0000035527
  Extracting ratios for 18 periods...

==========================================================================================
  FITB — Credit Ratio Summary
==========================================================================================
Period          Leverage  Coverage   FCF ($M)  Liquidity  Score  Alerts
------------------------------------------------------------------------------------------
2025-12-31          2.68      0.96     3930.0       3.78     17  Interest coverage 1.0× thin (14/14 pts); Maturity wall: 55% of debt due within 3 years (3/6 pts)
2024-12-31          3.32      0.71     2410.0       0.65     32  Leverage 3.3× elevated (2/17 pts); Interest coverage 0.7× thin (14/14 pts); Liquidity 0.65× thin (4/9 pts); Cash flow to debt 15% weak (11/15 pts); Maturity wall: 40% of debt due within 3 years (1/6 pts)
2023-12-31          3.84      0.88     4018.0       1.10     26  Leverage 3.8× elevated (5/17 pts); Interest coverage 0.9× thin (14/14 pts); Cash flow to debt 23% weak (5/15 pts); Maturity wall: 47% of debt due within 3 years (2/6 pts)
2022-12-31          2.90      3.61     6080.0       0.72      7  Interest coverage 3.6× thin (2/14 pts); Liquidity 0.72× thin (3/9 pts); Maturity wall: 43% of debt due within 3 years (2/6 pts)
2021-12-31          2.28      8.77     2395.0       3.06      8  Cash flow to debt 21% weak (7/15 pts); Maturity wall: 43% of debt due within 3 years (2/6 pts)
2020-12-31          5.17      2.90       66.0       2.64     34  Leverage 5.2× elevated (12/17 pts); Interest coverage 2.9× thin (5/14 pts); Cash flow to debt 2% weak (15/15 pts); Maturity wall: 42% of debt due within 3 years (2/6 pts)
2019-12-31          3.18      2.52     1581.0       3.24     24  Leverage 3.2× elevated (1/17 pts); Interest coverage 2.5× thin (7/14 pts); Cash flow to debt 11% weak (14/15 pts); Maturity wall: 50% of debt due within 3 years (2/6 pts)
2018-12-31          3.76      3.00     2664.0       4.68     21  Leverage 3.8× elevated (4/17 pts); Interest coverage 3.0× thin (5/14 pts); Cash flow to debt 19% weak (8/15 pts); Maturity wall: 59% of debt due within 3 years (3/6 pts)
2017-12-31          4.75      4.50     1280.0       0.03     37  Leverage 4.8× elevated (10/17 pts); Liquidity 0.03× thin (9/9 pts); Cash flow to debt 8% weak (15/15 pts); Maturity wall: 54% of debt due within 3 years (3/6 pts)
2016-12-31          5.77      4.36     1928.0      -0.04     41  Leverage 5.8× elevated (16/17 pts); Liquidity -0.04× thin (9/9 pts); Cash flow to debt 12% weak (14/15 pts); Maturity wall: 49% of debt due within 3 years (2/6 pts)
2015-12-31          5.84      5.67     2254.0      -0.37     40  Leverage 5.8× elevated (16/17 pts); Liquidity -0.37× thin (9/9 pts); Cash flow to debt 14% weak (12/15 pts); Maturity wall: 55% of debt due within 3 years (3/6 pts)
2014-12-31          6.16      5.41     1860.0      -0.06     41  Leverage 6.2× elevated (17/17 pts); Liquidity -0.06× thin (9/9 pts); Cash flow to debt 13% weak (13/15 pts); Maturity wall: 48% of debt due within 3 years (2/6 pts)
2013-12-31          2.87      7.54     4321.0       0.53      8  Liquidity 0.53× thin (6/9 pts); Maturity wall: 50% of debt due within 3 years (2/6 pts)
2012-12-31          2.67      5.35     2195.0      -0.04     17  Liquidity -0.04× thin (9/9 pts); Cash flow to debt 19% weak (8/15 pts)
2011-12-31          4.01      3.46     2047.0       0.16     26  Leverage 4.0× elevated (6/17 pts); Interest coverage 3.5× thin (2/14 pts); Liquidity 0.16× thin (9/9 pts); Cash flow to debt 18% weak (9/15 pts)
2010-12-31          6.96      1.58     3081.0      -0.10     38  Leverage 7.0× elevated (17/17 pts); Interest coverage 1.6× thin (11/14 pts); Liquidity -0.10× thin (9/9 pts); Cash flow to debt 30% weak (0/15 pts)
2009-12-31          9.86      0.84     3621.0      -0.30     40  Leverage 9.9× elevated (17/17 pts); Interest coverage 0.8× thin (14/14 pts); Liquidity -0.30× thin (9/9 pts)
2008-12-31         -5.09     -1.27     2683.0       0.01     67  EBITDA margin -47% weak (14/14 pts); Leverage rule maxed: negative EBITDA — debt unservable from earnings (17/17 pts); Coverage rule maxed: negative EBITDA — interest uncovered by earnings (14/14 pts); Liquidity 0.01× thin (9/9 pts); Cash flow to debt 13% weak (13/15 pts); Distress escalation: 5 core signals severe (profitability, leverage>5x, coverage<2x, cash_flow_to_debt<30%, liquidity<1x) — score floored at 60 *** STRESS ***
==========================================================================================

  Leverage audit (2025-12-31):
    total_debt: 13,589,000,000  [us-gaap/LongTermDebt]
    cash: 3,499,000,000  [us-gaap/CashCashEquivalentsRestrictedCashAndRestrictedCashEquivalents]
    operating_income: 3,211,000,000  [us-gaap/IncomeLossFromContinuingOperationsBeforeIncomeTaxesExtraordinaryItemsNoncontrollingInterest]
    depreciation: 554,000,000  [us-gaap/DepreciationAmortizationAndAccretionNet]
[98/150] FITB     ok   (ok=96 fail=2)
Tracking FFIN...
  CIK: 0000036029
  Extracting ratios for 17 periods...

==========================================================================================
  FFIN — Credit Ratio Summary
==========================================================================================
Period          Leverage  Coverage   FCF ($M)  Liquidity  Score  Alerts
------------------------------------------------------------------------------------------
2025-12-31         N/A      154.15      286.0      49.72      0  —
2024-12-31         N/A       38.67      292.9       5.63      0  —
2023-12-31         N/A        1.77      267.6      24.22     10  Interest coverage 1.8× thin (10/14 pts)
2022-12-31         N/A        9.34      308.2       0.51      6  Liquidity 0.51× thin (6/9 pts)
2021-12-31         N/A       47.17      334.0       0.79      2  Liquidity 0.79× thin (2/9 pts)
2020-12-31         N/A       17.91      194.2       1.70      0  —
2019-12-31         N/A        6.97      195.4      N/A        0  —
2018-12-31          3.11     10.08      171.3      -0.26     17  Leverage 3.1× elevated (1/17 pts); Liquidity -0.26× thin (9/9 pts); Cash flow to debt 20% weak (7/15 pts)
2017-12-31          1.34     17.24      176.1       0.35      9  Liquidity 0.35× thin (8/9 pts); Cash flow to debt 29% weak (1/15 pts)
2016-12-31          3.13     27.06      140.3      -0.04     19  Leverage 3.1× elevated (1/17 pts); Liquidity -0.04× thin (9/9 pts); Cash flow to debt 18% weak (9/15 pts)
2015-12-31          4.17     34.97       91.7       0.03     31  Leverage 4.2× elevated (7/17 pts); Liquidity 0.03× thin (9/9 pts); Cash flow to debt 9% weak (15/15 pts)
2014-12-31          2.55     30.58      114.0       0.11     18  Liquidity 0.11× thin (9/9 pts); Cash flow to debt 18% weak (9/15 pts)
2013-12-31         N/A       27.69       98.5      -0.32      9  Liquidity -0.32× thin (9/9 pts)
2012-12-31         N/A       20.99       76.9       0.42      7  Liquidity 0.42× thin (7/9 pts)
2011-12-31         N/A       12.40       80.3      -0.06      9  Liquidity -0.06× thin (9/9 pts)
2010-12-31         N/A        6.32       60.6      -0.00      9  Liquidity -0.00× thin (9/9 pts)
2009-12-31         N/A        4.64      165.0       0.67      4  Liquidity 0.67× thin (4/9 pts)
==========================================================================================
[99/150] FFIN     ok   (ok=97 fail=2)
Tracking CLGX...
[100/150] CLGX     FAIL   (ok=97 fail=3)
Tracking USB...
  CIK: 0000036104
  Extracting ratios for 18 periods...

==========================================================================================
  USB — Credit Ratio Summary
==========================================================================================
Period          Leverage  Coverage   FCF ($M)  Liquidity  Score  Alerts
------------------------------------------------------------------------------------------
2025-12-31          1.40      0.69        N/A       2.73     29  Interest coverage 0.7× thin (14/14 pts); Cash flow to debt 10% weak (15/15 pts)
2024-12-31          0.18      0.54        N/A       3.64     25  Interest coverage 0.5× thin (14/14 pts); Cash flow to debt 15% weak (11/15 pts)
2023-12-31         -1.34      0.57        N/A       4.00     27  Interest coverage 0.6× thin (14/14 pts); Cash flow to debt 13% weak (13/15 pts)
2022-12-31         -1.79      2.38        N/A       1.72      8  Interest coverage 2.4× thin (8/14 pts); Cash flow to debt 30% weak (0/15 pts)
2021-12-31          0.31     10.58        N/A       2.45      6  Cash flow to debt 22% weak (6/15 pts)
2020-12-31         -3.32      3.18        N/A       5.32     19  Interest coverage 3.2× thin (4/14 pts); Cash flow to debt 7% weak (15/15 pts)
2019-12-31          1.99      2.01        N/A       0.94     25  Interest coverage 2.0× thin (9/14 pts); Liquidity 0.94× thin (1/9 pts); Cash flow to debt 8% weak (15/15 pts)
2018-12-31         N/A        2.76        N/A      N/A       14  Interest coverage 2.8× thin (6/14 pts); Cash flow to debt 19% weak (8/15 pts)
2017-12-31         N/A        3.64        N/A      N/A       14  Interest coverage 3.6× thin (2/14 pts); Cash flow to debt 13% weak (13/15 pts)
2016-12-31         N/A        5.12        N/A      N/A       14  Cash flow to debt 11% weak (14/15 pts)
2015-12-31         N/A        5.95        N/A      N/A       12  Cash flow to debt 15% weak (12/15 pts)
2014-12-31         N/A        5.71        N/A      N/A       15  Cash flow to debt 9% weak (15/15 pts)
2013-12-31         N/A        4.80        N/A      N/A        4  Cash flow to debt 24% weak (4/15 pts)
2012-12-31          2.15      3.75        N/A       0.31     22  Interest coverage 3.7× thin (1/14 pts); Liquidity 0.31× thin (8/9 pts); Cash flow to debt 15% weak (11/15 pts); Maturity wall: 40% of debt due within 3 years (1/6 pts)
2011-12-31          2.61      2.74        N/A       0.46     25  Interest coverage 2.7× thin (6/14 pts); Liquidity 0.46× thin (6/9 pts); Cash flow to debt 16% weak (11/15 pts); Maturity wall: 46% of debt due within 3 years (2/6 pts)
2010-12-31         N/A       N/A          N/A       0.44     23  Liquidity 0.44× thin (7/9 pts); Cash flow to debt 8% weak (15/15 pts); Maturity wall: 39% of debt due within 3 years (1/6 pts)
2009-12-31         N/A       N/A          N/A       0.20     23  Liquidity 0.20× thin (9/9 pts); Cash flow to debt 12% weak (14/15 pts)
2008-12-31         N/A       N/A          N/A       0.20     24  Liquidity 0.20× thin (9/9 pts); Cash flow to debt 7% weak (15/15 pts)
==========================================================================================

  Leverage audit (2025-12-31):
    total_debt: 60,764,000,000  [us-gaap/LongTermDebtAndCapitalLeaseObligationsIncludingCurrentMaturities]
    cash: 46,890,000,000  [us-gaap/CashCashEquivalentsRestrictedCashAndRestrictedCashEquivalents]
    operating_income: 9,517,000,000  [us-gaap/IncomeLossFromContinuingOperationsBeforeIncomeTaxesExtraordinaryItemsNoncontrollingInterest]
    depreciation: 377,000,000  [us-gaap/DepreciationNonproduction]
[101/150] USB      ok   (ok=98 fail=3)
Tracking TRMK...
  CIK: 0000036146
  Extracting ratios for 17 periods...

==========================================================================================
  TRMK — Credit Ratio Summary
==========================================================================================
Period          Leverage  Coverage   FCF ($M)  Liquidity  Score  Alerts
------------------------------------------------------------------------------------------
2025-12-31         N/A     2383.90      232.0      N/A        0  —
2024-12-31         N/A      487.32       93.4      N/A        2  EBITDA margin 8% weak (2/14 pts)
2023-12-31         N/A        0.72      156.8      N/A       14  Interest coverage 0.7× thin (14/14 pts)
2022-12-31         N/A        2.41      269.9      N/A        7  Interest coverage 2.4× thin (7/14 pts)
2021-12-31         N/A        9.16      321.4      N/A        0  —
2020-12-31         N/A        5.53       42.8      N/A        0  —
2019-12-31         N/A        2.54       99.1      N/A        7  Interest coverage 2.5× thin (7/14 pts)
2018-12-31         N/A        3.18      224.6       4.42      4  Interest coverage 3.2× thin (4/14 pts)
2017-12-31         N/A        4.56      193.4       0.35      8  Liquidity 0.35× thin (8/9 pts)
2016-12-31         -1.86      7.17      138.1       0.43     15  Liquidity 0.43× thin (7/9 pts); Cash flow to debt 19% weak (8/15 pts)
2015-12-31         -1.21      9.21      159.8       0.67      4  Liquidity 0.67× thin (4/9 pts)
2014-12-31         -1.34      9.20      198.9       0.74      3  Liquidity 0.74× thin (3/9 pts)
2013-12-31         -1.55      7.39      139.4       5.21      0  —
2012-12-31         -0.96      6.15       75.0       2.66      0  —
2011-12-31         -0.88      4.04      161.4       2.31      0  —
2010-12-31         -0.66      3.00      200.1       0.38     12  Interest coverage 3.0× thin (5/14 pts); Liquidity 0.38× thin (7/9 pts)
2009-12-31         -1.00      1.86      166.0       0.84     12  Interest coverage 1.9× thin (10/14 pts); Liquidity 0.84× thin (2/9 pts)
==========================================================================================
[102/150] TRMK     ok   (ok=99 fail=3)
Tracking MTB...
  CIK: 0000036270
  Extracting ratios for 18 periods...

==========================================================================================
  MTB — Credit Ratio Summary
==========================================================================================
Period          Leverage  Coverage   FCF ($M)  Liquidity  Score  Alerts
------------------------------------------------------------------------------------------
2025-12-31         -1.96      1.13        N/A       8.73     19  Interest coverage 1.1× thin (13/14 pts); Cash flow to debt 23% weak (5/15 pts); Maturity wall: 33% of debt due within 3 years (0/6 pts)
2024-12-31          2.95      0.87        N/A       1.80     18  Interest coverage 0.9× thin (14/14 pts); Cash flow to debt 26% weak (3/15 pts); Maturity wall: 42% of debt due within 3 years (2/6 pts)
2023-12-31          1.65      1.26     3649.0       0.33     23  Interest coverage 1.3× thin (13/14 pts); Liquidity 0.33× thin (8/9 pts); Cash flow to debt 29% weak (1/15 pts); Maturity wall: 37% of debt due within 3 years (1/6 pts)
2022-12-31          0.84      6.80     4359.7       0.43     11  Liquidity 0.43× thin (7/9 pts); Maturity wall: 63% of debt due within 3 years (4/6 pts)
2021-12-31          0.87     21.62     2566.0      28.43      2  Maturity wall: 48% of debt due within 3 years (2/6 pts)
2020-12-31          1.59      5.47      617.2      26.10     13  Cash flow to debt 18% weak (9/15 pts); Maturity wall: 58% of debt due within 3 years (3/6 pts)
2019-12-31          2.16      3.43     2179.6      23.03      7  Interest coverage 3.4× thin (3/14 pts); Maturity wall: 63% of debt due within 3 years (4/6 pts)
2018-12-31          2.62      4.96     1991.9       0.37     22  Liquidity 0.37× thin (8/9 pts); Cash flow to debt 16% weak (10/15 pts); Maturity wall: 60% of debt due within 3 years (4/6 pts)
2017-12-31          2.76      6.29     2702.9       8.11      4  Maturity wall: 61% of debt due within 3 years (4/6 pts)
2016-12-31          3.77      5.08     1075.4       8.08     22  Leverage 3.8× elevated (4/17 pts); Cash flow to debt 12% weak (13/15 pts); Maturity wall: 68% of debt due within 3 years (5/6 pts)
2015-12-31          5.24      5.40     1660.4       0.64     32  Leverage 5.2× elevated (13/17 pts); Liquidity 0.64× thin (4/9 pts); Cash flow to debt 14% weak (12/15 pts); Maturity wall: 50% of debt due within 3 years (2/6 pts)
2014-12-31          4.53      6.01     1026.0       7.13     25  Leverage 4.5× elevated (9/17 pts); Cash flow to debt 12% weak (14/15 pts); Maturity wall: 50% of debt due within 3 years (2/6 pts)
2013-12-31          1.90      6.37      802.3       6.42     10  Cash flow to debt 17% weak (10/15 pts)
2012-12-31          1.60      4.77      408.0       1.85     15  Cash flow to debt 9% weak (15/15 pts)
2011-12-31          4.01      3.24     1702.2      29.03     13  Leverage 4.0× elevated (6/17 pts); Interest coverage 3.2× thin (4/14 pts); Cash flow to debt 26% weak (3/15 pts); Maturity wall: 35% of debt due within 3 years (1/6 pts)
2010-12-31          5.95      2.51        N/A      11.55     33  Leverage 6.0× elevated (17/17 pts); Interest coverage 2.5× thin (7/14 pts); Cash flow to debt 21% weak (7/15 pts); Maturity wall: 49% of debt due within 3 years (2/6 pts)
2009-12-31         15.41      0.87        N/A       5.40     45  Leverage 15.4× elevated (17/17 pts); Interest coverage 0.9× thin (14/14 pts); Cash flow to debt 11% weak (14/15 pts)
2008-12-31         N/A       N/A          N/A       0.77     17  Liquidity 0.77× thin (3/9 pts); Cash flow to debt 12% weak (14/15 pts)
==========================================================================================

  Leverage audit (2025-12-31):
    total_debt: 10,911,000,000  [us-gaap/LongTermDebt]
    cash: 18,769,000,000  [us-gaap/CashCashEquivalentsRestrictedCashAndRestrictedCashEquivalents]
    operating_income: 3,692,000,000  [us-gaap/IncomeLossFromContinuingOperationsBeforeIncomeTaxesExtraordinaryItemsNoncontrollingInterest]
    depreciation: 323,000,000  [us-gaap/DepreciationDepletionAndAmortization]
[103/150] MTB      ok   (ok=100 fail=3)
Tracking FHB...
  CIK: 0000036377
  Extracting ratios for 12 periods...

==========================================================================================
  FHB — Credit Ratio Summary
==========================================================================================
Period          Leverage  Coverage   FCF ($M)  Liquidity  Score  Alerts
------------------------------------------------------------------------------------------
2025-12-31         N/A       49.90      303.3      N/A        0  —
2024-12-31         N/A       15.33      288.7       4.68      0  —
2023-12-31         N/A        1.12      239.0       3.48     13  Interest coverage 1.1× thin (13/14 pts)
2022-12-31         -1.44      7.38      417.3       7.02      0  —
2021-12-31         -3.45     19.46      396.7      N/A        0  —
2020-12-31         -3.24      5.52      176.1      N/A        2  Maturity wall: 50% of debt due within 3 years (2/6 pts)
2019-12-31         -1.25      3.76      267.1       1.74      1  Interest coverage 3.8× thin (1/14 pts)
2018-12-31         -1.08      4.68      315.5      N/A        0  —
2017-12-31         -2.70      9.14      259.7      N/A        0  —
2016-12-31         -2.72     14.40      204.6     114.97      0  —
2015-12-31         -7.41     15.89      123.5      12.26      0  —
2014-12-31         N/A       15.22      226.0      N/A        0  —
==========================================================================================
[104/150] FHB      ok   (ok=101 fail=3)
Tracking FHN...
  CIK: 0000036966
  Extracting ratios for 17 periods...

==========================================================================================
  FHN — Credit Ratio Summary
==========================================================================================
Period          Leverage  Coverage   FCF ($M)  Liquidity  Score  Alerts
------------------------------------------------------------------------------------------
2025-12-31         N/A        0.86      595.0       0.49     20  Interest coverage 0.9× thin (14/14 pts); Liquidity 0.49× thin (6/9 pts)
2024-12-31         N/A        0.60     1224.0       0.45     27  Interest coverage 0.6× thin (14/14 pts); Liquidity 0.45× thin (7/9 pts); Maturity wall: 100% of debt due within 3 years (6/6 pts)
2023-12-31         N/A        0.79     1262.0       0.68     24  Interest coverage 0.8× thin (14/14 pts); Liquidity 0.68× thin (4/9 pts); Maturity wall: 100% of debt due within 3 years (6/6 pts)
2022-12-31         N/A        4.20     2283.0       0.62     11  Liquidity 0.62× thin (5/9 pts); Maturity wall: 100% of debt due within 3 years (6/6 pts)
2021-12-31         N/A        8.00      704.0       0.84      5  Liquidity 0.84× thin (2/9 pts); Maturity wall: 57% of debt due within 3 years (3/6 pts)
2020-12-31         N/A        4.15     -207.0       0.75      9  Liquidity 0.75× thin (3/9 pts); Maturity wall: 100% of debt due within 3 years (6/6 pts)
2019-12-31         N/A        1.57      781.1       0.36     23  Interest coverage 1.6× thin (11/14 pts); Liquidity 0.36× thin (8/9 pts); Maturity wall: 61% of debt due within 3 years (4/6 pts)
2018-12-31         N/A        2.37      196.1      12.25     13  Interest coverage 2.4× thin (8/14 pts); Maturity wall: 74% of debt due within 3 years (5/6 pts)
2017-12-31         N/A        2.57     -305.0       0.55     27  Interest coverage 2.6× thin (7/14 pts); Free cash flow negative (-305,000,000, -23% margin, 10/10 pts); Liquidity 0.55× thin (5/9 pts); Maturity wall: 72% of debt due within 3 years (5/6 pts)
2016-12-31         N/A        4.62      118.6      12.48      1  Maturity wall: 39% of debt due within 3 years (1/6 pts)
2015-12-31         N/A        2.04      323.6      -0.29     18  Interest coverage 2.0× thin (9/14 pts); Liquidity -0.29× thin (9/9 pts)
2014-12-31         N/A        4.49      665.9       1.55      3  Maturity wall: 57% of debt due within 3 years (3/6 pts)
2013-12-31         N/A        0.84      389.9      -1.54     30  EBITDA margin 7% weak (3/14 pts); Interest coverage 0.8× thin (14/14 pts); Liquidity -1.54× thin (9/9 pts); Maturity wall: 62% of debt due within 3 years (4/6 pts)
2012-12-31         N/A        0.15      349.7       0.63     29  EBITDA margin 1% weak (8/14 pts); Interest coverage 0.1× thin (14/14 pts); Liquidity 0.63× thin (4/9 pts); Maturity wall: 54% of debt due within 3 years (3/6 pts)
2011-12-31         N/A        1.82        8.6       4.80     10  Interest coverage 1.8× thin (10/14 pts)
2010-12-31         18.65      0.88      725.4       4.25     37  EBITDA margin 9% weak (1/14 pts); Leverage 18.6× elevated (17/17 pts); Interest coverage 0.9× thin (14/14 pts); Cash flow to debt 23% weak (6/15 pts)
2009-12-31         -4.76     -1.91      763.1       1.21     51  EBITDA margin -36% weak (14/14 pts); Leverage rule maxed: negative EBITDA — debt unservable from earnings (17/17 pts); Coverage rule maxed: negative EBITDA — interest uncovered by earnings (14/14 pts); Cash flow to debt 21% weak (6/15 pts) *** STRESS ***
==========================================================================================
[105/150] FHN      ok   (ok=102 fail=3)
Tracking FMC...
  CIK: 0000037785
  Extracting ratios for 18 periods...

==========================================================================================
  FMC — Credit Ratio Summary
==========================================================================================
Period          Leverage  Coverage   FCF ($M)  Liquidity  Score  Alerts
------------------------------------------------------------------------------------------
2025-12-31         -1.90     -6.13     -102.5       0.81     66  EBITDA margin -42% weak (14/14 pts); Leverage rule maxed: negative EBITDA — debt unservable from earnings (17/17 pts); Coverage rule maxed: negative EBITDA — interest uncovered by earnings (14/14 pts); Free cash flow negative (-102,500,000, -3% margin, 3/10 pts); Liquidity 0.81× thin (2/9 pts); Cash flow to debt -0% weak (15/15 pts); Debt to assets 42% elevated (1/9 pts); Distress escalation: 4 core signals severe (profitability, leverage>5x, coverage<2x, cash_flow_to_debt<30%) — score floored at 60 *** STRESS ***
2024-12-31          4.02      2.94      668.8       1.37     17  Leverage 4.0× elevated (6/17 pts); Interest coverage 2.9× thin (5/14 pts); Cash flow to debt 22% weak (6/15 pts); Maturity wall: 34% of debt due within 3 years (0/6 pts)
2023-12-31          3.81      3.12     -434.2       0.36     42  Leverage 3.8× elevated (5/17 pts); Interest coverage 3.1× thin (4/14 pts); Free cash flow negative (-434,200,000, -10% margin, 10/10 pts); Liquidity 0.36× thin (8/9 pts); Cash flow to debt -8% weak (15/15 pts); Maturity wall: 35% of debt due within 3 years (1/6 pts)
2022-12-31          1.71      8.65      517.7       1.26      9  Cash flow to debt 20% weak (7/15 pts); Maturity wall: 45% of debt due within 3 years (2/6 pts)
2021-12-31          1.89      9.27      798.5       1.45      3  Cash flow to debt 28% weak (1/15 pts); Maturity wall: 45% of debt due within 3 years (2/6 pts)
2020-12-31          2.30      7.04      669.6       2.32      6  Cash flow to debt 23% weak (6/15 pts); Maturity wall: 36% of debt due within 3 years (1/6 pts)
2019-12-31          2.86      6.06      461.7       2.34     11  Cash flow to debt 17% weak (10/15 pts); Maturity wall: 38% of debt due within 3 years (1/6 pts)
2018-12-31          2.29      7.80      289.4       1.00     10  Cash flow to debt 16% weak (10/15 pts)
2017-12-31          7.54      4.66      228.8       3.10     32  Leverage 7.5× elevated (17/17 pts); Cash flow to debt 10% weak (15/15 pts)
2016-12-31          3.11      6.71      406.5       0.70      6  Leverage 3.1× elevated (1/17 pts); Liquidity 0.70× thin (4/9 pts); Cash flow to debt 28% weak (1/15 pts); Maturity wall: 31% of debt due within 3 years (0/6 pts)
2015-12-31         29.91      0.80     -385.6       0.71     67  EBITDA margin 2% weak (8/14 pts); Leverage 29.9× elevated (17/17 pts); Interest coverage 0.8× thin (14/14 pts); Free cash flow negative (-385,600,000, -12% margin, 10/10 pts); Liquidity 0.71× thin (4/9 pts); Cash flow to debt -13% weak (15/15 pts); Distress escalation: 4 core signals severe (leverage>5x, coverage<2x, cash_flow_to_debt<30%, fcf_negative) — score floored at 60 *** STRESS ***
2014-12-31          1.55     11.33      194.2       0.21     13  Liquidity 0.21× thin (9/9 pts); Cash flow to debt 25% weak (4/15 pts)
2013-12-31          1.36     18.54      156.9       0.19     16  Liquidity 0.19× thin (9/9 pts); Cash flow to debt 20% weak (7/15 pts)
2012-12-31          1.05     17.53      203.3       1.52      0  —
2011-12-31          0.90     18.07      236.1       8.15      0  —
2010-12-31          0.88     13.18      257.4       1.39      0  —
2009-12-31          1.11     16.98      182.3       3.40      0  —
2008-12-31          0.86     18.99      182.6      24.95      0  —
==========================================================================================

  Leverage audit (2025-12-31):
    total_debt: 3,355,400,000  [us-gaap/LongTermDebt]
    cash: 584,500,000  [us-gaap/CashAndCashEquivalentsAtCarryingValue]
    operating_income: -1,628,300,000  [us-gaap/OperatingIncomeLoss]
    depreciation: 173,600,000  [us-gaap/DepreciationDepletionAndAmortization]
[106/150] FMC      ok   (ok=103 fail=3)
Tracking FNB...
  CIK: 0000037808
  Extracting ratios for 17 periods...

==========================================================================================
  FNB — Credit Ratio Summary
==========================================================================================
Period          Leverage  Coverage   FCF ($M)  Liquidity  Score  Alerts
------------------------------------------------------------------------------------------
2025-12-31         -0.80      0.80      376.0       1.24     31  Interest coverage 0.8× thin (14/14 pts); Cash flow to debt 12% weak (13/15 pts); Maturity wall: 61% of debt due within 3 years (4/6 pts)
2024-12-31          0.95      0.64      503.0       1.93     30  Interest coverage 0.6× thin (14/14 pts); Cash flow to debt 15% weak (11/15 pts); Maturity wall: 71% of debt due within 3 years (5/6 pts)
2023-12-31          0.60      1.01      335.0       0.63     40  Interest coverage 1.0× thin (14/14 pts); Liquidity 0.63× thin (4/9 pts); Cash flow to debt 9% weak (15/15 pts); Maturity wall: 81% of debt due within 3 years (6/6 pts)
2022-12-31         -0.93      3.79     1123.0       1.22      6  Interest coverage 3.8× thin (1/14 pts); Maturity wall: 73% of debt due within 3 years (5/6 pts)
2021-12-31         -5.48      5.23      472.0       2.27      7  Cash flow to debt 24% weak (5/15 pts); Maturity wall: 52% of debt due within 3 years (3/6 pts)
2020-12-31         -0.85      1.63       72.0       0.77     34  Interest coverage 1.6× thin (11/14 pts); Liquidity 0.77× thin (3/9 pts); Cash flow to debt 4% weak (15/15 pts); Maturity wall: 71% of debt due within 3 years (5/6 pts)
2019-12-31          1.44      1.56      213.0       0.19     60  Interest coverage 1.6× thin (11/14 pts); Liquidity 0.19× thin (9/9 pts); Cash flow to debt 6% weak (15/15 pts); Maturity wall: 74% of debt due within 3 years (5/6 pts); Distress escalation: 4 core signals severe (coverage<2x, cash_flow_to_debt<30%, liquidity<1x, maturity_wall) — score floored at 60 *** STRESS ***
2018-12-31          0.25      2.36      576.0       0.12     32  Interest coverage 2.4× thin (8/14 pts); Liquidity 0.12× thin (9/9 pts); Cash flow to debt 13% weak (13/15 pts); Maturity wall: 53% of debt due within 3 years (3/6 pts)
2017-12-31          0.42      3.32      222.0       0.13     30  Interest coverage 3.3× thin (3/14 pts); Liquidity 0.13× thin (9/9 pts); Cash flow to debt 6% weak (15/15 pts); Maturity wall: 49% of debt due within 3 years (2/6 pts)
2016-12-31          0.55      4.55      233.4       0.15     27  Liquidity 0.15× thin (9/9 pts); Cash flow to debt 10% weak (15/15 pts); Maturity wall: 53% of debt due within 3 years (3/6 pts)
2015-12-31          0.56      5.63      213.8       0.24     27  Liquidity 0.24× thin (9/9 pts); Cash flow to debt 8% weak (15/15 pts); Maturity wall: 57% of debt due within 3 years (3/6 pts)
2014-12-31          0.79      5.78      426.6       0.14     23  Liquidity 0.14× thin (9/9 pts); Cash flow to debt 18% weak (9/15 pts); Maturity wall: 70% of debt due within 3 years (5/6 pts)
2013-12-31         -0.30      5.26      371.2       0.17     17  Liquidity 0.17× thin (9/9 pts); Cash flow to debt 28% weak (2/15 pts); Maturity wall: 88% of debt due within 3 years (6/6 pts)
2012-12-31         -0.80      3.15      531.2       0.22     18  Interest coverage 3.1× thin (4/14 pts); Liquidity 0.22× thin (9/9 pts); Maturity wall: 70% of debt due within 3 years (5/6 pts)
2011-12-31         -0.85      1.90      272.5       0.25     24  Interest coverage 1.9× thin (10/14 pts); Liquidity 0.25× thin (9/9 pts); Maturity wall: 77% of debt due within 3 years (6/6 pts)
2010-12-31          0.46      1.47      153.7       0.17     30  Interest coverage 1.5× thin (12/14 pts); Liquidity 0.17× thin (9/9 pts); Cash flow to debt 17% weak (10/15 pts)
2009-12-31          0.19      0.63      107.8       0.46     34  Interest coverage 0.6× thin (14/14 pts); Liquidity 0.46× thin (6/9 pts); Cash flow to debt 12% weak (14/15 pts)
==========================================================================================

  Leverage audit (2025-12-31):
    total_debt: 1,901,000,000  [us-gaap/LongTermDebt]
    cash: 2,498,000,000  [us-gaap/CashAndCashEquivalentsAtCarryingValue]
    operating_income: 669,000,000  [us-gaap/IncomeLossFromContinuingOperationsBeforeIncomeTaxesExtraordinaryItemsNoncontrollingInterest]
    depreciation: 77,000,000  [us-gaap/DepreciationAmortizationAndAccretionNet]
[107/150] FNB      ok   (ok=104 fail=3)
Tracking BEN...
  CIK: 0000038777
  Extracting ratios for 18 periods...

==========================================================================================
  BEN — Credit Ratio Summary
==========================================================================================
Period          Leverage  Coverage   FCF ($M)  Liquidity  Score  Alerts
------------------------------------------------------------------------------------------
2025-09-30         -1.66      7.69      911.6      N/A        2  EBITDA margin 8% weak (2/14 pts)
2024-09-30         -3.11      5.39      794.2      N/A        4  EBITDA margin 6% weak (4/14 pts)
2023-09-30         -1.12      9.75      989.9      N/A        0  —
2022-09-30         -0.75     19.04     1866.4      N/A        0  —
2021-09-30         -0.64     22.88     1166.1      N/A        0  —
2020-09-30         -0.84     33.63      917.7      N/A        0  —
2019-09-30         -3.21     66.42      -32.1      N/A        1  Free cash flow negative (-32,100,000, -1% margin, 1/10 pts); Cash flow to debt 29% weak (1/15 pts)
2018-09-30         -2.83     45.12     2123.2      N/A        0  —
2017-09-30         -3.28     45.55     1060.5      N/A        0  —
2016-09-30         -2.89     49.03     1630.1      N/A        0  —
2015-09-30         -2.26     78.52     2183.2      N/A        0  —
2014-09-30         -1.94     69.70     2084.9      N/A        2  Maturity wall: 46% of debt due within 3 years (2/6 pts)
2013-09-30         -1.66     63.93     1973.5      N/A        0  —
2012-09-30         -1.63     70.38     1144.6      N/A        0  —
2011-09-30         -1.35     72.96     1490.1     158.48      0  —
2010-09-30         -1.52    122.77     1593.6      N/A        0  —
2009-09-30         -2.36    335.21      596.2      46.49      0  —
2008-09-30         -1.02    136.90     1339.0     174.22      0  —
==========================================================================================

  Leverage audit (2025-09-30):
    total_debt: 2,362,000,000  [us-gaap/LongTermDebt]
    cash: 3,573,900,000  [us-gaap/CashCashEquivalentsRestrictedCashAndRestrictedCashEquivalents]
    operating_income: 604,100,000  [us-gaap/OperatingIncomeLoss]
    depreciation: 125,300,000  [us-gaap/DepreciationDepletionAndAmortization]
[108/150] BEN      ok   (ok=105 fail=3)
Tracking CFR...
  CIK: 0000039263
  Extracting ratios for 17 periods...

==========================================================================================
  CFR — Credit Ratio Summary
==========================================================================================
Period          Leverage  Coverage   FCF ($M)  Liquidity  Score  Alerts
------------------------------------------------------------------------------------------
2025-12-31        -10.21      1.26      127.3     643.05     13  Interest coverage 1.3× thin (13/14 pts)
2024-12-31        -13.01      0.99      861.8     700.98     14  Interest coverage 1.0× thin (14/14 pts)
2023-12-31        -10.89      1.20      320.2     648.30     13  Interest coverage 1.2× thin (13/14 pts)
2022-12-31        -16.12      4.01      620.1    1167.78      0  —
2021-12-31        -29.50     23.38      582.4    2126.03      0  —
2020-12-31        -24.51      9.23      428.8    1837.30      0  —
2019-12-31         -6.66      4.27      427.4     420.91      0  —
2018-12-31          2.14      5.99      483.1    -129.09      9  Liquidity -129.09× thin (9/9 pts)
2017-12-31         -1.78     17.20      504.0     124.88      0  —
2016-12-31         -1.15     32.26      384.2      87.29      0  —
2015-12-31         N/A       28.12      246.3    -105.84      9  Liquidity -105.84× thin (9/9 pts)
2014-12-31         N/A       25.85      154.7     -24.94      9  Liquidity -24.94× thin (9/9 pts)
2013-12-31         N/A       15.01      134.0     670.02      0  —
2012-12-31         N/A       12.94      275.1      34.42      0  —
2011-12-31         N/A        7.85      247.7     559.15      0  —
2010-12-31         N/A        5.64      407.7      N/A        0  —
2009-12-31         N/A        3.12      195.7      N/A        4  Interest coverage 3.1× thin (4/14 pts)
==========================================================================================

  Leverage audit (2025-12-31):
    total_debt: 99,804,000  [us-gaap/SubordinatedDebt]
    cash: 8,874,055,000  [us-gaap/CashCashEquivalentsRestrictedCashAndRestrictedCashEquivalents]
    operating_income: 771,702,000  [us-gaap/IncomeLossFromContinuingOperationsBeforeIncomeTaxesExtraordinaryItemsNoncontrollingInterest]
    depreciation: 87,785,000  [us-gaap/DepreciationAndAmortization]
[109/150] CFR      ok   (ok=106 fail=3)
Tracking FUL...
  CIK: 0000039368
  Extracting ratios for 19 periods...

==========================================================================================
  FUL — Credit Ratio Summary
==========================================================================================
Period          Leverage  Coverage   FCF ($M)  Liquidity  Score  Alerts
------------------------------------------------------------------------------------------
2025-11-29          4.85      2.95      121.2      N/A       31  Leverage 4.9× elevated (10/17 pts); Interest coverage 3.0× thin (5/14 pts); Cash flow to debt 13% weak (13/15 pts); Maturity wall: 54% of debt due within 3 years (3/6 pts)
2024-11-30          3.52      3.93      163.2      N/A       15  Leverage 3.5× elevated (3/17 pts); Interest coverage 3.9× thin (0/14 pts); Cash flow to debt 15% weak (11/15 pts); Debt to assets 41% elevated (0/9 pts)
2023-12-02          3.22      3.83      259.3      N/A        9  Leverage 3.2× elevated (1/17 pts); Interest coverage 3.8× thin (1/14 pts); Cash flow to debt 21% weak (7/15 pts)
2022-12-31         N/A       N/A          N/A      N/A        0  —
2022-12-03          3.53      5.13      126.5      N/A       18  Leverage 3.5× elevated (3/17 pts); Cash flow to debt 15% weak (11/15 pts); Maturity wall: 63% of debt due within 3 years (4/6 pts)
2021-12-31         N/A       N/A          N/A      N/A        0  —
2021-11-27          3.86      5.07      117.2      N/A       21  Leverage 3.9× elevated (5/17 pts); Cash flow to debt 13% weak (12/15 pts); Maturity wall: 63% of debt due within 3 years (4/6 pts)
2020-11-28          4.64      4.12      244.3      N/A       19  Leverage 4.6× elevated (9/17 pts); Cash flow to debt 19% weak (8/15 pts); Debt to assets 44% elevated (1/9 pts)
2019-11-30          5.04      3.56      207.2       1.73     30  Leverage 5.0× elevated (12/17 pts); Interest coverage 3.6× thin (2/14 pts); Cash flow to debt 13% weak (12/15 pts); Debt to assets 51% elevated (4/9 pts)
2018-12-01          5.21      3.60      185.0       1.65     34  Leverage 5.2× elevated (12/17 pts); Interest coverage 3.6× thin (2/14 pts); Cash flow to debt 11% weak (14/15 pts); Debt to assets 56% elevated (6/9 pts)
2017-12-02         10.43      4.88       85.9       9.04     38  EBITDA margin 9% weak (1/14 pts); Leverage 10.4× elevated (17/17 pts); Cash flow to debt 6% weak (15/15 pts); Debt to assets 56% elevated (6/9 pts)
2016-12-03          1.88     10.23      132.4       1.77      5  Cash flow to debt 26% weak (3/15 pts); Maturity wall: 47% of debt due within 3 years (2/6 pts)
2015-11-28          2.33      9.81      151.9       5.30      0  Cash flow to debt 29% weak (0/15 pts)
2014-11-29          2.18     10.91     -110.1      N/A       20  Free cash flow negative (-110,060,000, -5% margin, 5/10 pts); Cash flow to debt 5% weak (15/15 pts)
2013-11-30          1.25     13.30        8.4      N/A        1  Cash flow to debt 28% weak (1/15 pts)
2012-12-01          1.37     10.97       72.7       8.91      7  Cash flow to debt 21% weak (7/15 pts)
2011-12-03          0.28     15.75       66.5       6.41      0  —
2010-11-27          2.06      4.20       38.2       5.92      6  EBITDA margin 3% weak (6/14 pts)
2009-11-28         N/A        8.11       48.7      11.53      5  EBITDA margin 5% weak (5/14 pts)
==========================================================================================

  Leverage audit (2025-11-29):
    total_debt: 2,016,937,000  [us-gaap/LongTermDebt]
    cash: 107,213,000  [us-gaap/CashAndCashEquivalentsAtCarryingValue]
    operating_income: 215,418,000  [us-gaap/IncomeLossFromContinuingOperationsBeforeIncomeTaxesMinorityInterestAndIncomeLossFromEquityMethodInvestments]
    depreciation: 178,320,000  [us-gaap/DepreciationDepletionAndAmortization]
[110/150] FUL      ok   (ok=107 fail=3)
Tracking NAN...
  CIK: 0001074769
[111/150] nan      FAIL   (ok=107 fail=4)
Tracking GAP...
  CIK: 0000039911
  Extracting ratios for 18 periods...

==========================================================================================
  GAP — Credit Ratio Summary
==========================================================================================
Period          Leverage  Coverage   FCF ($M)  Liquidity  Score  Alerts
------------------------------------------------------------------------------------------
2026-01-31         -0.70     17.32      823.0      N/A        0  —
2025-02-01         -0.52     18.53     1039.0      N/A        0  —
2024-02-03         -0.36     12.02     1112.0      N/A        3  EBITDA margin 7% weak (3/14 pts)
2023-01-28          0.58      5.35      -78.0      N/A        7  EBITDA margin 3% weak (6/14 pts); Free cash flow negative (-78,000,000, -0% margin, 0/10 pts)
2022-01-29          0.46      7.87      115.0      N/A        2  EBITDA margin 8% weak (2/14 pts)
2021-01-30         -0.64     -1.85     -155.0      N/A       60  EBITDA margin -3% weak (12/14 pts); Leverage rule maxed: negative EBITDA — debt unservable from earnings (17/17 pts); Coverage rule maxed: negative EBITDA — interest uncovered by earnings (14/14 pts); Free cash flow negative (-155,000,000, -1% margin, 1/10 pts); Cash flow to debt 11% weak (14/15 pts); Distress escalation: 4 core signals severe (profitability, leverage>5x, coverage<2x, cash_flow_to_debt<30%) — score floored at 60 *** STRESS ***
2020-02-01         -0.10     14.88      709.0      N/A        3  EBITDA margin 7% weak (3/14 pts)
2019-02-02          0.09     26.58      676.0     180.17      0  —
2018-02-03         -0.26     27.54      649.0      N/A        0  —
2017-01-28         -0.26     23.79     1195.0      27.43      0  —
2016-01-30         -0.02     35.86      868.0       3.42      0  —
2015-01-31         -0.06     35.29     1415.0      72.14      0  —
2014-02-01         -0.04     44.02     1035.0      60.40      0  —
2013-02-02         -0.09     28.75     1277.0      N/A        0  —
2012-01-28         -0.12    338.33      815.0      47.12      0  —
2011-01-29         N/A     -327.00     1187.0     520.33     14  Interest coverage -327.0× thin (14/14 pts)
2010-01-30         N/A      411.67     1594.0      N/A        0  —
2009-01-31         N/A     2201.00      981.0      34.30      0  —
==========================================================================================

  Leverage audit (2026-01-31):
    total_debt: 1,492,000,000  [us-gaap/LongTermDebtNoncurrent]
    cash: 2,616,000,000  [us-gaap/CashAndCashEquivalentsAtCarryingValue]
    operating_income: 1,115,000,000  [us-gaap/OperatingIncomeLoss]
    depreciation: 496,000,000  [us-gaap/DepreciationAndAmortization]
[112/150] GAP      ok   (ok=108 fail=4)
Tracking GATX...
  CIK: 0000040211
  Extracting ratios for 17 periods...

==========================================================================================
  GATX — Credit Ratio Summary
==========================================================================================
Period          Leverage  Coverage   FCF ($M)  Liquidity  Score  Alerts
------------------------------------------------------------------------------------------
2025-12-31         16.08      1.87        N/A       9.04     51  Leverage 16.1× elevated (17/17 pts); Interest coverage 1.9× thin (10/14 pts); Cash flow to debt 5% weak (15/15 pts); Debt to assets 70% elevated (9/9 pts) *** STRESS ***
2024-12-31         11.53      2.00      571.7      38.62     50  Leverage 11.5× elevated (17/17 pts); Interest coverage 2.0× thin (9/14 pts); Cash flow to debt 7% weak (15/15 pts); Debt to assets 67% elevated (9/9 pts) *** STRESS ***
2023-12-31         10.98      2.42    -1144.6      40.97     60  Leverage 11.0× elevated (17/17 pts); Interest coverage 2.4× thin (7/14 pts); Free cash flow negative (-1,144,600,000, -81% margin, 10/10 pts); Cash flow to debt 7% weak (15/15 pts); Debt to assets 66% elevated (9/9 pts); Distress escalation: 4 core signals severe (leverage>5x, cash_flow_to_debt<30%, fcf_negative, debt_to_assets>40%) — score floored at 60 *** STRESS ***
2022-12-31         11.28      2.56     -722.3      17.55     60  Leverage 11.3× elevated (17/17 pts); Interest coverage 2.6× thin (7/14 pts); Free cash flow negative (-722,300,000, -57% margin, 10/10 pts); Cash flow to debt 8% weak (15/15 pts); Debt to assets 65% elevated (9/9 pts); Distress escalation: 4 core signals severe (leverage>5x, cash_flow_to_debt<30%, fcf_negative, debt_to_assets>40%) — score floored at 60 *** STRESS ***
2021-12-31          9.74      2.81     -622.9      19.02     60  Leverage 9.7× elevated (17/17 pts); Interest coverage 2.8× thin (6/14 pts); Free cash flow negative (-622,900,000, -50% margin, 10/10 pts); Cash flow to debt 9% weak (15/15 pts); Debt to assets 62% elevated (8/9 pts); Distress escalation: 4 core signals severe (leverage>5x, cash_flow_to_debt<30%, fcf_negative, debt_to_assets>40%) — score floored at 60 *** STRESS ***
2020-12-31         10.82      2.46     -424.0      12.38     60  Leverage 10.8× elevated (17/17 pts); Interest coverage 2.5× thin (7/14 pts); Free cash flow negative (-424,000,000, -35% margin, 10/10 pts); Cash flow to debt 8% weak (15/15 pts); Debt to assets 60% elevated (7/9 pts); Distress escalation: 4 core signals severe (leverage>5x, cash_flow_to_debt<30%, fcf_negative, debt_to_assets>40%) — score floored at 60 *** STRESS ***
2019-12-31          8.85      2.82     -279.1       9.56     54  Leverage 8.9× elevated (17/17 pts); Interest coverage 2.8× thin (6/14 pts); Free cash flow negative (-279,100,000, -20% margin, 10/10 pts); Cash flow to debt 10% weak (15/15 pts); Debt to assets 58% elevated (7/9 pts) *** STRESS ***
2018-12-31          8.20      3.16     -420.8       0.90     60  Leverage 8.2× elevated (17/17 pts); Interest coverage 3.2× thin (4/14 pts); Free cash flow negative (-420,800,000, -31% margin, 10/10 pts); Liquidity 0.90× thin (1/9 pts); Cash flow to debt 11% weak (14/15 pts); Debt to assets 60% elevated (7/9 pts); Distress escalation: 4 core signals severe (leverage>5x, cash_flow_to_debt<30%, fcf_negative, debt_to_assets>40%) — score floored at 60 *** STRESS ***
2017-12-31          7.66      3.35      -70.0      68.95     46  Leverage 7.7× elevated (17/17 pts); Interest coverage 3.3× thin (3/14 pts); Free cash flow negative (-70,000,000, -5% margin, 5/10 pts); Cash flow to debt 11% weak (14/15 pts); Debt to assets 60% elevated (7/9 pts)
2016-12-31          6.46      4.16       30.4      80.92     36  Leverage 6.5× elevated (17/17 pts); Cash flow to debt 15% weak (12/15 pts); Debt to assets 60% elevated (7/9 pts); Maturity wall: 32% of debt due within 3 years (0/6 pts)
2015-12-31          6.98      3.70     -147.1      27.35     60  Leverage 7.0× elevated (17/17 pts); Interest coverage 3.7× thin (1/14 pts); Free cash flow negative (-147,100,000, -10% margin, 10/10 pts); Cash flow to debt 13% weak (13/15 pts); Debt to assets 61% elevated (8/9 pts); Maturity wall: 36% of debt due within 3 years (1/6 pts); Distress escalation: 4 core signals severe (leverage>5x, cash_flow_to_debt<30%, fcf_negative, debt_to_assets>40%) — score floored at 60 *** STRESS ***
2014-12-31          7.71      3.27     -566.0       2.91     60  Leverage 7.7× elevated (17/17 pts); Interest coverage 3.3× thin (3/14 pts); Free cash flow negative (-566,000,000, -39% margin, 10/10 pts); Cash flow to debt 11% weak (15/15 pts); Debt to assets 62% elevated (8/9 pts); Maturity wall: 39% of debt due within 3 years (1/6 pts); Distress escalation: 4 core signals severe (leverage>5x, cash_flow_to_debt<30%, fcf_negative, debt_to_assets>40%) — score floored at 60 *** STRESS ***
2013-12-31          8.10      2.56     -343.4      16.09     57  Leverage 8.1× elevated (17/17 pts); Interest coverage 2.6× thin (7/14 pts); Free cash flow negative (-343,400,000, -26% margin, 10/10 pts); Cash flow to debt 10% weak (15/15 pts); Debt to assets 59% elevated (7/9 pts); Maturity wall: 43% of debt due within 3 years (2/6 pts) *** STRESS ***
2012-12-31          7.75      2.36     -369.1       0.86     60  Leverage 7.8× elevated (17/17 pts); Interest coverage 2.4× thin (8/14 pts); Free cash flow negative (-369,100,000, -30% margin, 10/10 pts); Liquidity 0.86× thin (2/9 pts); Cash flow to debt 10% weak (15/15 pts); Debt to assets 59% elevated (7/9 pts); Maturity wall: 47% of debt due within 3 years (2/6 pts) *** STRESS ***
2011-12-31          9.41      2.05     -159.6       8.69     61  Leverage 9.4× elevated (17/17 pts); Interest coverage 2.0× thin (9/14 pts); Free cash flow negative (-159,600,000, -13% margin, 10/10 pts); Cash flow to debt 9% weak (15/15 pts); Debt to assets 60% elevated (7/9 pts); Maturity wall: 49% of debt due within 3 years (2/6 pts); Distress escalation: 4 core signals severe (leverage>5x, cash_flow_to_debt<30%, fcf_negative, debt_to_assets>40%) — score floored at 60 *** STRESS ***
2010-12-31         10.23      1.72     -278.1       0.68     63  Leverage 10.2× elevated (17/17 pts); Interest coverage 1.7× thin (11/14 pts); Free cash flow negative (-278,100,000, -24% margin, 10/10 pts); Liquidity 0.68× thin (4/9 pts); Cash flow to debt 8% weak (15/15 pts); Debt to assets 58% elevated (6/9 pts) *** STRESS ***
2009-12-31         N/A       N/A       -133.2       0.59     36  Free cash flow negative (-133,200,000, -12% margin, 10/10 pts); Liquidity 0.59× thin (5/9 pts); Cash flow to debt 9% weak (15/15 pts); Debt to assets 57% elevated (6/9 pts)
==========================================================================================

  Leverage audit (2025-12-31):
    total_debt: 12,505,600,000  [us-gaap/LongTermDebt]
    cash: 743,000,000  [us-gaap/CashAndCashEquivalentsAtCarryingValue]
    operating_income: 279,100,000  [us-gaap/IncomeLossFromContinuingOperationsBeforeIncomeTaxesMinorityInterestAndIncomeLossFromEquityMethodInvestments]
    depreciation: 452,300,000  [us-gaap/DepreciationDepletionAndAmortization]
[113/150] GATX     ok   (ok=109 fail=4)
Tracking GAM...
  CIK: 0000040417
[114/150] GAM      FAIL   (ok=109 fail=5)
Tracking GD...
  CIK: 0000040533
  Extracting ratios for 18 periods...

==========================================================================================
  GD — Credit Ratio Summary
==========================================================================================
Period          Leverage  Coverage   FCF ($M)  Liquidity  Score  Alerts
------------------------------------------------------------------------------------------
2025-12-31          0.91    261.67     3959.0       2.32      1  Maturity wall: 41% of debt due within 3 years (1/6 pts)
2024-12-31          1.25    270.57     3196.0       1.13      2  Maturity wall: 43% of debt due within 3 years (2/6 pts)
2023-12-31          1.45     12.80     3806.0       3.77      0  Maturity wall: 32% of debt due within 3 years (0/6 pts)
2022-12-31          1.83     13.03     3465.0       0.99      0  Liquidity 0.99× thin (0/9 pts); Maturity wall: 31% of debt due within 3 years (0/6 pts)
2021-12-31          1.98     11.72     3384.0       1.60      0  —
2020-12-31          2.05     10.25     2891.0       0.94      6  Liquidity 0.94× thin (1/9 pts); Cash flow to debt 24% weak (5/15 pts); Maturity wall: 40% of debt due within 3 years (1/6 pts)
2019-12-31          2.03     11.60     1994.0       0.31     19  Liquidity 0.31× thin (8/9 pts); Cash flow to debt 20% weak (8/15 pts); Maturity wall: 58% of debt due within 3 years (3/6 pts)
2018-12-31          2.21     13.96     2458.0       0.99      8  Liquidity 0.99× thin (0/9 pts); Cash flow to debt 23% weak (5/15 pts); Maturity wall: 52% of debt due within 3 years (3/6 pts)
2017-12-31          0.23     39.47     3448.0    1491.50      0  —
2016-12-31          0.33     48.11     1806.0       2.59      0  —
2015-12-31          0.14     47.55     1930.0       5.56      1  Maturity wall: 41% of debt due within 3 years (1/6 pts)
2014-12-31         -0.11     42.57     3207.0       8.76      2  Maturity wall: 49% of debt due within 3 years (2/6 pts)
2013-12-31         -0.33     41.17     2666.0    5301.00      0  —
2012-12-31          0.87      8.65     2237.0    2649.00      5  EBITDA margin 5% weak (5/14 pts)
2011-12-31          0.28     28.50     2780.0     115.17      3  Maturity wall: 52% of debt due within 3 years (3/6 pts)
2010-12-31         -0.04     27.03     2616.0       3.38      3  Maturity wall: 56% of debt due within 3 years (3/6 pts)
2009-12-31          0.21     24.78     2470.0       3.21      0  —
2008-12-31          0.36     30.83     2634.0       1.78      0  —
==========================================================================================

  Leverage audit (2025-12-31):
    total_debt: 8,074,000,000  [us-gaap/LongTermDebt]
    cash: 2,333,000,000  [us-gaap/CashAndCashEquivalentsAtCarryingValue]
    operating_income: 5,356,000,000  [us-gaap/OperatingIncomeLoss]
    depreciation: 924,000,000  [us-gaap/DepreciationAndAmortization]
[115/150] GD       ok   (ok=110 fail=5)
Tracking GIS...
  CIK: 0000040704
  Extracting ratios for 17 periods...

==========================================================================================
  GIS — Credit Ratio Summary
==========================================================================================
Period          Leverage  Coverage   FCF ($M)  Liquidity  Score  Alerts
------------------------------------------------------------------------------------------
2025-05-25          3.20      7.33     2292.9       0.54     13  Leverage 3.2× elevated (1/17 pts); Liquidity 0.54× thin (6/9 pts); Cash flow to debt 22% weak (6/15 pts); Debt to assets 40% elevated (0/9 pts)
2024-05-26          2.73      8.31     2528.5      35.42      1  Cash flow to debt 29% weak (1/15 pts)
2023-05-28          2.36     10.42     2089.1      18.47      2  Cash flow to debt 28% weak (2/15 pts)
2022-05-29          2.12     10.66     2747.4       0.70      4  Liquidity 0.70× thin (4/9 pts)
2021-05-30          2.21      8.91     2452.4       4.17      0  Cash flow to debt 29% weak (0/15 pts)
2020-05-31          2.61      7.61     3215.4       6.01      0  —
2019-05-26          3.56      6.01     2269.4       0.31     19  Leverage 3.6× elevated (3/17 pts); Liquidity 0.31× thin (8/9 pts); Cash flow to debt 21% weak (6/15 pts); Debt to assets 43% elevated (1/9 pts)
2018-05-27          3.92      8.37     2218.3       0.26     24  Leverage 3.9× elevated (5/17 pts); Liquidity 0.26× thin (9/9 pts); Cash flow to debt 20% weak (8/15 pts); Debt to assets 46% elevated (2/9 pts)
2017-05-28          2.17     10.74     1730.8       0.62      7  Liquidity 0.62× thin (5/9 pts); Cash flow to debt 27% weak (2/15 pts); Debt to assets 41% elevated (0/9 pts)
2016-05-29          1.90     10.91     2034.9       2.83      0  —
2015-05-31          2.72      8.45     1830.4       0.54      9  Liquidity 0.54× thin (6/9 pts); Maturity wall: 62% of debt due within 3 years (4/6 pts)
2014-05-25          1.57     11.72     1877.5       0.78      8  Liquidity 0.78× thin (3/9 pts); Maturity wall: 72% of debt due within 3 years (5/6 pts)
2013-05-26          1.51     10.85     2312.1       1.24      5  Maturity wall: 74% of debt due within 3 years (5/6 pts)
2012-05-27          1.83      8.82     1726.1       0.89      7  Liquidity 0.89× thin (1/9 pts); Maturity wall: 76% of debt due within 3 years (6/6 pts)
2011-05-29          1.83      9.38      878.0       1.99     12  Cash flow to debt 22% weak (6/15 pts); Maturity wall: 81% of debt due within 3 years (6/6 pts)
2010-05-30          1.54      7.63     1531.3       0.64      4  Liquidity 0.64× thin (4/9 pts)
2009-05-31          1.80      7.26     1265.6       0.92      2  Liquidity 0.92× thin (1/9 pts); Cash flow to debt 28% weak (2/15 pts)
==========================================================================================

  Leverage audit (2025-05-25):
    total_debt: 12,673,200,000  [us-gaap/LongTermDebtAndCapitalLeaseObligations]
    cash: 363,900,000  [us-gaap/CashAndCashEquivalentsAtCarryingValue]
    operating_income: 3,304,800,000  [us-gaap/OperatingIncomeLoss]
    depreciation: 539,000,000  [us-gaap/DepreciationDepletionAndAmortization]
[116/150] GIS      ok   (ok=111 fail=5)
Tracking ALLY...
  CIK: 0000040729
  Extracting ratios for 16 periods...

==========================================================================================
  ALLY — Credit Ratio Summary
==========================================================================================
Period          Leverage  Coverage   FCF ($M)  Liquidity  Score  Alerts
------------------------------------------------------------------------------------------
2025-12-31          2.88      0.38        N/A       2.14     26  Interest coverage 0.4× thin (14/14 pts); Cash flow to debt 17% weak (10/15 pts); Maturity wall: 53% of debt due within 3 years (3/6 pts)
2024-12-31          3.54      0.27        N/A       6.33     25  Leverage 3.5× elevated (3/17 pts); Interest coverage 0.3× thin (14/14 pts); Cash flow to debt 24% weak (5/15 pts); Maturity wall: 57% of debt due within 3 years (3/6 pts)
2023-12-31          4.56      0.34     4663.0       2.11     32  Leverage 4.6× elevated (9/17 pts); Interest coverage 0.3× thin (14/14 pts); Cash flow to debt 22% weak (6/15 pts); Maturity wall: 59% of debt due within 3 years (4/6 pts)
2022-12-31          3.32      1.28     6247.0       2.32     19  Leverage 3.3× elevated (2/17 pts); Interest coverage 1.3× thin (13/14 pts); Maturity wall: 71% of debt due within 3 years (5/6 pts)
2021-12-31          2.34      2.67     3996.0      N/A       16  Interest coverage 2.7× thin (6/14 pts); Cash flow to debt 24% weak (5/15 pts); Maturity wall: 71% of debt due within 3 years (5/6 pts)
2020-12-31          2.15      0.91     3739.0       7.31     29  Interest coverage 0.9× thin (14/14 pts); Cash flow to debt 15% weak (11/15 pts); Maturity wall: 62% of debt due within 3 years (4/6 pts)
2019-12-31          8.65      0.83        N/A       0.64     60  Leverage 8.7× elevated (17/17 pts); Interest coverage 0.8× thin (14/14 pts); Liquidity 0.64× thin (4/9 pts); Cash flow to debt 10% weak (15/15 pts); Maturity wall: 76% of debt due within 3 years (6/6 pts); Distress escalation: 4 core signals severe (leverage>5x, coverage<2x, cash_flow_to_debt<30%, maturity_wall) — score floored at 60 *** STRESS ***
2018-12-31         12.12      0.90        N/A       0.45     57  Leverage 12.1× elevated (17/17 pts); Interest coverage 0.9× thin (14/14 pts); Liquidity 0.45× thin (6/9 pts); Cash flow to debt 8% weak (15/15 pts); Maturity wall: 67% of debt due within 3 years (4/6 pts) *** STRESS ***
2017-12-31         11.88      1.18        N/A       0.37     60  Leverage 11.9× elevated (17/17 pts); Interest coverage 1.2× thin (13/14 pts); Liquidity 0.37× thin (8/9 pts); Cash flow to debt 7% weak (15/15 pts); Maturity wall: 68% of debt due within 3 years (5/6 pts); Distress escalation: 4 core signals severe (leverage>5x, coverage<2x, cash_flow_to_debt<30%, liquidity<1x) — score floored at 60 *** STRESS ***
2016-12-31         12.16      1.51        N/A       0.47     55  Leverage 12.2× elevated (17/17 pts); Interest coverage 1.5× thin (12/14 pts); Liquidity 0.47× thin (6/9 pts); Cash flow to debt 7% weak (15/15 pts); Debt to assets 41% elevated (0/9 pts); Maturity wall: 66% of debt due within 3 years (4/6 pts) *** STRESS ***
2015-12-31         14.27      1.73        N/A       0.79     52  Leverage 14.3× elevated (17/17 pts); Interest coverage 1.7× thin (11/14 pts); Liquidity 0.79× thin (2/9 pts); Cash flow to debt 7% weak (15/15 pts); Debt to assets 47% elevated (2/9 pts); Maturity wall: 66% of debt due within 3 years (4/6 pts) *** STRESS ***
2014-12-31         14.58      1.50        N/A       0.79     54  Leverage 14.6× elevated (17/17 pts); Interest coverage 1.5× thin (12/14 pts); Liquidity 0.79× thin (2/9 pts); Cash flow to debt 5% weak (15/15 pts); Debt to assets 48% elevated (3/9 pts); Maturity wall: 70% of debt due within 3 years (5/6 pts) *** STRESS ***
2013-12-31         19.85      0.97        N/A       0.65     59  Leverage 19.8× elevated (17/17 pts); Interest coverage 1.0× thin (14/14 pts); Liquidity 0.65× thin (4/9 pts); Cash flow to debt 3% weak (15/15 pts); Debt to assets 52% elevated (4/9 pts); Maturity wall: 66% of debt due within 3 years (4/6 pts) *** STRESS ***
2012-12-31         41.23      0.39        N/A       1.01     52  Leverage 41.2× elevated (17/17 pts); Interest coverage 0.4× thin (14/14 pts); Cash flow to debt 6% weak (15/15 pts); Debt to assets 45% elevated (2/9 pts); Maturity wall: 62% of debt due within 3 years (4/6 pts) *** STRESS ***
2011-12-31         28.69      0.45        N/A       1.70     51  Leverage 28.7× elevated (17/17 pts); Interest coverage 0.4× thin (14/14 pts); Cash flow to debt 5% weak (15/15 pts); Debt to assets 55% elevated (5/9 pts) *** STRESS ***
2010-12-31         14.30      0.79        N/A       1.55     50  Leverage 14.3× elevated (17/17 pts); Interest coverage 0.8× thin (14/14 pts); Cash flow to debt 12% weak (13/15 pts); Debt to assets 55% elevated (5/9 pts)
==========================================================================================

  Leverage audit (2025-12-31):
    total_debt: 17,070,000,000  [us-gaap/LongTermDebt]
    cash: 10,030,000,000  [us-gaap/CashAndCashEquivalentsAtCarryingValue]
    operating_income: 1,051,000,000  [us-gaap/IncomeLossFromContinuingOperationsBeforeIncomeTaxesExtraordinaryItemsNoncontrollingInterest]
    depreciation: 1,397,000,000  [us-gaap/DepreciationAmortizationAndAccretionNet]
[117/150] ALLY     ok   (ok=112 fail=5)
Tracking GPC...
  CIK: 0000040987
  Extracting ratios for 20 periods...

==========================================================================================
  GPC — Credit Ratio Summary
==========================================================================================
Period          Leverage  Coverage   FCF ($M)  Liquidity  Score  Alerts
------------------------------------------------------------------------------------------
2025-12-31          7.32      3.08      420.9       0.51     47  EBITDA margin 2% weak (7/14 pts); Leverage 7.3× elevated (17/17 pts); Interest coverage 3.1× thin (4/14 pts); Liquidity 0.51× thin (6/9 pts); Cash flow to debt 16% weak (11/15 pts); Maturity wall: 44% of debt due within 3 years (2/6 pts)
2024-12-31          2.40     12.67      683.9      11.51      4  EBITDA margin 7% weak (3/14 pts); Cash flow to debt 29% weak (1/15 pts)
2023-12-31          1.34     32.46      922.9       3.10      1  EBITDA margin 9% weak (1/14 pts); Maturity wall: 31% of debt due within 3 years (0/6 pts)
2022-12-31          1.39     25.99     1127.3       2.59      2  EBITDA margin 9% weak (1/14 pts); Maturity wall: 33% of debt due within 3 years (0/6 pts)
2021-12-31          1.14     24.00      992.1      N/A        2  EBITDA margin 8% weak (2/14 pts)
2020-12-31          2.59      6.96     1861.0       6.17      6  EBITDA margin 4% weak (6/14 pts)
2019-12-31          2.86     11.50      594.1       0.44     18  EBITDA margin 6% weak (4/14 pts); Liquidity 0.44× thin (7/9 pts); Cash flow to debt 22% weak (6/15 pts); Maturity wall: 45% of debt due within 3 years (2/6 pts)
2018-12-31          1.68     16.41      912.7       0.47      8  EBITDA margin 9% weak (1/14 pts); Liquidity 0.47× thin (6/9 pts); Cash flow to debt 30% weak (0/15 pts); Maturity wall: 32% of debt due within 3 years (0/6 pts)
2017-12-31          2.05     34.41      658.3       0.45     15  EBITDA margin 9% weak (1/14 pts); Liquidity 0.45× thin (7/9 pts); Cash flow to debt 21% weak (7/15 pts)
2016-12-31          0.46     65.30      785.4       0.75      5  EBITDA margin 9% weak (1/14 pts); Liquidity 0.75× thin (3/9 pts); Maturity wall: 37% of debt due within 3 years (1/6 pts)
2015-12-31          0.29     65.60     1049.8       0.56     10  EBITDA margin 9% weak (1/14 pts); Liquidity 0.56× thin (5/9 pts); Maturity wall: 60% of debt due within 3 years (4/6 pts)
2014-12-31          0.44     56.50      682.5       0.52      6  EBITDA margin 9% weak (1/14 pts); Liquidity 0.52× thin (6/9 pts)
2013-12-31          0.45     46.95      932.7       0.74      4  EBITDA margin 9% weak (1/14 pts); Liquidity 0.74× thin (3/9 pts)
2012-12-31          0.08     57.44      804.5       1.61      1  EBITDA margin 9% weak (1/14 pts)
2011-12-31         -0.02     39.55      521.5      N/A        1  EBITDA margin 9% weak (1/14 pts)
2010-12-31         -0.03     33.10      593.3       2.12      2  EBITDA margin 8% weak (2/14 pts)
2009-12-31          0.27     21.92      775.9      N/A        4  EBITDA margin 6% weak (4/14 pts)
2008-12-31          0.56     24.34      425.3      N/A        3  EBITDA margin 7% weak (3/14 pts)
2007-12-31         N/A       25.36      525.8      N/A        2  EBITDA margin 7% weak (2/14 pts)
2006-12-31         N/A       N/A          N/A      N/A        2  EBITDA margin 8% weak (2/14 pts)
==========================================================================================

  Leverage audit (2025-12-31):
    total_debt: 4,795,751,000  [us-gaap/LongTermDebt]
    cash: 477,179,000  [us-gaap/CashCashEquivalentsRestrictedCashAndRestrictedCashEquivalents]
    operating_income: 52,168,000  [us-gaap/IncomeLossFromContinuingOperationsBeforeIncomeTaxesExtraordinaryItemsNoncontrollingInterest]
    depreciation: 538,023,000  [us-gaap/DepreciationDepletionAndAmortization]
[118/150] GPC      ok   (ok=113 fail=5)
Tracking MAGN...
  CIK: 0000041719
  Extracting ratios for 16 periods...

==========================================================================================
  MAGN — Credit Ratio Summary
==========================================================================================
Period          Leverage  Coverage   FCF ($M)  Liquidity  Score  Alerts
------------------------------------------------------------------------------------------
2025-09-27         -1.45     N/A         36.0      N/A        3  EBITDA margin 7% weak (3/14 pts)
2024-09-28         -6.76     N/A        120.0      N/A        8  EBITDA margin 2% weak (8/14 pts)
2023-12-31         12.45      1.02      -59.4       8.17     61  EBITDA margin 5% weak (5/14 pts); Leverage 12.5× elevated (17/17 pts); Interest coverage 1.0× thin (14/14 pts); Free cash flow negative (-59,386,000, -4% margin, 4/10 pts); Cash flow to debt -3% weak (15/15 pts); Debt to assets 56% elevated (6/9 pts) *** STRESS ***
2022-12-31         -7.54     -2.93      -78.6       9.69     70  EBITDA margin -7% weak (14/14 pts); Leverage rule maxed: negative EBITDA — debt unservable from earnings (17/17 pts); Coverage rule maxed: negative EBITDA — interest uncovered by earnings (14/14 pts); Free cash flow negative (-78,560,000, -5% margin, 5/10 pts); Cash flow to debt -5% weak (15/15 pts); Debt to assets 52% elevated (4/9 pts); Distress escalation: 4 core signals severe (profitability, leverage>5x, coverage<2x, cash_flow_to_debt<30%) — score floored at 60 *** STRESS ***
2021-12-31          7.08      7.29       40.9       6.06     35  EBITDA margin 8% weak (2/14 pts); Leverage 7.1× elevated (17/17 pts); Cash flow to debt 9% weak (15/15 pts); Debt to assets 42% elevated (1/9 pts); Maturity wall: 34% of debt due within 3 years (0/6 pts)
2020-12-31          2.04     15.06       80.9      N/A        0  —
2019-12-31          2.24     10.13       75.1       5.50      2  Cash flow to debt 27% weak (2/15 pts)
2018-12-31          3.89      4.45      -48.1      13.23     34  EBITDA margin 8% weak (2/14 pts); Leverage 3.9× elevated (5/17 pts); Free cash flow negative (-48,081,000, -6% margin, 6/10 pts); Cash flow to debt -1% weak (15/15 pts); Maturity wall: 96% of debt due within 3 years (6/6 pts)
2017-12-31          2.74      7.55      -79.1      10.29     27  EBITDA margin 8% weak (2/14 pts); Free cash flow negative (-79,070,000, -5% margin, 5/10 pts); Cash flow to debt 11% weak (14/15 pts); Maturity wall: 94% of debt due within 3 years (6/6 pts)
2016-12-31          3.42      5.91     -129.1       6.19     29  EBITDA margin 6% weak (4/14 pts); Leverage 3.4× elevated (2/17 pts); Free cash flow negative (-129,080,000, -8% margin, 8/10 pts); Cash flow to debt 8% weak (15/15 pts)
2015-12-31          1.62      9.14       33.9      14.30      0  EBITDA margin 10% weak (0/14 pts)
2014-12-31          1.72      9.37       33.5      17.41      4  EBITDA margin 10% weak (0/14 pts); Cash flow to debt 24% weak (4/15 pts)
2013-12-31          2.06      8.61       70.6      N/A        1  EBITDA margin 9% weak (1/14 pts); Maturity wall: 33% of debt due within 3 years (0/6 pts)
2012-12-31          0.89      9.17       54.1      N/A        0  —
2011-12-31          1.22      4.86       75.8      N/A        0  EBITDA margin 10% weak (0/14 pts)
2010-12-31          1.81      5.11      131.5     120.04      1  EBITDA margin 9% weak (1/14 pts)
==========================================================================================

  Leverage audit (2025-09-27):
    total_debt: 0  [us-gaap/LongTermDebt]
    cash: 305,000,000  [us-gaap/CashAndCashEquivalentsAtCarryingValue]
    operating_income: 5,000,000  [us-gaap/OperatingIncomeLoss]
    depreciation: 206,000,000  [us-gaap/DepreciationDepletionAndAmortization]
[119/150] MAGN     ok   (ok=114 fail=5)
Tracking GT...
  CIK: 0000042582
  Extracting ratios for 17 periods...

==========================================================================================
  GT — Credit Ratio Summary
==========================================================================================
Period          Leverage  Coverage   FCF ($M)  Liquidity  Score  Alerts
------------------------------------------------------------------------------------------
2025-12-31          5.08     43.43      -30.0       1.58     34  EBITDA margin 5% weak (5/14 pts); Leverage 5.1× elevated (12/17 pts); Free cash flow negative (-30,000,000, -0% margin, 0/10 pts); Cash flow to debt 13% weak (12/15 pts); Maturity wall: 69% of debt due within 3 years (5/6 pts)
2024-12-31          5.11      2.31     -490.0       1.45     46  EBITDA margin 6% weak (3/14 pts); Leverage 5.1× elevated (12/17 pts); Interest coverage 2.3× thin (8/14 pts); Free cash flow negative (-490,000,000, -3% margin, 3/10 pts); Cash flow to debt 9% weak (15/15 pts); Maturity wall: 74% of debt due within 3 years (5/6 pts)
2023-12-31         18.86      0.61      -18.0       2.62     55  EBITDA margin 2% weak (8/14 pts); Leverage 18.9× elevated (17/17 pts); Interest coverage 0.6× thin (14/14 pts); Free cash flow negative (-18,000,000, -0% margin, 0/10 pts); Cash flow to debt 14% weak (12/15 pts); Maturity wall: 64% of debt due within 3 years (4/6 pts) *** STRESS ***
2022-12-31          4.41      3.02     -540.0       3.11     36  EBITDA margin 7% weak (3/14 pts); Leverage 4.4× elevated (8/17 pts); Interest coverage 3.0× thin (5/14 pts); Free cash flow negative (-540,000,000, -3% margin, 3/10 pts); Cash flow to debt 7% weak (15/15 pts); Maturity wall: 52% of debt due within 3 years (3/6 pts)
2021-12-31          4.05      3.61       81.0       2.68     22  EBITDA margin 8% weak (2/14 pts); Leverage 4.0× elevated (6/17 pts); Interest coverage 3.6× thin (2/14 pts); Cash flow to debt 15% weak (11/15 pts); Maturity wall: 43% of debt due within 3 years (2/6 pts)
2020-12-31        -13.51     -0.87      468.0       3.79     55  EBITDA margin -2% weak (12/14 pts); Leverage rule maxed: negative EBITDA — debt unservable from earnings (17/17 pts); Coverage rule maxed: negative EBITDA — interest uncovered by earnings (14/14 pts); Cash flow to debt 19% weak (8/15 pts); Maturity wall: 68% of debt due within 3 years (4/6 pts) *** STRESS ***
2019-12-31          4.28      2.86      437.0       2.61     24  EBITDA margin 7% weak (3/14 pts); Leverage 4.3× elevated (7/17 pts); Interest coverage 2.9× thin (5/14 pts); Cash flow to debt 22% weak (6/15 pts); Maturity wall: 47% of debt due within 3 years (2/6 pts)
2018-12-31          2.52      5.57      105.0       1.95     13  Cash flow to debt 16% weak (10/15 pts); Maturity wall: 49% of debt due within 3 years (2/6 pts)
2017-12-31          2.64      4.95      277.0       3.98     13  Cash flow to debt 20% weak (7/15 pts); Maturity wall: 95% of debt due within 3 years (6/6 pts)
2016-12-31          2.10      5.20      508.0       4.62      8  Cash flow to debt 28% weak (2/15 pts); Maturity wall: 81% of debt due within 3 years (6/6 pts)
2015-12-31          1.54      6.60      704.0      30.12      3  Cash flow to debt 30% weak (0/15 pts); Maturity wall: 53% of debt due within 3 years (3/6 pts)
2014-12-31          1.70      5.71     -583.0      72.03     19  Free cash flow negative (-583,000,000, -3% margin, 3/10 pts); Cash flow to debt 5% weak (15/15 pts); Maturity wall: 33% of debt due within 3 years (0/6 pts)
2013-12-31          1.38      5.87     -230.0     214.00     15  Free cash flow negative (-230,000,000, -1% margin, 1/10 pts); Cash flow to debt 15% weak (11/15 pts); Maturity wall: 50% of debt due within 3 years (2/6 pts)
2012-12-31          1.37      5.42      -89.0      22.36     10  EBITDA margin 9% weak (1/14 pts); Free cash flow negative (-89,000,000, -0% margin, 0/10 pts); Cash flow to debt 21% weak (7/15 pts); Maturity wall: 49% of debt due within 3 years (2/6 pts)
2011-12-31          1.03      6.31     -270.0      10.83     16  EBITDA margin 9% weak (1/14 pts); Free cash flow negative (-270,000,000, -1% margin, 1/10 pts); Cash flow to debt 15% weak (11/15 pts); Maturity wall: 51% of debt due within 3 years (2/6 pts)
2010-12-31          1.58      4.97      -20.0       8.42     10  EBITDA margin 8% weak (2/14 pts); Free cash flow negative (-20,000,000, -0% margin, 0/10 pts); Cash flow to debt 20% weak (8/15 pts)
2009-12-31          2.24      3.24      551.0       8.58      8  EBITDA margin 6% weak (4/14 pts); Interest coverage 3.2× thin (4/14 pts); Cash flow to debt 29% weak (0/15 pts)
==========================================================================================

  Leverage audit (2025-12-31):
    total_debt: 5,431,000,000  [us-gaap/LongTermDebt]
    cash: 801,000,000  [us-gaap/CashAndCashEquivalentsAtCarryingValue]
    operating_income: -133,000,000  [us-gaap/IncomeLossFromContinuingOperationsBeforeIncomeTaxesExtraordinaryItemsNoncontrollingInterest]
    depreciation: 1,045,000,000  [us-gaap/DepreciationDepletionAndAmortization]
[120/150] GT       ok   (ok=115 fail=5)
Tracking GGG...
  CIK: 0000042888
  Extracting ratios for 17 periods...

==========================================================================================
  GGG — Credit Ratio Summary
==========================================================================================
Period          Leverage  Coverage   FCF ($M)  Liquidity  Score  Alerts
------------------------------------------------------------------------------------------
2025-12-26         N/A       N/A        637.9     384.29      6  Maturity wall: 100% of debt due within 3 years (6/6 pts)
2024-12-27         N/A       N/A        515.0      N/A        6  Maturity wall: 100% of debt due within 3 years (6/6 pts)
2023-12-29         -0.75    138.93      466.2      17.91      6  Maturity wall: 100% of debt due within 3 years (6/6 pts)
2022-12-30         -0.41     64.53      176.2      N/A        0  —
2021-12-31         -0.93     57.82      323.3       8.32      4  Maturity wall: 61% of debt due within 3 years (4/6 pts)
2020-12-25         -0.51     39.63      322.7      N/A        3  Maturity wall: 56% of debt due within 3 years (3/6 pts)
2019-12-27         -0.12     36.11      290.8      28.58      0  —
2018-12-28          0.28     33.66      314.1      N/A        2  Maturity wall: 46% of debt due within 3 years (2/6 pts)
2017-12-29          0.30     25.06      297.7      15.76      1  Maturity wall: 35% of debt due within 3 years (1/6 pts)
2016-12-30          1.56      9.22      227.0      N/A        0  —
2015-12-25          0.98     19.65      147.9       3.29      0  —
2014-12-26          1.72     18.39      210.6       4.72      0  —
2013-12-27          1.23     17.47      219.7       2.06      0  —
2012-12-28          1.99     13.67      171.4       3.83      1  Debt to assets 43% elevated (1/9 pts)
2011-12-30         -0.01     27.60      138.2      35.01      0  —
2010-12-31          0.32     44.72       84.5       1.17      0  —
2009-12-25          0.74     22.58      135.1       0.45      7  Liquidity 0.45× thin (7/9 pts)
==========================================================================================
[121/150] GGG      ok   (ok=116 fail=5)
Tracking GTN...
  CIK: 0000043196
  Extracting ratios for 16 periods...

==========================================================================================
  GTN — Credit Ratio Summary
==========================================================================================
Period          Leverage  Coverage   FCF ($M)  Liquidity  Score  Alerts
------------------------------------------------------------------------------------------
2025-12-31          8.48      1.33      181.0     184.00     50  Leverage 8.5× elevated (17/17 pts); Interest coverage 1.3× thin (12/14 pts); Cash flow to debt 5% weak (15/15 pts); Debt to assets 55% elevated (5/9 pts)
2024-12-31          4.88      2.31      608.0       6.75     36  Leverage 4.9× elevated (11/17 pts); Interest coverage 2.3× thin (8/14 pts); Cash flow to debt 13% weak (12/15 pts); Debt to assets 53% elevated (5/9 pts)
2023-12-31          8.56      1.64      300.0       1.40     49  Leverage 8.6× elevated (17/17 pts); Interest coverage 1.6× thin (11/14 pts); Cash flow to debt 10% weak (15/15 pts); Debt to assets 58% elevated (7/9 pts); Maturity wall: 31% of debt due within 3 years (0/6 pts)
2022-12-31          4.86      3.75      393.0       4.07     31  Leverage 4.9× elevated (10/17 pts); Interest coverage 3.7× thin (1/14 pts); Cash flow to debt 13% weak (13/15 pts); Debt to assets 58% elevated (7/9 pts)
2021-12-31         10.98      2.94       93.0      12.60     45  Leverage 11.0× elevated (17/17 pts); Interest coverage 2.9× thin (5/14 pts); Cash flow to debt 4% weak (15/15 pts); Debt to assets 61% elevated (8/9 pts)
2020-12-31          3.36      4.99      542.0      N/A       16  Leverage 3.4× elevated (2/17 pts); Cash flow to debt 16% weak (10/15 pts); Debt to assets 52% elevated (4/9 pts)
2019-12-31          5.18      2.96      275.0      N/A       36  Leverage 5.2× elevated (12/17 pts); Interest coverage 3.0× thin (5/14 pts); Cash flow to debt 10% weak (15/15 pts); Debt to assets 53% elevated (5/9 pts)
2018-12-31          3.95      4.35      253.3      N/A       25  Leverage 4.0× elevated (5/17 pts); Cash flow to debt 13% weak (13/15 pts); Debt to assets 59% elevated (7/9 pts)
2017-12-31          3.90      3.60      145.5      72.06     28  Leverage 3.9× elevated (5/17 pts); Interest coverage 3.6× thin (2/14 pts); Cash flow to debt 10% weak (15/15 pts); Debt to assets 55% elevated (6/9 pts)
2016-12-31          5.27      2.88      163.0      N/A       41  Leverage 5.3× elevated (13/17 pts); Interest coverage 2.9× thin (5/14 pts); Cash flow to debt 11% weak (14/15 pts); Debt to assets 65% elevated (9/9 pts)
2015-12-31          6.24      2.38       81.4      N/A       45  Leverage 6.2× elevated (17/17 pts); Interest coverage 2.4× thin (8/14 pts); Cash flow to debt 9% weak (15/15 pts); Debt to assets 56% elevated (6/9 pts)
2014-12-31          6.35      2.67      102.0      N/A       46  Leverage 6.4× elevated (17/17 pts); Interest coverage 2.7× thin (6/14 pts); Cash flow to debt 11% weak (14/15 pts); Debt to assets 64% elevated (9/9 pts)
2013-12-31          7.68      2.06       36.2      60.17     49  Leverage 7.7× elevated (17/17 pts); Interest coverage 2.1× thin (9/14 pts); Cash flow to debt 7% weak (15/15 pts); Debt to assets 63% elevated (8/9 pts)
2012-12-31          4.65      2.97       64.8      N/A       38  Leverage 4.7× elevated (9/17 pts); Interest coverage 3.0× thin (5/14 pts); Cash flow to debt 11% weak (14/15 pts); Debt to assets 67% elevated (9/9 pts)
2011-12-31          8.15      1.64       13.9       1.08     52  Leverage 8.1× elevated (17/17 pts); Interest coverage 1.6× thin (11/14 pts); Cash flow to debt 5% weak (15/15 pts); Debt to assets 68% elevated (9/9 pts) *** STRESS ***
2010-12-31          5.93      1.96       18.7       1.13     50  Leverage 5.9× elevated (17/17 pts); Interest coverage 2.0× thin (10/14 pts); Cash flow to debt 5% weak (15/15 pts); Debt to assets 67% elevated (9/9 pts) *** STRESS ***
==========================================================================================

  Leverage audit (2025-12-31):
    total_debt: 5,700,000,000  [us-gaap/LongTermDebt]
    cash: 368,000,000  [us-gaap/CashAndCashEquivalentsAtCarryingValue]
    operating_income: 392,000,000  [us-gaap/OperatingIncomeLoss]
    depreciation: 237,000,000  [us-gaap/DepreciationAndAmortization]
[122/150] GTN      ok   (ok=117 fail=5)
Tracking GEF...
  CIK: 0000043920
  Extracting ratios for 22 periods...

==========================================================================================
  GEF — Credit Ratio Summary
==========================================================================================
Period          Leverage  Coverage   FCF ($M)  Liquidity  Score  Alerts
------------------------------------------------------------------------------------------
2024-10-31          3.49    268.85      339.3      10.63     22  Leverage 3.5× elevated (3/17 pts); Cash flow to debt 13% weak (13/15 pts); Debt to assets 41% elevated (0/9 pts); Maturity wall: 90% of debt due within 3 years (6/6 pts)
2023-10-31          2.44    348.38      620.4      33.50      1  Cash flow to debt 29% weak (1/15 pts); Maturity wall: 31% of debt due within 3 years (0/6 pts)
2022-10-31          2.11   8378.00      633.1      25.81      0  Maturity wall: 31% of debt due within 3 years (0/6 pts)
2021-10-31          2.51      7.84      357.3       2.47     13  Cash flow to debt 18% weak (9/15 pts); Maturity wall: 59% of debt due within 3 years (4/6 pts)
2020-10-31          4.32      4.57      437.5       3.73     19  Leverage 4.3× elevated (8/17 pts); Cash flow to debt 18% weak (9/15 pts); Debt to assets 45% elevated (2/9 pts); Maturity wall: 38% of debt due within 3 years (1/6 pts)
2019-10-31          4.43      3.74      232.7       8.40     26  Leverage 4.4× elevated (8/17 pts); Interest coverage 3.7× thin (1/14 pts); Cash flow to debt 14% weak (12/15 pts); Debt to assets 51% elevated (4/9 pts); Maturity wall: 37% of debt due within 3 years (1/6 pts)
2018-10-31          1.64      8.53      112.8      12.90      7  Cash flow to debt 28% weak (2/15 pts); Maturity wall: 77% of debt due within 3 years (6/6 pts)
2017-10-31          2.08      5.16      208.2       9.81      2  Maturity wall: 48% of debt due within 3 years (2/6 pts)
2016-10-31          2.47     N/A        200.9       2.01      6  Cash flow to debt 29% weak (0/15 pts); Maturity wall: 77% of debt due within 3 years (6/6 pts)
2015-10-31          3.18     N/A         70.5       2.61     15  EBITDA margin 9% weak (1/14 pts); Leverage 3.2× elevated (1/17 pts); Cash flow to debt 17% weak (10/15 pts); Maturity wall: 59% of debt due within 3 years (4/6 pts)
2014-10-31          2.52     N/A        123.9       1.77      8  EBITDA margin 10% weak (0/14 pts); Cash flow to debt 23% weak (6/15 pts); Maturity wall: 44% of debt due within 3 years (2/6 pts)
2013-10-31          2.29     N/A        113.9       1.22      8  Cash flow to debt 20% weak (8/15 pts)
2012-10-31          2.52    199.64      307.4       1.19      0  Maturity wall: 33% of debt due within 3 years (0/6 pts)
2012-07-31          3.30      5.01      459.9       0.94      6  Leverage 3.3× elevated (2/17 pts); Liquidity 0.94× thin (1/9 pts); Cash flow to debt 25% weak (4/15 pts)
2012-04-30          5.69      4.57      260.1       1.00     28  Leverage 5.7× elevated (15/17 pts); Cash flow to debt 13% weak (13/15 pts)
2012-01-31         13.40      4.24      -50.0       0.94     38  EBITDA margin 10% weak (0/14 pts); Leverage 13.4× elevated (17/17 pts); Free cash flow negative (-50,000,000, -5% margin, 5/10 pts); Liquidity 0.94× thin (1/9 pts); Cash flow to debt -0% weak (15/15 pts)
2011-10-31          2.59      6.24        9.9       0.93     15  Liquidity 0.93× thin (1/9 pts); Cash flow to debt 12% weak (14/15 pts)
2011-07-31          3.13      6.89      -95.1       0.93     20  Leverage 3.1× elevated (1/17 pts); Free cash flow negative (-95,097,000, -3% margin, 3/10 pts); Liquidity 0.93× thin (1/9 pts); Cash flow to debt 2% weak (15/15 pts)
2011-04-30          4.36      6.43      -86.2       0.90     28  Leverage 4.4× elevated (8/17 pts); Free cash flow negative (-86,182,000, -4% margin, 4/10 pts); Liquidity 0.90× thin (1/9 pts); Cash flow to debt -1% weak (15/15 pts)
2011-01-31          9.31      6.40     -108.7       1.34     42  Leverage 9.3× elevated (17/17 pts); Free cash flow negative (-108,696,000, -12% margin, 10/10 pts); Cash flow to debt -6% weak (15/15 pts)
2010-10-31          1.96      6.67       34.0       1.76     10  Cash flow to debt 17% weak (10/15 pts)
2009-10-31          2.01      5.64      141.9       5.71      0  —
==========================================================================================

  Leverage audit (2024-10-31):
    total_debt: 2,729,100,000  [us-gaap/LongTermDebt]
    cash: 197,700,000  [us-gaap/CashAndCashEquivalentsAtCarryingValue]
    operating_income: 464,600,000  [us-gaap/OperatingIncomeLoss]
    depreciation: 261,300,000  [us-gaap/DepreciationDepletionAndAmortization]
[123/150] GEF      ok   (ok=118 fail=5)
Tracking HAL...
  CIK: 0000045012
  Extracting ratios for 18 periods...

==========================================================================================
  HAL — Credit Ratio Summary
==========================================================================================
Period          Leverage  Coverage   FCF ($M)  Liquidity  Score  Alerts
------------------------------------------------------------------------------------------
2025-12-31          1.46      7.86     1672.0      N/A        0  —
2024-12-31          0.93     11.11     2423.0      N/A        6  Maturity wall: 100% of debt due within 3 years (6/6 pts)
2023-12-31          1.06     11.05     2079.0      N/A        6  Maturity wall: 81% of debt due within 3 years (6/6 pts)
2022-12-31          1.53      7.49     1231.0      N/A        7  Cash flow to debt 28% weak (1/15 pts); Maturity wall: 79% of debt due within 3 years (6/6 pts)
2021-12-31          2.25      5.23     1112.0     434.86      8  Cash flow to debt 21% weak (7/15 pts); Debt to assets 41% elevated (0/9 pts); Maturity wall: 38% of debt due within 3 years (1/6 pts)
2020-12-31         -4.77     -2.71     1153.0       3.69     57  EBITDA margin -10% weak (14/14 pts); Leverage rule maxed: negative EBITDA — debt unservable from earnings (17/17 pts); Coverage rule maxed: negative EBITDA — interest uncovered by earnings (14/14 pts); Cash flow to debt 19% weak (8/15 pts); Debt to assets 48% elevated (3/9 pts); Maturity wall: 38% of debt due within 3 years (1/6 pts) *** STRESS ***
2019-12-31          6.84      2.20      915.0     206.18     36  EBITDA margin 5% weak (4/14 pts); Leverage 6.8× elevated (17/17 pts); Interest coverage 2.2× thin (8/14 pts); Cash flow to debt 24% weak (5/15 pts); Debt to assets 41% elevated (0/9 pts); Maturity wall: 39% of debt due within 3 years (1/6 pts)
2018-12-31          2.07      7.33     1131.0      59.06      1  Debt to assets 40% elevated (0/9 pts); Maturity wall: 39% of debt due within 3 years (1/6 pts)
2017-12-31          2.77      4.91     1095.0       5.31      7  Cash flow to debt 23% weak (6/15 pts); Debt to assets 43% elevated (1/9 pts)
2016-12-31         -1.56     -8.00    -2501.0      24.60     77  EBITDA margin -33% weak (14/14 pts); Leverage rule maxed: negative EBITDA — debt unservable from earnings (17/17 pts); Coverage rule maxed: negative EBITDA — interest uncovered by earnings (14/14 pts); Free cash flow negative (-2,501,000,000, -16% margin, 10/10 pts); Cash flow to debt -14% weak (15/15 pts); Debt to assets 46% elevated (2/9 pts); Maturity wall: 72% of debt due within 3 years (5/6 pts); Distress escalation: 6 core signals severe (profitability, leverage>5x, coverage<2x, cash_flow_to_debt<30%, fcf_negative, maturity_wall) — score floored at 60 *** STRESS ***
2015-12-31          3.16      4.39      722.0      15.29     14  EBITDA margin 7% weak (3/14 pts); Leverage 3.2× elevated (1/17 pts); Cash flow to debt 18% weak (9/15 pts); Debt to assets 43% elevated (1/9 pts)
2014-12-31          0.76     18.81      779.0    -163.64      9  Liquidity -163.64× thin (9/9 pts)
2013-12-31          1.08     17.19     1513.0      N/A        1  Maturity wall: 42% of debt due within 3 years (1/6 pts)
2012-12-31          0.40     19.68       88.0      N/A        0  —
2011-12-31          0.35     23.36      731.0      N/A        0  —
2010-12-31          0.59     13.32      143.0      N/A        0  —
2009-12-31          0.85     -9.85      542.0       2.78     14  Interest coverage -9.8× thin (14/14 pts)
2008-12-31         N/A      -28.43      850.0      43.23     14  Interest coverage -28.4× thin (14/14 pts)
==========================================================================================

  Leverage audit (2025-12-31):
    total_debt: 7,158,000,000  [us-gaap/LongTermDebt]
    cash: 2,206,000,000  [us-gaap/CashAndCashEquivalentsAtCarryingValue]
    operating_income: 2,260,000,000  [us-gaap/OperatingIncomeLoss]
    depreciation: 1,136,000,000  [us-gaap/DepreciationDepletionAndAmortization]
[124/150] HAL      ok   (ok=119 fail=5)
Tracking HSC...
  CIK: 0000045876
  Extracting ratios for 18 periods...

==========================================================================================
  HSC — Credit Ratio Summary
==========================================================================================
Period          Leverage  Coverage   FCF ($M)  Liquidity  Score  Alerts
------------------------------------------------------------------------------------------
2025-12-31          9.21      1.42      -39.9       9.02     59  EBITDA margin 7% weak (3/14 pts); Leverage 9.2× elevated (17/17 pts); Interest coverage 1.4× thin (12/14 pts); Free cash flow negative (-39,872,000, -2% margin, 2/10 pts); Cash flow to debt 6% weak (15/15 pts); Debt to assets 58% elevated (6/9 pts); Maturity wall: 64% of debt due within 3 years (4/6 pts) *** STRESS ***
2024-12-31          7.46      1.60      -58.5      10.85     54  EBITDA margin 8% weak (2/14 pts); Leverage 7.5× elevated (17/17 pts); Interest coverage 1.6× thin (11/14 pts); Free cash flow negative (-58,528,000, -2% margin, 2/10 pts); Cash flow to debt 5% weak (15/15 pts); Debt to assets 54% elevated (5/9 pts); Maturity wall: 39% of debt due within 3 years (1/6 pts) *** STRESS ***
2023-12-31          5.18      2.41      -24.6       8.15     40  Leverage 5.2× elevated (12/17 pts); Interest coverage 2.4× thin (7/14 pts); Free cash flow negative (-24,577,000, -1% margin, 1/10 pts); Cash flow to debt 8% weak (15/15 pts); Debt to assets 50% elevated (4/9 pts); Maturity wall: 32% of debt due within 3 years (0/6 pts)
2022-12-31         17.52      0.96       13.4      10.49     54  EBITDA margin 4% weak (6/14 pts); Leverage 17.5× elevated (17/17 pts); Interest coverage 1.0× thin (14/14 pts); Cash flow to debt 11% weak (14/15 pts); Debt to assets 49% elevated (3/9 pts) *** STRESS ***
2021-12-31          5.85      3.48      -86.1      10.70     40  Leverage 5.9× elevated (16/17 pts); Interest coverage 3.5× thin (2/14 pts); Free cash flow negative (-86,129,000, -5% margin, 5/10 pts); Cash flow to debt 5% weak (15/15 pts); Debt to assets 45% elevated (2/9 pts)
2020-12-31          8.23      2.46      -66.4      10.26     46  EBITDA margin 8% weak (2/14 pts); Leverage 8.2× elevated (17/17 pts); Interest coverage 2.5× thin (7/14 pts); Free cash flow negative (-66,406,000, -4% margin, 4/10 pts); Cash flow to debt 4% weak (15/15 pts); Debt to assets 43% elevated (1/9 pts)
2019-12-31          3.01      6.54     -185.1      15.70     25  Leverage 3.0× elevated (0/17 pts); Free cash flow negative (-185,136,000, -12% margin, 10/10 pts); Cash flow to debt -0% weak (15/15 pts)
2018-12-31          1.67      8.49       59.9       6.38      6  Maturity wall: 87% of debt due within 3 years (6/6 pts)
2018-01-01         N/A       N/A          N/A      N/A        0  —
2017-12-31          1.95      5.74       78.6       7.20      0  Cash flow to debt 29% weak (0/15 pts)
2016-12-31          2.93      3.97       90.4      16.88      6  Interest coverage 4.0× thin (0/14 pts); Cash flow to debt 24% weak (5/15 pts); Debt to assets 43% elevated (1/9 pts)
2015-12-31          3.27      5.23       -2.0       2.64     19  Leverage 3.3× elevated (2/17 pts); Free cash flow negative (-2,045,000, -0% margin, 0/10 pts); Cash flow to debt 13% weak (12/15 pts); Debt to assets 44% elevated (1/9 pts); Maturity wall: 61% of debt due within 3 years (4/6 pts)
2014-12-31          3.30      5.09       17.9       3.75      7  Leverage 3.3× elevated (2/17 pts); Cash flow to debt 26% weak (3/15 pts); Maturity wall: 45% of debt due within 3 years (2/6 pts)
2013-12-31          6.94      2.06      -57.9      12.50     40  EBITDA margin 4% weak (6/14 pts); Leverage 6.9× elevated (17/17 pts); Interest coverage 2.1× thin (9/14 pts); Free cash flow negative (-57,892,000, -2% margin, 2/10 pts); Cash flow to debt 23% weak (5/15 pts); Maturity wall: 37% of debt due within 3 years (1/6 pts)
2012-12-31          8.89      2.05      -66.1      11.13     44  EBITDA margin 3% weak (6/14 pts); Leverage 8.9× elevated (17/17 pts); Interest coverage 2.1× thin (9/14 pts); Free cash flow negative (-66,144,000, -2% margin, 2/10 pts); Cash flow to debt 21% weak (7/15 pts); Maturity wall: 52% of debt due within 3 years (3/6 pts)
2011-12-31          1.85      8.17      -14.3       2.36      1  Free cash flow negative (-14,325,000, -0% margin, 0/10 pts); Maturity wall: 38% of debt due within 3 years (1/6 pts)
2010-12-31          1.85      6.49      209.1       3.98      0  —
2009-12-31          1.52      8.45      269.1       1.64      0  —
==========================================================================================

  Leverage audit (2025-12-31):
    total_debt: 1,556,183,000  [us-gaap/LongTermDebt]
    cash: 103,671,000  [us-gaap/CashAndCashEquivalentsAtCarryingValue]
    operating_income: 4,249,000  [us-gaap/OperatingIncomeLoss]
    depreciation: 153,382,000  [us-gaap/Depreciation]
[125/150] HSC      ok   (ok=120 fail=5)
Tracking HAS...
  CIK: 0000046080
  Extracting ratios for 17 periods...

==========================================================================================
  HAS — Credit Ratio Summary
==========================================================================================
Period          Leverage  Coverage   FCF ($M)  Liquidity  Score  Alerts
------------------------------------------------------------------------------------------
2025-12-28         13.58      0.93      829.9       1.56     46  EBITDA margin 3% weak (6/14 pts); Leverage 13.6× elevated (17/17 pts); Interest coverage 0.9× thin (14/14 pts); Cash flow to debt 27% weak (2/15 pts); Debt to assets 59% elevated (7/9 pts)
2024-12-29          3.15      5.26      760.2      N/A        9  Leverage 3.1× elevated (1/17 pts); Cash flow to debt 25% weak (4/15 pts); Debt to assets 53% elevated (5/9 pts)
2023-12-31         -1.82     -7.13      516.3      N/A       51  EBITDA margin -27% weak (14/14 pts); Leverage rule maxed: negative EBITDA — debt unservable from earnings (17/17 pts); Coverage rule maxed: negative EBITDA — interest uncovered by earnings (14/14 pts); Cash flow to debt 24% weak (4/15 pts); Debt to assets 45% elevated (2/9 pts) *** STRESS ***
2022-12-25          5.00      3.74      198.7       3.60     28  Leverage 5.0× elevated (11/17 pts); Interest coverage 3.7× thin (1/14 pts); Cash flow to debt 10% weak (15/15 pts); Debt to assets 41% elevated (0/9 pts)
2021-12-26          2.69      5.81      685.2    1274.00      6  Cash flow to debt 21% weak (6/15 pts)
2020-12-27          4.19      3.81      850.6     218.26     16  Leverage 4.2× elevated (7/17 pts); Interest coverage 3.8× thin (1/14 pts); Cash flow to debt 21% weak (7/15 pts); Debt to assets 43% elevated (1/9 pts)
2019-12-29         -0.64      8.17      519.4    9106.10     12  Cash flow to debt 16% weak (10/15 pts); Debt to assets 46% elevated (2/9 pts)
2018-12-30          1.03      5.49      505.6     121.39      0  —
2017-12-31          0.11     10.00      589.5      10.20      0  —
2016-12-25         -0.09      9.68      620.0       7.43      0  —
2015-12-27          0.67     -8.72      410.4       5.94     14  Interest coverage -8.7× thin (14/14 pts)
2014-12-28          0.84     -8.52      341.0       3.54     18  Interest coverage -8.5× thin (14/14 pts); Cash flow to debt 25% weak (4/15 pts)
2013-12-29          0.43     -6.14      289.1      81.91     14  Interest coverage -6.1× thin (14/14 pts)
2012-12-30          0.78     -7.70      422.7       3.79     14  Interest coverage -7.7× thin (14/14 pts)
2011-12-25          1.01     -8.47      296.7       3.56     18  Interest coverage -8.5× thin (14/14 pts); Cash flow to debt 25% weak (4/15 pts)
2010-12-26          0.91     -8.94      255.4      49.96     17  Interest coverage -8.9× thin (14/14 pts); Cash flow to debt 26% weak (3/15 pts)
2009-12-27          0.64    -12.49      161.5      45.07     19  Interest coverage -12.5× thin (14/14 pts); Cash flow to debt 23% weak (5/15 pts)
==========================================================================================

  Leverage audit (2025-12-28):
    total_debt: 2,767,900,000  [us-gaap/LongTermDebtNoncurrent]
    cash: 776,600,000  [us-gaap/CashCashEquivalentsRestrictedCashAndRestrictedCashEquivalents]
    operating_income: 11,100,000  [us-gaap/OperatingIncomeLoss]
    depreciation: 135,500,000  [us-gaap/DepreciationDepletionAndAmortization]
[126/150] HAS      ok   (ok=121 fail=5)
Tracking BOH...
  CIK: 0000046195
  Extracting ratios for 17 periods...

==========================================================================================
  BOH — Credit Ratio Summary
==========================================================================================
Period          Leverage  Coverage   FCF ($M)  Liquidity  Score  Alerts
------------------------------------------------------------------------------------------
2025-12-31         -1.41    484.94      184.3      N/A        6  Maturity wall: 100% of debt due within 3 years (6/6 pts)
2024-12-31         -0.98    324.82      168.8      N/A        6  Maturity wall: 82% of debt due within 3 years (6/6 pts)
2023-12-31         -1.82      0.79      140.8      N/A       16  Interest coverage 0.8× thin (14/14 pts); Cash flow to debt 27% weak (2/15 pts)
2022-12-31          0.03      5.49      304.2      N/A        0  —
2021-12-31         -1.59     11.78      354.8      N/A        0  —
2020-12-31         -2.64      4.18      113.1      N/A        0  —
2019-12-31         -1.56      3.38      180.3      N/A        3  Interest coverage 3.4× thin (3/14 pts)
2018-12-31         -1.37      4.46      282.6    2643.06      0  —
2017-12-31         -0.67      6.04        N/A      N/A        0  —
2016-12-31         -2.24      6.76        N/A      N/A        0  —
2015-12-31         -2.09      6.42        N/A      N/A        0  —
2014-12-31         -1.45      6.58        N/A      N/A        0  —
2013-12-31         -1.28      5.71        N/A      N/A        0  —
2012-12-31         -0.88      5.93        N/A      N/A        0  —
2011-12-31         -2.65      4.88        N/A      N/A        0  —
2010-12-31         -2.10      4.66        N/A      97.99      0  —
2009-12-31         -1.97      2.76        N/A      80.44      6  Interest coverage 2.8× thin (6/14 pts)
==========================================================================================

  Leverage audit (2025-12-31):
    total_debt: 550,000,000  [us-gaap/LongTermDebt]
    cash: 946,520,000  [us-gaap/CashAndCashEquivalentsAtCarryingValue]
    operating_income: 261,982,000  [us-gaap/IncomeLossFromContinuingOperationsBeforeIncomeTaxesExtraordinaryItemsNoncontrollingInterest]
    depreciation: 18,800,000  [us-gaap/DepreciationDepletionAndAmortization]
[127/150] BOH      ok   (ok=122 fail=5)
Tracking HEI...
  CIK: 0000046619
  Extracting ratios for 17 periods...

==========================================================================================
  HEI — Credit Ratio Summary
==========================================================================================
Period          Leverage  Coverage   FCF ($M)  Liquidity  Score  Alerts
------------------------------------------------------------------------------------------
2025-10-31          1.60      9.36      861.4      64.85      0  —
2024-10-31          2.07      6.70      614.1      39.47      0  —
2023-10-31          3.04    198.78      399.3      40.07      9  Leverage 3.0× elevated (0/17 pts); Cash flow to debt 18% weak (9/15 pts)
2022-10-31          0.25     92.89      435.9      84.34      0  —
2021-10-31          0.26     66.70      407.9      N/A        0  —
2020-10-31          0.72     35.35      386.2      N/A        0  —
2019-10-31          0.93     24.92      408.4      N/A        0  —
2018-10-31          1.04     22.78      286.6      N/A        0  —
2017-10-31          1.67     37.94      248.9      N/A        0  —
2016-10-31          1.28     39.36      218.3      N/A        0  —
2015-10-31          1.20     60.00      154.6      N/A        0  —
2014-10-31          1.23     46.16      174.3      N/A        0  —
2013-10-31          1.64     59.29      113.5      N/A        4  Maturity wall: 67% of debt due within 3 years (4/6 pts)
2012-10-31          0.57     79.75      123.3      N/A        0  —
2011-10-31          0.14   1105.45      116.1      N/A        6  Maturity wall: 100% of debt due within 3 years (6/6 pts)
2010-10-31          0.06    249.55       92.8      44.21      0  —
2009-10-31          0.47    167.84       65.6      30.24      0  —
==========================================================================================

  Leverage audit (2025-10-31):
    total_debt: 2,167,945,000  [us-gaap/DebtAndCapitalLeaseObligations]
    cash: 217,781,000  [us-gaap/CashAndCashEquivalentsAtCarryingValue]
    operating_income: 1,018,998,000  [us-gaap/OperatingIncomeLoss]
    depreciation: 196,076,000  [us-gaap/DepreciationDepletionAndAmortization]
[128/150] HEI      ok   (ok=123 fail=5)
Tracking HP...
  CIK: 0000046765
  Extracting ratios for 18 periods...

==========================================================================================
  HP — Credit Ratio Summary
==========================================================================================
Period          Leverage  Coverage   FCF ($M)  Liquidity  Score  Alerts
------------------------------------------------------------------------------------------
2025-09-30          2.97      7.64      116.6      28.70      3  Cash flow to debt 26% weak (3/15 pts)
2024-09-30          1.84     53.25      189.6      N/A        0  —
2023-09-30          0.30     54.63      438.2      N/A        0  —
2022-09-30          0.69     23.35      -17.0      N/A        1  Free cash flow negative (-16,981,000, -1% margin, 1/10 pts)
2021-09-30        -12.23     -0.37       54.3       1.90     56  EBITDA margin -1% weak (10/14 pts); Leverage rule maxed: negative EBITDA — debt unservable from earnings (17/17 pts); Coverage rule maxed: negative EBITDA — interest uncovered by earnings (14/14 pts); Cash flow to debt 9% weak (15/15 pts) *** STRESS ***
2020-09-30          0.05     -5.65      398.1      N/A       45  EBITDA margin -8% weak (14/14 pts); Leverage rule maxed: negative EBITDA — debt unservable from earnings (17/17 pts); Coverage rule maxed: negative EBITDA — interest uncovered by earnings (14/14 pts)
2019-09-30          0.23     23.16      397.3      N/A        0  —
2018-09-30          0.34     25.36       77.9      N/A        0  —
2017-09-30         -0.07     20.91      -40.4      N/A        2  Free cash flow negative (-40,350,000, -2% margin, 2/10 pts)
2016-09-30         -0.72     24.99      496.4      N/A        0  —
2015-09-30         -0.15     85.31      285.3      18.37      0  —
2014-09-30         -0.18    339.14      165.6       9.02      6  Maturity wall: 100% of debt due within 3 years (6/6 pts)
2013-09-30         -0.18    230.43      188.1       3.89      6  Maturity wall: 100% of debt due within 3 years (6/6 pts)
2012-09-30          0.11    149.91      -97.3       2.40      9  Free cash flow negative (-97,348,000, -3% margin, 3/10 pts); Maturity wall: 83% of debt due within 3 years (6/6 pts)
2011-09-30         -0.01     58.66      283.3       3.17      6  Maturity wall: 77% of debt due within 3 years (6/6 pts)
2010-09-30          0.42     41.64      132.7      N/A        0  —
2009-09-30          0.34     60.12       16.6       1.35      0  —
2008-09-30          0.40     47.52      -94.8       4.86      5  Free cash flow negative (-94,807,000, -5% margin, 5/10 pts)
==========================================================================================

  Leverage audit (2025-09-30):
    total_debt: 2,063,943,000  [us-gaap/LongTermDebt]
    cash: 196,848,000  [us-gaap/CashAndCashEquivalentsAtCarryingValue]
    operating_income: 3,318,000  [us-gaap/OperatingIncomeLoss]
    depreciation: 625,085,000  [us-gaap/DepreciationDepletionAndAmortization]
[129/150] HP       ok   (ok=124 fail=5)
Tracking HSY...
  CIK: 0000047111
  Extracting ratios for 18 periods...

==========================================================================================
  HSY — Credit Ratio Summary
==========================================================================================
Period          Leverage  Coverage   FCF ($M)  Liquidity  Score  Alerts
------------------------------------------------------------------------------------------
2025-12-31          2.19      8.65     1822.7       4.24      0  —
2024-12-31          0.91     19.24     1925.7       0.56      6  Liquidity 0.56× thin (5/9 pts); Maturity wall: 35% of debt due within 3 years (0/6 pts)
2023-12-31          1.24     18.45     1552.1       0.56      6  Liquidity 0.56× thin (5/9 pts); Debt to assets 40% elevated (0/9 pts); Maturity wall: 35% of debt due within 3 years (1/6 pts)
2022-12-31          1.38     18.84     1808.4       0.67      7  Liquidity 0.67× thin (4/9 pts); Debt to assets 44% elevated (1/9 pts); Maturity wall: 41% of debt due within 3 years (1/6 pts)
2021-12-31          1.59     18.17     1587.0       0.35     11  Liquidity 0.35× thin (8/9 pts); Debt to assets 48% elevated (3/9 pts)
2020-12-31          1.63     13.54     1258.0      15.45      4  Debt to assets 50% elevated (4/9 pts)
2019-12-31          1.98     12.41     1445.7      15.28      4  Debt to assets 52% elevated (4/9 pts)
2018-12-31          1.39     13.07     1271.4       0.49     13  Liquidity 0.49× thin (6/9 pts); Debt to assets 58% elevated (6/9 pts); Maturity wall: 36% of debt due within 3 years (1/6 pts)
2017-12-31          1.29     15.35      991.8       0.68      8  Liquidity 0.68× thin (4/9 pts); Debt to assets 53% elevated (4/9 pts)
2016-12-31          1.36     16.40      714.0       0.47     11  Liquidity 0.47× thin (6/9 pts); Debt to assets 54% elevated (5/9 pts)
2015-12-31          1.33     11.73      884.7       0.95      4  Liquidity 0.95× thin (1/9 pts); Debt to assets 45% elevated (2/9 pts); Maturity wall: 39% of debt due within 3 years (1/6 pts)
2014-12-31          0.66     24.75      492.3       0.97      6  Liquidity 0.97× thin (0/9 pts); Maturity wall: 100% of debt due within 3 years (6/6 pts)
2013-12-31          0.32     23.04      864.9       6.74      6  Maturity wall: 100% of debt due within 3 years (6/6 pts)
2012-12-31          0.55     19.47      836.1       6.16      0  Maturity wall: 33% of debt due within 3 years (0/6 pts)
2011-12-31          0.98     12.44      263.9      16.48      1  Debt to assets 43% elevated (1/9 pts)
2010-12-31          0.91     10.30      721.9      36.73      4  Debt to assets 43% elevated (1/9 pts); Maturity wall: 58% of debt due within 3 years (3/6 pts)
2009-12-31          1.48      9.35      939.4      10.54      1  Debt to assets 42% elevated (1/9 pts)
2008-12-31          1.98      7.44      256.9       0.08     17  Liquidity 0.08× thin (9/9 pts); Cash flow to debt 26% weak (3/15 pts); Debt to assets 55% elevated (5/9 pts)
==========================================================================================

  Leverage audit (2025-12-31):
    total_debt: 5,184,521,000  [us-gaap/LongTermDebt]
    cash: 925,859,000  [us-gaap/CashCashEquivalentsRestrictedCashAndRestrictedCashEquivalents]
    operating_income: 1,441,528,000  [us-gaap/OperatingIncomeLoss]
    depreciation: 503,701,000  [us-gaap/DepreciationDepletionAndAmortization]
[130/150] HSY      ok   (ok=125 fail=5)
Tracking HPQ...
  CIK: 0000047217
  Extracting ratios for 18 periods...

==========================================================================================
  HPQ — Credit Ratio Summary
==========================================================================================
Period          Leverage  Coverage   FCF ($M)  Liquidity  Score  Alerts
------------------------------------------------------------------------------------------
2025-10-31          1.48      9.51     2800.0       4.68      3  EBITDA margin 7% weak (2/14 pts); Maturity wall: 32% of debt due within 3 years (0/6 pts)
2024-10-31          1.40     10.28     3157.0       2.38      2  EBITDA margin 9% weak (1/14 pts); Maturity wall: 34% of debt due within 3 years (0/6 pts)
2023-10-31          1.51      7.86     2962.0      17.36      2  EBITDA margin 8% weak (2/14 pts)
2022-10-31          1.47     15.20     3672.0      19.06      1  EBITDA margin 9% weak (1/14 pts)
2021-10-31          0.54     23.96     5827.0       6.40      0  EBITDA margin 10% weak (0/14 pts)
2020-10-31          0.33     17.79     3736.0       7.68      2  EBITDA margin 8% weak (2/14 pts); Maturity wall: 32% of debt due within 3 years (0/6 pts)
2019-10-31          0.05     19.10     3983.0      14.78      2  EBITDA margin 8% weak (2/14 pts)
2018-10-31          0.18     14.72     3982.0       3.53      2  EBITDA margin 8% weak (2/14 pts)
2017-10-31          0.21     12.53     3275.0       6.53      2  EBITDA margin 7% weak (2/14 pts)
2016-10-31          0.13     14.22     2797.0      80.62      2  EBITDA margin 8% weak (2/14 pts)
2015-10-31          0.76     16.81     2887.0       6.04      6  EBITDA margin 9% weak (1/14 pts); Cash flow to debt 24% weak (5/15 pts)
2014-10-31          0.38     18.55     8480.0       4.34      0  —
2013-10-31          0.89     15.91     8409.0       2.03      0  —
2012-10-31         -2.66     -7.17     6865.0       1.97     47  EBITDA margin -5% weak (14/14 pts); Leverage rule maxed: negative EBITDA — debt unservable from earnings (17/17 pts); Coverage rule maxed: negative EBITDA — interest uncovered by earnings (14/14 pts); Maturity wall: 49% of debt due within 3 years (2/6 pts)
2011-10-31          1.25     28.09     8100.0       1.85      3  Maturity wall: 57% of debt due within 3 years (3/6 pts)
2010-10-31          0.36     39.09     7789.0       4.93      4  Maturity wall: 61% of debt due within 3 years (4/6 pts)
2009-10-31          0.17     24.97     9684.0       7.18      0  —
2008-10-31         -0.18     29.61    11601.0       1.00      0  —
==========================================================================================

  Leverage audit (2025-10-31):
    total_debt: 9,723,000,000  [us-gaap/LongTermDebt]
    cash: 3,690,000,000  [us-gaap/CashAndCashEquivalentsAtCarryingValue]
    operating_income: 3,174,000,000  [us-gaap/OperatingIncomeLoss]
    depreciation: 916,000,000  [us-gaap/DepreciationDepletionAndAmortization]
[131/150] HPQ      ok   (ok=126 fail=5)
Tracking HNI...
  CIK: 0000048287
  Extracting ratios for 18 periods...

==========================================================================================
  HNI — Credit Ratio Summary
==========================================================================================
Period          Leverage  Coverage   FCF ($M)  Liquidity  Score  Alerts
------------------------------------------------------------------------------------------
2026-01-03          4.65      9.21      208.5      12.91     18  EBITDA margin 8% weak (2/14 pts); Leverage 4.6× elevated (9/17 pts); Cash flow to debt 21% weak (7/15 pts)
2024-12-28          1.02     10.95      173.8       0.45      7  Liquidity 0.45× thin (7/9 pts)
2023-12-30          2.20      6.99      188.4       3.85      2  EBITDA margin 8% weak (2/14 pts)
2022-12-31          0.72     26.02       12.8      13.38      0  —
2022-01-01          0.74     23.57       65.1      16.23      4  EBITDA margin 8% weak (2/14 pts); Maturity wall: 44% of debt due within 3 years (2/6 pts)
2021-01-02          0.43     19.89      172.7     138.07      4  EBITDA margin 7% weak (3/14 pts); Maturity wall: 43% of debt due within 3 years (2/6 pts)
2019-12-28          0.54     26.51      152.5      65.92      0  —
2018-12-29          0.85     20.24      122.7     113.14      1  EBITDA margin 9% weak (1/14 pts)
2017-12-30          1.69     23.46       23.9       0.64      7  EBITDA margin 7% weak (3/14 pts); Liquidity 0.64× thin (4/9 pts)
2016-12-31          0.88     39.84      129.9       1.07      1  EBITDA margin 9% weak (1/14 pts)
2016-01-02          0.73     32.06       90.7       5.21      0  EBITDA margin 10% weak (0/14 pts)
2015-01-03          0.97     20.34       93.5     620.80      8  EBITDA margin 8% weak (2/14 pts); Maturity wall: 100% of debt due within 3 years (6/6 pts)
2013-12-28          0.56     15.41      104.0     178.65      8  EBITDA margin 7% weak (2/14 pts); Maturity wall: 100% of debt due within 3 years (6/6 pts)
2012-12-29          0.86     12.06      105.3       9.41      3  EBITDA margin 7% weak (3/14 pts)
2011-12-31          0.84     10.69      106.5       2.41      3  EBITDA margin 7% weak (3/14 pts)
2011-01-01          0.87      9.79       68.7       1.98      3  EBITDA margin 7% weak (3/14 pts)
2010-01-02          1.35      6.91      177.2      N/A        4  EBITDA margin 5% weak (4/14 pts)
2009-01-03          1.40      9.64      104.3      N/A        3  EBITDA margin 7% weak (3/14 pts)
==========================================================================================

  Leverage audit (2026-01-03):
    total_debt: 1,293,100,000  [us-gaap/LongTermDebt]
    cash: 209,200,000  [us-gaap/CashAndCashEquivalentsAtCarryingValue]
    operating_income: 126,000,000  [us-gaap/OperatingIncomeLoss]
    depreciation: 107,100,000  [us-gaap/DepreciationDepletionAndAmortization]
[132/150] HNI      ok   (ok=127 fail=5)
Tracking HRL...
  CIK: 0000048465
  Extracting ratios for 17 periods...

==========================================================================================
  HRL — Credit Ratio Summary
==========================================================================================
Period          Leverage  Coverage   FCF ($M)  Liquidity  Score  Alerts
------------------------------------------------------------------------------------------
2025-10-26          2.22   1229.67      534.3     100.91      2  EBITDA margin 8% weak (2/14 pts); Cash flow to debt 30% weak (0/15 pts)
2024-10-27          1.59   1272.25     1010.3      94.95      0  —
2023-10-29          1.22     18.06      777.6       0.77      3  Liquidity 0.77× thin (3/9 pts)
2022-10-30          1.47     25.20      856.1     111.65      0  —
2021-10-31          2.00     31.20      769.5      70.07      0  —
2020-10-25         -0.51     61.99      760.5       6.63      0  —
2019-10-27         -0.31     75.34      629.2      N/A        0  —
2018-10-28          0.12     51.36      852.1      N/A        0  —
2017-10-29         -0.14    111.29      788.9      N/A        0  —
2016-10-30         -0.11    113.11      737.3      N/A        0  —
2015-10-25         -0.08     91.58      847.9       1.88      0  —
2014-10-26         -0.08     85.94      587.7      N/A        0  —
2013-10-27         -0.19     76.58      531.0      N/A        0  —
2012-10-28         -0.48     70.04      385.5      N/A        0  —
2011-10-30         -0.25     37.20      393.6      N/A        0  —
2010-10-31         -0.62     28.21      395.7       1.34      0  —
2009-10-25         -0.05     23.41      461.8      N/A        0  —
==========================================================================================

  Leverage audit (2025-10-26):
    total_debt: 2,850,778,000  [us-gaap/LongTermDebtNoncurrent]
    cash: 670,679,000  [us-gaap/CashAndCashEquivalentsAtCarryingValue]
    operating_income: 718,603,000  [us-gaap/OperatingIncomeLoss]
    depreciation: 263,901,000  [us-gaap/DepreciationDepletionAndAmortization]
[133/150] HRL      ok   (ok=128 fail=5)
Tracking HUBB...
  CIK: 0000048898
  Extracting ratios for 17 periods...

==========================================================================================
  HUBB — Credit Ratio Summary
==========================================================================================
Period          Leverage  Coverage   FCF ($M)  Liquidity  Score  Alerts
------------------------------------------------------------------------------------------
2025-12-31          1.10     N/A        874.7       1.67      0  —
2024-12-31          0.85     N/A        810.8       2.62      0  —
2023-12-31          1.43     N/A        715.1      22.41      0  —
2022-12-31          1.16     N/A        506.9      93.72      0  —
2021-12-31          1.69     N/A        423.5      29.51      0  —
2020-12-31          1.70     11.45      559.6       1.70      0  —
2019-12-31          1.82     10.77      497.7       5.29      0  —
2018-12-31          2.23      9.74      420.9       3.37      1  Cash flow to debt 28% weak (1/15 pts)
2017-12-31          1.01     13.44      299.3       5.51      0  —
2016-12-31          0.97     13.14      331.0     136.75      0  —
2015-12-31          0.45     18.06      254.0       7.13      0  —
2014-12-31         -0.09     19.12      331.2     467.07      0  —
2013-12-31         -0.25     18.77      323.0    2469.00      0  —
2012-12-31         -0.09     17.49      300.0      N/A        0  —
2011-12-31          0.05     15.92      279.6     196.41      0  —
2010-12-31          0.17     14.16      218.9     289.28      0  —
2009-12-31          0.65     11.82      368.3      N/A        0  —
==========================================================================================

  Leverage audit (2025-12-31):
    total_debt: 2,036,300,000  [us-gaap/LongTermDebtNoncurrent]
    cash: 482,500,000  [us-gaap/CashAndCashEquivalentsAtCarryingValue]
    operating_income: 1,208,800,000  [us-gaap/OperatingIncomeLoss]
    depreciation: 206,100,000  [us-gaap/DepreciationDepletionAndAmortization]
[134/150] HUBB     ok   (ok=129 fail=5)
Tracking HUM...
  CIK: 0000049071
  Extracting ratios for 18 periods...

==========================================================================================
  HUM — Credit Ratio Summary
==========================================================================================
Period          Leverage  Coverage   FCF ($M)  Liquidity  Score  Alerts
------------------------------------------------------------------------------------------
2025-12-31          2.40      5.42      375.0      N/A       22  EBITDA margin 3% weak (7/14 pts); Cash flow to debt 7% weak (15/15 pts)
2024-12-31          2.62      5.82     2391.0       3.85     10  EBITDA margin 3% weak (7/14 pts); Cash flow to debt 25% weak (4/15 pts)
2023-12-31          1.15      9.72     2977.0       3.25      5  EBITDA margin 5% weak (5/14 pts)
2022-12-31          0.88     11.24     3467.0       2.42      5  EBITDA margin 5% weak (5/14 pts); Maturity wall: 34% of debt due within 3 years (0/6 pts)
2021-12-31          1.91     11.48      946.0       1.74     17  EBITDA margin 5% weak (5/14 pts); Cash flow to debt 18% weak (9/15 pts); Maturity wall: 52% of debt due within 3 years (3/6 pts)
2020-12-31          0.25     19.48     4675.0       7.79      3  EBITDA margin 7% weak (3/14 pts)
2019-12-31          0.25     15.28     4548.0       5.80      4  EBITDA margin 6% weak (4/14 pts)
2018-12-31          0.57     16.26     1561.0       1.38      4  EBITDA margin 6% weak (4/14 pts); Maturity wall: 34% of debt due within 3 years (0/6 pts)
2017-12-31          0.16     19.31     3525.0      26.95      1  EBITDA margin 9% weak (1/14 pts)
2016-12-31         -0.04     11.26     1409.0      12.92      6  EBITDA margin 4% weak (6/14 pts)
2015-12-31          0.46     14.52      345.0       8.60     11  EBITDA margin 5% weak (5/14 pts); Cash flow to debt 21% weak (7/15 pts)
2014-12-31          0.67     14.64     1090.0      N/A        4  EBITDA margin 6% weak (4/14 pts)
2013-12-31          0.59     17.76     1275.0      N/A        4  EBITDA margin 6% weak (4/14 pts)
2012-12-31          0.55     22.42     1513.0       4.03      4  EBITDA margin 6% weak (4/14 pts)
2011-12-31          0.11     24.28     1733.0       4.50      3  EBITDA margin 7% weak (3/14 pts)
2010-12-31         -0.00     20.16     2019.5       4.09      4  EBITDA margin 6% weak (4/14 pts)
2009-12-31          0.03     18.50     1236.1       4.31      3  EBITDA margin 6% weak (3/14 pts)
2008-12-31         -0.03     16.11      720.7       8.78      5  EBITDA margin 4% weak (5/14 pts)
==========================================================================================

  Leverage audit (2025-12-31):
    total_debt: 12,369,000,000  [us-gaap/LongTermDebtNoncurrent]
    cash: 4,200,000,000  [us-gaap/CashAndCashEquivalentsAtCarryingValue]
    operating_income: 2,704,000,000  [us-gaap/OperatingIncomeLoss]
    depreciation: 698,000,000  [us-gaap/DepreciationAndAmortization]
[135/150] HUM      ok   (ok=130 fail=5)
Tracking HBAN...
  CIK: 0000049196
  Extracting ratios for 17 periods...

==========================================================================================
  HBAN — Credit Ratio Summary
==========================================================================================
Period          Leverage  Coverage   FCF ($M)  Liquidity  Score  Alerts
------------------------------------------------------------------------------------------
2025-12-31          1.08      0.80     2215.0      10.70     28  Interest coverage 0.8× thin (14/14 pts); Cash flow to debt 13% weak (12/15 pts); Maturity wall: 47% of debt due within 3 years (2/6 pts)
2024-12-31          1.17      0.66     1672.0      64.56     29  Interest coverage 0.7× thin (14/14 pts); Cash flow to debt 11% weak (14/15 pts); Maturity wall: 34% of debt due within 3 years (0/6 pts)
2023-12-31          0.71      0.92     2517.0      16.34     23  Interest coverage 0.9× thin (14/14 pts); Cash flow to debt 20% weak (7/15 pts); Maturity wall: 43% of debt due within 3 years (2/6 pts)
2022-12-31          0.92      4.67     3813.0       3.31      2  Maturity wall: 48% of debt due within 3 years (2/6 pts)
2021-12-31          0.80     22.27     1815.0      16.53      5  Cash flow to debt 28% weak (2/15 pts); Maturity wall: 56% of debt due within 3 years (3/6 pts)
2020-12-31          1.31      3.17     1204.0      36.04     19  Interest coverage 3.2× thin (4/14 pts); Cash flow to debt 16% weak (11/15 pts); Maturity wall: 67% of debt due within 3 years (4/6 pts)
2019-12-31          4.24      2.07     1467.0       0.45     40  Leverage 4.2× elevated (7/17 pts); Interest coverage 2.1× thin (9/14 pts); Liquidity 0.45× thin (7/9 pts); Cash flow to debt 13% weak (13/15 pts); Maturity wall: 69% of debt due within 3 years (5/6 pts)
2018-12-31          2.81      2.79     1616.0       1.32     19  Interest coverage 2.8× thin (6/14 pts); Cash flow to debt 16% weak (10/15 pts); Maturity wall: 55% of debt due within 3 years (3/6 pts)
2017-12-31          4.25      4.19     1760.0       0.30     31  Leverage 4.3× elevated (7/17 pts); Liquidity 0.30× thin (8/9 pts); Cash flow to debt 14% weak (12/15 pts); Maturity wall: 61% of debt due within 3 years (4/6 pts)
2016-12-31          5.33      4.95     1094.9       0.38     38  Leverage 5.3× elevated (13/17 pts); Liquidity 0.38× thin (8/9 pts); Cash flow to debt 10% weak (15/15 pts); Maturity wall: 50% of debt due within 3 years (2/6 pts)
2015-12-31          4.96      7.66      940.3       1.38     28  Leverage 5.0× elevated (11/17 pts); Cash flow to debt 13% weak (12/15 pts); Maturity wall: 67% of debt due within 3 years (4/6 pts)
2014-12-31          2.63      8.51      829.9       0.51     22  Liquidity 0.51× thin (6/9 pts); Cash flow to debt 13% weak (13/15 pts); Maturity wall: 57% of debt due within 3 years (3/6 pts)
2013-12-31          1.28      7.28      911.0       1.81      4  Maturity wall: 63% of debt due within 3 years (4/6 pts)
2012-12-31         -0.06      5.00      872.5       2.14      0  —
2011-12-31          0.39      2.90     1451.0       0.77     12  Interest coverage 2.9× thin (5/14 pts); Liquidity 0.77× thin (3/9 pts); Maturity wall: 60% of debt due within 3 years (4/6 pts)
2010-12-31          1.02      1.21      772.6       0.42     25  Interest coverage 1.2× thin (13/14 pts); Liquidity 0.42× thin (7/9 pts); Cash flow to debt 24% weak (5/15 pts)
2009-12-31          0.07     -4.24     1917.0       1.74     45  EBITDA margin -154% weak (14/14 pts); Leverage rule maxed: negative EBITDA — debt unservable from earnings (17/17 pts); Coverage rule maxed: negative EBITDA — interest uncovered by earnings (14/14 pts)
==========================================================================================

  Leverage audit (2025-12-31):
    total_debt: 17,221,000,000  [us-gaap/LongTermDebt]
    cash: 13,495,000,000  [us-gaap/CashCashEquivalentsRestrictedCashAndRestrictedCashEquivalents]
    operating_income: 2,688,000,000  [us-gaap/IncomeLossFromContinuingOperationsBeforeIncomeTaxesExtraordinaryItemsNoncontrollingInterest]
    depreciation: 762,000,000  [us-gaap/DepreciationAmortizationAndAccretionNet]
[136/150] HBAN     ok   (ok=131 fail=5)
Tracking EGP...
  CIK: 0000049600
  Extracting ratios for 16 periods...

==========================================================================================
  EGP — Credit Ratio Summary
==========================================================================================
Period          Leverage  Coverage   FCF ($M)  Liquidity  Score  Alerts
------------------------------------------------------------------------------------------
2025-12-31         N/A       N/A        474.4      N/A        0  Cash flow to debt 30% weak (0/15 pts)
2024-12-31         N/A       N/A        405.7      N/A        2  Cash flow to debt 28% weak (2/15 pts)
2023-12-31         N/A       N/A        323.2      N/A        7  Cash flow to debt 20% weak (7/15 pts)
2022-12-31         N/A       N/A        275.6       0.00     24  Liquidity 0.00× thin (9/9 pts); Cash flow to debt 16% weak (11/15 pts); Debt to assets 50% elevated (4/9 pts)
2021-12-31         N/A       N/A        219.8      N/A        0  —
2020-12-31         N/A       N/A        163.2      N/A        0  —
2019-12-31         N/A       N/A        158.1      N/A        0  —
2018-12-31          0.94      5.70      127.2      N/A        0  —
2017-12-31          1.11      5.15      128.9      N/A        0  —
2016-12-31          1.55      4.69      115.2       0.04      9  Liquidity 0.04× thin (9/9 pts)
2015-12-31          2.31      4.39      106.9       0.01      9  Liquidity 0.01× thin (9/9 pts)
2014-12-31          3.15      4.06       96.9      N/A        6  Leverage 3.1× elevated (1/17 pts); Cash flow to debt 26% weak (3/15 pts); Maturity wall: 48% of debt due within 3 years (2/6 pts)
2013-12-31          3.78      3.76       88.9      N/A       14  Leverage 3.8× elevated (4/17 pts); Interest coverage 3.8× thin (1/14 pts); Cash flow to debt 22% weak (6/15 pts); Maturity wall: 55% of debt due within 3 years (3/6 pts)
2012-12-31          4.95      3.46       73.7      N/A       31  Leverage 5.0× elevated (11/17 pts); Interest coverage 3.5× thin (2/14 pts); Cash flow to debt 15% weak (11/15 pts); Debt to assets 45% elevated (2/9 pts); Maturity wall: 63% of debt due within 3 years (4/6 pts)
2011-12-31          5.50      3.29       67.5      N/A       36  Leverage 5.5× elevated (14/17 pts); Interest coverage 3.3× thin (3/14 pts); Cash flow to debt 14% weak (12/15 pts); Debt to assets 49% elevated (3/9 pts); Maturity wall: 54% of debt due within 3 years (3/6 pts)
2010-12-31          5.77      3.17       53.1      N/A       38  Leverage 5.8× elevated (16/17 pts); Interest coverage 3.2× thin (4/14 pts); Cash flow to debt 12% weak (14/15 pts); Debt to assets 54% elevated (5/9 pts)
==========================================================================================
[137/150] EGP      ok   (ok=132 fail=5)
Tracking DIN...
  CIK: 0000049754
  Extracting ratios for 18 periods...

==========================================================================================
  DIN — Credit Ratio Summary
==========================================================================================
Period          Leverage  Coverage   FCF ($M)  Liquidity  Score  Alerts
------------------------------------------------------------------------------------------
2025-12-28         15.57     25.22       53.4      N/A       43  EBITDA margin 8% weak (2/14 pts); Leverage 15.6× elevated (17/17 pts); Cash flow to debt 7% weak (15/15 pts); Debt to assets 68% elevated (9/9 pts)
2024-12-31          7.77     44.38       94.1       1.87     41  Leverage 7.8× elevated (17/17 pts); Cash flow to debt 8% weak (15/15 pts); Debt to assets 72% elevated (9/9 pts)
2024-12-29          7.77     44.38       94.1       1.87     41  Leverage 7.8× elevated (17/17 pts); Cash flow to debt 8% weak (15/15 pts); Debt to assets 72% elevated (9/9 pts)
2023-12-31          7.05      1.99       94.0       1.46     50  Leverage 7.0× elevated (17/17 pts); Interest coverage 2.0× thin (9/14 pts); Cash flow to debt 10% weak (15/15 pts); Debt to assets 74% elevated (9/9 pts) *** STRESS ***
2022-12-31          7.02      2.26       54.0       2.70     49  Leverage 7.0× elevated (17/17 pts); Interest coverage 2.3× thin (8/14 pts); Cash flow to debt 6% weak (15/15 pts); Debt to assets 77% elevated (9/9 pts)
2021-12-31          5.67      2.26      179.0      N/A       43  Leverage 5.7× elevated (15/17 pts); Interest coverage 2.3× thin (8/14 pts); Cash flow to debt 15% weak (11/15 pts); Debt to assets 64% elevated (9/9 pts)
2020-12-31        -17.06     -0.87       85.6      29.49     69  EBITDA margin -10% weak (14/14 pts); Leverage rule maxed: negative EBITDA — debt unservable from earnings (17/17 pts); Coverage rule maxed: negative EBITDA — interest uncovered by earnings (14/14 pts); Cash flow to debt 6% weak (15/15 pts); Debt to assets 73% elevated (9/9 pts); Distress escalation: 5 core signals severe (profitability, leverage>5x, coverage<2x, cash_flow_to_debt<30%, debt_to_assets>40%) — score floored at 60 *** STRESS ***
2019-12-31          6.48      2.58      135.8      N/A       45  Leverage 6.5× elevated (17/17 pts); Interest coverage 2.6× thin (7/14 pts); Cash flow to debt 12% weak (14/15 pts); Debt to assets 63% elevated (8/9 pts)
2018-12-31          8.14      2.31      126.1       5.49     48  Leverage 8.1× elevated (17/17 pts); Interest coverage 2.3× thin (8/14 pts); Cash flow to debt 11% weak (15/15 pts); Debt to assets 75% elevated (9/9 pts)
2017-12-31         -2.95     -6.37       52.4       9.03     69  EBITDA margin -65% weak (14/14 pts); Leverage rule maxed: negative EBITDA — debt unservable from earnings (17/17 pts); Coverage rule maxed: negative EBITDA — interest uncovered by earnings (14/14 pts); Cash flow to debt 5% weak (15/15 pts); Debt to assets 74% elevated (9/9 pts); Distress escalation: 5 core signals severe (profitability, leverage>5x, coverage<2x, cash_flow_to_debt<30%, debt_to_assets>40%) — score floored at 60 *** STRESS ***
2016-12-31          6.22      2.49      112.5      N/A       45  Leverage 6.2× elevated (17/17 pts); Interest coverage 2.5× thin (7/14 pts); Cash flow to debt 9% weak (15/15 pts); Debt to assets 56% elevated (6/9 pts)
2015-12-31          5.63      2.61      128.9      N/A       41  Leverage 5.6× elevated (15/17 pts); Interest coverage 2.6× thin (6/14 pts); Cash flow to debt 11% weak (15/15 pts); Debt to assets 55% elevated (5/9 pts)
2014-12-31         13.85      0.77      112.6      N/A       51  Leverage 13.9× elevated (17/17 pts); Interest coverage 0.8× thin (14/14 pts); Cash flow to debt 9% weak (15/15 pts); Debt to assets 53% elevated (5/9 pts) *** STRESS ***
2013-12-31          7.55      1.25      120.8      22.46     48  Leverage 7.6× elevated (17/17 pts); Interest coverage 1.3× thin (13/14 pts); Cash flow to debt 11% weak (15/15 pts); Debt to assets 50% elevated (4/9 pts)
2012-12-31          4.88      1.78       35.9       8.70     40  Leverage 4.9× elevated (11/17 pts); Interest coverage 1.8× thin (10/14 pts); Cash flow to debt 4% weak (15/15 pts); Debt to assets 50% elevated (4/9 pts)
2011-12-31          8.75      1.03       95.4       8.18     51  Leverage 8.7× elevated (17/17 pts); Interest coverage 1.0× thin (14/14 pts); Cash flow to debt 9% weak (15/15 pts); Debt to assets 55% elevated (5/9 pts) *** STRESS ***
2010-12-31         31.17      0.26      160.6      11.37     58  EBITDA margin 4% weak (6/14 pts); Leverage 31.2× elevated (17/17 pts); Interest coverage 0.3× thin (14/14 pts); Cash flow to debt 11% weak (14/15 pts); Debt to assets 58% elevated (6/9 pts) *** STRESS ***
2009-12-31         N/A        0.49      142.5      N/A       17  EBITDA margin 7% weak (3/14 pts); Interest coverage 0.5× thin (14/14 pts)
==========================================================================================

  Leverage audit (2025-12-28):
    total_debt: 1,188,200,000  [us-gaap/LongTermDebt]
    cash: 128,200,000  [us-gaap/CashAndCashEquivalentsAtCarryingValue]
    operating_income: 25,200,000  [us-gaap/IncomeLossFromContinuingOperationsBeforeIncomeTaxesExtraordinaryItemsNoncontrollingInterest]
    depreciation: 42,900,000  [us-gaap/DepreciationDepletionAndAmortization]
[138/150] DIN      ok   (ok=133 fail=5)
Tracking ITW...
  CIK: 0000049826
  Extracting ratios for 18 periods...

==========================================================================================
  ITW — Credit Ratio Summary
==========================================================================================
Period          Leverage  Coverage   FCF ($M)  Liquidity  Score  Alerts
------------------------------------------------------------------------------------------
2025-12-31          1.51     16.25     2707.0       0.85      8  Liquidity 0.85× thin (2/9 pts); Debt to assets 54% elevated (5/9 pts); Maturity wall: 42% of debt due within 3 years (1/6 pts)
2024-12-31          1.34     18.41     2844.0       1.22      5  Debt to assets 52% elevated (4/9 pts); Maturity wall: 32% of debt due within 3 years (0/6 pts)
2023-12-31          1.54     16.25     3084.0       0.58     15  Liquidity 0.58× thin (5/9 pts); Debt to assets 61% elevated (8/9 pts); Maturity wall: 49% of debt due within 3 years (2/6 pts)
2022-12-31          1.48     20.03     1936.0       0.45     13  Liquidity 0.45× thin (7/9 pts); Cash flow to debt 28% weak (1/15 pts); Debt to assets 54% elevated (5/9 pts)
2021-12-31          1.58     18.58     2261.0       1.96      4  Debt to assets 51% elevated (4/9 pts); Maturity wall: 34% of debt due within 3 years (0/6 pts)
2020-12-31          1.76     15.32     2571.0       7.33      5  Debt to assets 54% elevated (5/9 pts)
2019-12-31          1.57     16.60     2669.0     495.25      4  Debt to assets 52% elevated (4/9 pts)
2018-12-31          1.52     15.00     2447.0       1.11      7  Debt to assets 59% elevated (7/9 pts)
2017-12-31          1.17     14.42     2105.0    3094.00      2  Debt to assets 45% elevated (2/9 pts)
2016-12-31          1.62     13.97     2029.0       3.80      8  Cash flow to debt 27% weak (2/15 pts); Debt to assets 56% elevated (6/9 pts)
2015-12-31          1.22     13.77     2015.0    3090.00      1  Debt to assets 44% elevated (1/9 pts)
2014-12-31          0.63     12.60     1255.0    3990.00      2  Cash flow to debt 27% weak (2/15 pts)
2013-12-31          0.36     11.77     2160.0       1.97      1  Maturity wall: 40% of debt due within 3 years (1/6 pts)
2012-12-31          0.57     14.81     1690.0     463.17      1  Maturity wall: 39% of debt due within 3 years (1/6 pts)
2011-12-31          0.84     15.97     1602.6       4.49      2  Maturity wall: 51% of debt due within 3 years (2/6 pts)
2010-12-31          0.58     15.34     1274.6       4.72      0  —
2009-12-31          0.92     10.63     1899.5     162.41      0  —
2008-12-31          0.18     18.57     1859.9       0.31      8  Liquidity 0.31× thin (8/9 pts)
==========================================================================================

  Leverage audit (2025-12-31):
    total_debt: 7,682,000,000  [us-gaap/LongTermDebt]
    cash: 851,000,000  [us-gaap/CashAndCashEquivalentsAtCarryingValue]
    operating_income: 4,216,000,000  [us-gaap/OperatingIncomeLoss]
    depreciation: 317,000,000  [us-gaap/Depreciation]
[139/150] ITW      ok   (ok=134 fail=5)
Tracking IMKTA...
  CIK: 0000050493
  Extracting ratios for 16 periods...

==========================================================================================
  IMKTA — Credit Ratio Summary
==========================================================================================
Period          Leverage  Coverage   FCF ($M)  Liquidity  Score  Alerts
------------------------------------------------------------------------------------------
2025-09-27          0.62     12.20       39.6      20.96      6  EBITDA margin 5% weak (5/14 pts); Cash flow to debt 29% weak (1/15 pts)
2024-09-28          0.67     12.30       51.7      20.19      5  EBITDA margin 5% weak (5/14 pts)
2023-09-30          0.54     18.50       92.8      18.75      3  EBITDA margin 7% weak (3/14 pts)
2022-09-24          0.62     23.00      219.9      15.16      1  EBITDA margin 9% weak (1/14 pts)
2021-09-25          1.11     19.20      165.7       3.99      1  EBITDA margin 9% weak (1/14 pts)
2020-09-26          1.51      9.80      227.3       0.36     13  EBITDA margin 9% weak (1/14 pts); Liquidity 0.36× thin (8/9 pts); Maturity wall: 65% of debt due within 3 years (4/6 pts)
2019-09-28          3.06      5.58       49.8       3.34     10  EBITDA margin 6% weak (4/14 pts); Leverage 3.1× elevated (0/17 pts); Cash flow to debt 24% weak (4/15 pts); Debt to assets 46% elevated (2/9 pts)
2018-09-29          3.59      5.00       10.8       0.82     21  EBITDA margin 6% weak (4/14 pts); Leverage 3.6× elevated (3/17 pts); Liquidity 0.82× thin (2/9 pts); Cash flow to debt 18% weak (9/15 pts); Debt to assets 48% elevated (3/9 pts)
2017-09-30          3.58      5.03       28.6       1.96     20  EBITDA margin 6% weak (4/14 pts); Leverage 3.6× elevated (3/17 pts); Cash flow to debt 18% weak (9/15 pts); Debt to assets 51% elevated (4/9 pts)
2016-09-24          3.70      5.08       21.4       0.57     26  EBITDA margin 6% weak (4/14 pts); Leverage 3.7× elevated (4/17 pts); Liquidity 0.57× thin (5/9 pts); Cash flow to debt 18% weak (9/15 pts); Debt to assets 53% elevated (4/9 pts)
2015-09-26          3.67      5.15       49.4       0.59     27  EBITDA margin 6% weak (3/14 pts); Leverage 3.7× elevated (4/17 pts); Liquidity 0.59× thin (5/9 pts); Cash flow to debt 17% weak (10/15 pts); Debt to assets 54% elevated (5/9 pts)
2014-09-27          4.20      4.75       46.0       0.69     31  EBITDA margin 6% weak (4/14 pts); Leverage 4.2× elevated (7/17 pts); Liquidity 0.69× thin (4/9 pts); Cash flow to debt 16% weak (10/15 pts); Debt to assets 57% elevated (6/9 pts)
2013-09-28          4.06      3.73       43.7       0.89     29  EBITDA margin 6% weak (4/14 pts); Leverage 4.1× elevated (6/17 pts); Interest coverage 3.7× thin (1/14 pts); Liquidity 0.89× thin (1/9 pts); Cash flow to debt 16% weak (11/15 pts); Debt to assets 56% elevated (6/9 pts)
2012-09-29          3.87      3.57      -46.9       0.09     37  EBITDA margin 6% weak (4/14 pts); Leverage 3.9× elevated (5/17 pts); Interest coverage 3.6× thin (2/14 pts); Free cash flow negative (-46,878,084, -1% margin, 1/10 pts); Liquidity 0.09× thin (9/9 pts); Cash flow to debt 15% weak (11/15 pts); Debt to assets 54% elevated (5/9 pts)
2011-09-24          4.13      3.29       -0.3       0.36     41  EBITDA margin 6% weak (4/14 pts); Leverage 4.1× elevated (6/17 pts); Interest coverage 3.3× thin (3/14 pts); Liquidity 0.36× thin (8/9 pts); Cash flow to debt 11% weak (14/15 pts); Debt to assets 55% elevated (5/9 pts)
2010-09-25          3.43      3.00       33.3       0.63     32  EBITDA margin 6% weak (4/14 pts); Leverage 3.4× elevated (2/17 pts); Interest coverage 3.0× thin (5/14 pts); Liquidity 0.63× thin (4/9 pts); Cash flow to debt 15% weak (11/15 pts); Debt to assets 53% elevated (5/9 pts)
==========================================================================================

  Leverage audit (2025-09-27):
    total_debt: 514,766,658  [us-gaap/LongTermDebt]
    cash: 366,245,951  [us-gaap/CashCashEquivalentsRestrictedCashAndRestrictedCashEquivalents]
    operating_income: 117,579,855  [us-gaap/OperatingIncomeLoss]
    depreciation: 122,890,499  [us-gaap/DepreciationAndAmortization]
[140/150] IMKTA    ok   (ok=135 fail=5)
Tracking GFF...
  CIK: 0000050725
  Extracting ratios for 17 periods...

==========================================================================================
  GFF — Credit Ratio Summary
==========================================================================================
Period          Leverage  Coverage   FCF ($M)  Liquidity  Score  Alerts
------------------------------------------------------------------------------------------
2025-09-30          5.31      2.56      305.0      12.22     32  EBITDA margin 10% weak (0/14 pts); Leverage 5.3× elevated (13/17 pts); Interest coverage 2.6× thin (7/14 pts); Cash flow to debt 25% weak (4/15 pts); Debt to assets 68% elevated (9/9 pts)
2024-09-30          3.23      4.19      311.6      14.03     14  Leverage 3.2× elevated (1/17 pts); Cash flow to debt 25% weak (4/15 pts); Debt to assets 65% elevated (9/9 pts)
2023-09-30          5.70      2.37      368.2      10.69     32  EBITDA margin 9% weak (1/14 pts); Leverage 5.7× elevated (15/17 pts); Interest coverage 2.4× thin (8/14 pts); Cash flow to debt 29% weak (1/15 pts); Debt to assets 61% elevated (8/9 pts)
2022-09-30        -11.68     -1.47       16.8       9.50     65  EBITDA margin -4% weak (13/14 pts); Leverage rule maxed: negative EBITDA — debt unservable from earnings (17/17 pts); Coverage rule maxed: negative EBITDA — interest uncovered by earnings (14/14 pts); Cash flow to debt 4% weak (15/15 pts); Debt to assets 56% elevated (6/9 pts); Distress escalation: 4 core signals severe (profitability, leverage>5x, coverage<2x, cash_flow_to_debt<30%) — score floored at 60 *** STRESS ***
2021-09-30          3.58      3.53       34.1      19.91     21  EBITDA margin 10% weak (0/14 pts); Leverage 3.6× elevated (3/17 pts); Interest coverage 3.5× thin (2/14 pts); Cash flow to debt 7% weak (15/15 pts); Debt to assets 41% elevated (0/9 pts)
2020-09-30          3.81      3.27       88.0      21.98     23  EBITDA margin 9% weak (1/14 pts); Leverage 3.8× elevated (5/17 pts); Interest coverage 3.3× thin (3/14 pts); Cash flow to debt 13% weak (13/15 pts); Debt to assets 43% elevated (1/9 pts)
2019-09-30          5.24      2.90       68.6       6.88     39  EBITDA margin 9% weak (1/14 pts); Leverage 5.2× elevated (13/17 pts); Interest coverage 2.9× thin (5/14 pts); Cash flow to debt 10% weak (15/15 pts); Debt to assets 54% elevated (5/9 pts)
2018-10-01         N/A       N/A          N/A      N/A        0  —
2018-09-30          6.91      2.32       16.3       5.36     47  EBITDA margin 8% weak (2/14 pts); Leverage 6.9× elevated (17/17 pts); Interest coverage 2.3× thin (8/14 pts); Cash flow to debt 6% weak (15/15 pts); Debt to assets 54% elevated (5/9 pts)
2017-09-30          7.97      2.27       14.2       4.30     47  EBITDA margin 8% weak (2/14 pts); Leverage 8.0× elevated (17/17 pts); Interest coverage 2.3× thin (8/14 pts); Cash flow to debt 5% weak (15/15 pts); Debt to assets 53% elevated (5/9 pts)
2016-09-30          4.97      3.39       15.2       3.20     33  Leverage 5.0× elevated (11/17 pts); Interest coverage 3.4× thin (3/14 pts); Cash flow to debt 11% weak (14/15 pts); Debt to assets 54% elevated (5/9 pts)
2015-09-30          4.63      3.55        2.5       3.13     30  Leverage 4.6× elevated (9/17 pts); Interest coverage 3.5× thin (2/14 pts); Cash flow to debt 9% weak (15/15 pts); Debt to assets 50% elevated (4/9 pts)
2014-09-30          4.95      3.00       16.2      11.72     34  EBITDA margin 7% weak (2/14 pts); Leverage 5.0× elevated (11/17 pts); Interest coverage 3.0× thin (5/14 pts); Cash flow to debt 11% weak (14/15 pts); Debt to assets 45% elevated (2/9 pts)
2013-09-30          3.80      2.56       21.2      16.54     27  EBITDA margin 7% weak (3/14 pts); Leverage 3.8× elevated (4/17 pts); Interest coverage 2.6× thin (7/14 pts); Cash flow to debt 12% weak (13/15 pts)
2012-09-30          3.53      2.67       21.3      11.84     25  EBITDA margin 7% weak (2/14 pts); Leverage 3.5× elevated (3/17 pts); Interest coverage 2.7× thin (6/14 pts); Cash flow to debt 13% weak (13/15 pts)
2011-09-30          4.05      2.43      -52.2       9.66     34  EBITDA margin 6% weak (3/14 pts); Leverage 4.0× elevated (6/17 pts); Interest coverage 2.4× thin (7/14 pts); Free cash flow negative (-52,232,000, -3% margin, 3/10 pts); Cash flow to debt 5% weak (15/15 pts)
2010-09-30          5.29      5.13       42.6       8.12     28  EBITDA margin 5% weak (5/14 pts); Leverage 5.3× elevated (13/17 pts); Cash flow to debt 16% weak (11/15 pts)
==========================================================================================

  Leverage audit (2025-09-30):
    total_debt: 1,404,387,000  [us-gaap/LongTermDebtNoncurrent]
    cash: 99,045,000  [us-gaap/CashAndCashEquivalentsAtCarryingValue]
    operating_income: 206,277,000  [us-gaap/OperatingIncomeLoss]
    depreciation: 39,734,000  [us-gaap/DepreciationAndAmortization]
[141/150] GFF      ok   (ok=136 fail=5)
Tracking INTC...
  CIK: 0000050863
  Extracting ratios for 18 periods...

==========================================================================================
  INTC — Credit Ratio Summary
==========================================================================================
Period          Leverage  Coverage   FCF ($M)  Liquidity  Score  Alerts
------------------------------------------------------------------------------------------
2025-12-27          3.78      7.72    -4949.0       5.71     22  Leverage 3.8× elevated (4/17 pts); Free cash flow negative (-4,949,000,000, -9% margin, 9/10 pts); Cash flow to debt 20% weak (8/15 pts)
2024-12-28        -24.18     -1.75   -15656.0       2.21     64  EBITDA margin -3% weak (12/14 pts); Leverage rule maxed: negative EBITDA — debt unservable from earnings (17/17 pts); Coverage rule maxed: negative EBITDA — interest uncovered by earnings (14/14 pts); Free cash flow negative (-15,656,000,000, -29% margin, 10/10 pts); Cash flow to debt 15% weak (11/15 pts); Distress escalation: 4 core signals severe (profitability, leverage>5x, coverage<2x, fcf_negative) — score floored at 60 *** STRESS ***
2023-12-30          5.31      9.04   -14279.0       3.09     29  Leverage 5.3× elevated (13/17 pts); Free cash flow negative (-14,279,000,000, -26% margin, 10/10 pts); Cash flow to debt 22% weak (6/15 pts)
2022-12-31          2.00     27.14    -9411.0      26.35     10  Free cash flow negative (-9,411,000,000, -15% margin, 10/10 pts)
2021-12-25          1.13     49.26    11258.0       1.05      0  —
2020-12-26          0.89     54.31    21125.0       2.34      0  —
2019-12-28          1.12     45.47    16932.0       1.14      1  Maturity wall: 36% of debt due within 3 years (1/6 pts)
2018-12-29          0.97     50.25    14251.0       3.97      0  —
2017-12-30          1.29     28.04    10332.0       1.97      0  —
2016-12-31          1.50     17.96    12183.0       1.20      0  —
2015-12-26          0.52     42.34    11691.0       5.88      0  —
2014-12-27          0.47    118.37    10313.0       2.35      0  Maturity wall: 30% of debt due within 3 years (0/6 pts)
2013-12-28          0.39     78.20    10065.0      N/A        0  —
2012-12-29          0.22    233.28     7857.0      27.17      0  —
2011-12-31          0.09    551.66    10199.0      20.51      0  —
2010-12-25         -0.17     N/A      11485.0     144.68      0  —
2009-12-26         -0.19  10455.00     6655.0      25.39      0  —
2008-12-27         -0.16   1664.25     5729.0      32.84      0  —
==========================================================================================

  Leverage audit (2025-12-27):
    total_debt: 46,585,000,000  [us-gaap/LongTermDebt]
    cash: 14,265,000,000  [us-gaap/CashAndCashEquivalentsAtCarryingValue]
    operating_income: -2,214,000,000  [us-gaap/OperatingIncomeLoss]
    depreciation: 10,757,000,000  [us-gaap/Depreciation]
[142/150] INTC     ok   (ok=137 fail=5)
Tracking IBM...
  CIK: 0000051143
  Extracting ratios for 18 periods...

==========================================================================================
  IBM — Credit Ratio Summary
==========================================================================================
Period          Leverage  Coverage   FCF ($M)  Liquidity  Score  Alerts
------------------------------------------------------------------------------------------
2025-12-31          3.27      6.52    12102.0       2.12      8  Leverage 3.3× elevated (2/17 pts); Cash flow to debt 22% weak (6/15 pts); Debt to assets 40% elevated (0/9 pts)
2024-12-31          4.51      4.65    12397.0       2.74     13  Leverage 4.5× elevated (9/17 pts); Cash flow to debt 24% weak (4/15 pts); Maturity wall: 32% of debt due within 3 years (0/6 pts)
2023-12-31          3.43      6.72    12686.0       2.03      7  Leverage 3.4× elevated (2/17 pts); Cash flow to debt 25% weak (4/15 pts); Debt to assets 42% elevated (1/9 pts)
2022-12-31         10.75      2.93     9089.0       1.66     33  EBITDA margin 6% weak (4/14 pts); Leverage 10.8× elevated (17/17 pts); Interest coverage 2.9× thin (5/14 pts); Cash flow to debt 20% weak (7/15 pts); Maturity wall: 31% of debt due within 3 years (0/6 pts)
2021-12-31          4.39      7.55    10734.0       0.98     12  Leverage 4.4× elevated (8/17 pts); Liquidity 0.98× thin (0/9 pts); Cash flow to debt 25% weak (4/15 pts); Maturity wall: 34% of debt due within 3 years (0/6 pts)
2020-12-31          4.64      6.88    15579.0       1.84     10  Leverage 4.6× elevated (9/17 pts); Cash flow to debt 30% weak (0/15 pts); Maturity wall: 33% of debt due within 3 years (0/6 pts)
2019-12-31          3.20     10.70    12484.0       0.93      8  Leverage 3.2× elevated (1/17 pts); Liquidity 0.93× thin (1/9 pts); Cash flow to debt 23% weak (5/15 pts); Debt to assets 41% elevated (0/9 pts); Maturity wall: 39% of debt due within 3 years (1/6 pts)
2018-12-31          2.16     20.01    11852.0       1.11      4  Cash flow to debt 29% weak (1/15 pts); Debt to assets 43% elevated (1/9 pts); Maturity wall: 49% of debt due within 3 years (2/6 pts)
2017-12-31          2.29     23.45    13495.0       2.30      1  Maturity wall: 41% of debt due within 3 years (1/6 pts)
2016-12-31          2.18     24.07    13391.0       1.25      1  Maturity wall: 40% of debt due within 3 years (1/6 pts)
2015-12-31          1.67     39.76    13429.0       1.46      1  Maturity wall: 40% of debt due within 3 years (1/6 pts)
2014-12-31          1.35     47.79    13128.0       1.84      1  Maturity wall: 38% of debt due within 3 years (1/6 pts)
2013-12-31          1.14     56.84    13862.0       2.78      0  Maturity wall: 34% of debt due within 3 years (0/6 pts)
2012-12-31          0.76     55.11    15504.0       1.86      1  Maturity wall: 41% of debt due within 3 years (1/6 pts)
2011-12-31          0.62     59.83    15738.0       2.77      2  Maturity wall: 51% of debt due within 3 years (2/6 pts)
2010-12-31          0.65     63.53    15364.0       2.65      3  Maturity wall: 53% of debt due within 3 years (3/6 pts)
2009-12-31          0.55     54.50    17326.0       5.48      0  —
2008-12-31          0.48     30.99    14641.0       1.13      0  —
==========================================================================================

  Leverage audit (2025-12-31):
    total_debt: 54,836,000,000  [us-gaap/LongTermDebtNoncurrent]
    cash: 13,587,000,000  [us-gaap/CashAndCashEquivalentsAtCarryingValue]
    operating_income: 10,328,000,000  [us-gaap/IncomeLossFromContinuingOperationsBeforeIncomeTaxesExtraordinaryItemsNoncontrollingInterest]
    depreciation: 2,284,000,000  [us-gaap/Depreciation]
[143/150] IBM      ok   (ok=138 fail=5)
Tracking IFF...
  CIK: 0000051253
  Extracting ratios for 17 periods...

==========================================================================================
  IFF — Credit Ratio Summary
==========================================================================================
Period          Leverage  Coverage   FCF ($M)  Liquidity  Score  Alerts
------------------------------------------------------------------------------------------
2025-12-31          8.70      2.53      256.0       0.47     48  EBITDA margin 5% weak (4/14 pts); Leverage 8.7× elevated (17/17 pts); Interest coverage 2.5× thin (7/14 pts); Liquidity 0.47× thin (6/9 pts); Cash flow to debt 12% weak (13/15 pts)
2024-12-31          4.73      5.78      607.0       0.33     32  Leverage 4.7× elevated (10/17 pts); Liquidity 0.33× thin (8/9 pts); Cash flow to debt 10% weak (15/15 pts)
2023-12-31         -9.58     -2.55      936.0       0.79     60  EBITDA margin -8% weak (14/14 pts); Leverage rule maxed: negative EBITDA — debt unservable from earnings (17/17 pts); Coverage rule maxed: negative EBITDA — interest uncovered by earnings (14/14 pts); Liquidity 0.79× thin (2/9 pts); Cash flow to debt 13% weak (13/15 pts); Distress escalation: 4 core signals severe (profitability, leverage>5x, coverage<2x, cash_flow_to_debt<30%) — score floored at 60 *** STRESS ***
2022-12-31        -68.69     -0.44     -107.0       0.81     60  EBITDA margin -1% weak (10/14 pts); Leverage rule maxed: negative EBITDA — debt unservable from earnings (17/17 pts); Coverage rule maxed: negative EBITDA — interest uncovered by earnings (14/14 pts); Free cash flow negative (-107,000,000, -1% margin, 1/10 pts); Liquidity 0.81× thin (2/9 pts); Cash flow to debt 4% weak (15/15 pts) *** STRESS ***
2021-12-31          5.89      6.02     1044.0       1.12     30  Leverage 5.9× elevated (16/17 pts); Cash flow to debt 12% weak (13/15 pts)
2020-12-31          4.25      6.77      522.3       1.02     19  Leverage 4.3× elevated (7/17 pts); Cash flow to debt 14% weak (12/15 pts)
2019-12-31          3.85      7.15      463.0       1.58     16  Leverage 3.9× elevated (5/17 pts); Cash flow to debt 15% weak (12/15 pts)
2018-12-31          5.23      5.72      267.5      13.05     28  Leverage 5.2× elevated (13/17 pts); Cash flow to debt 9% weak (15/15 pts)
2017-12-31          1.82     10.70      261.8      52.83      5  Cash flow to debt 24% weak (5/15 pts)
2016-12-31          1.49     12.64      409.0       1.25      0  —
2015-12-31          1.31     14.72      332.5       1.38      0  —
2014-12-31          0.68     14.80      375.2      59.16      0  —
2013-12-31          0.88     12.82      273.4    2721.51      0  —
2012-12-31          1.25     13.49      197.7       2.16      2  Cash flow to debt 27% weak (2/15 pts)
2011-12-31          1.60     11.27       61.7       0.76     11  Liquidity 0.76× thin (3/9 pts); Cash flow to debt 19% weak (8/15 pts)
2010-12-31          1.59     10.17      208.8       0.98      0  Liquidity 0.98× thin (0/9 pts); Cash flow to debt 30% weak (0/15 pts)
2009-12-31          2.04      6.77      224.8       1.04      1  Cash flow to debt 29% weak (1/15 pts)
==========================================================================================

  Leverage audit (2025-12-31):
    total_debt: 5,637,000,000  [us-gaap/LongTermDebt]
    cash: 590,000,000  [us-gaap/CashAndCashEquivalentsAtCarryingValue]
    operating_income: -382,000,000  [us-gaap/OperatingIncomeLoss]
    depreciation: 962,000,000  [us-gaap/DepreciationDepletionAndAmortization]
[144/150] IFF      ok   (ok=139 fail=5)
Tracking IP...
  CIK: 0000051434
  Extracting ratios for 18 periods...

==========================================================================================
  IP — Credit Ratio Summary
==========================================================================================
Period          Leverage  Coverage   FCF ($M)  Liquidity  Score  Alerts
------------------------------------------------------------------------------------------
2025-12-31        -12.39     -1.13     -159.0       1.15     60  EBITDA margin -3% weak (12/14 pts); Leverage rule maxed: negative EBITDA — debt unservable from earnings (17/17 pts); Coverage rule maxed: negative EBITDA — interest uncovered by earnings (14/14 pts); Free cash flow negative (-159,000,000, -1% margin, 1/10 pts); Cash flow to debt 17% weak (10/15 pts); Maturity wall: 78% of debt due within 3 years (6/6 pts); Distress escalation: 4 core signals severe (profitability, leverage>5x, coverage<2x, maturity_wall) — score floored at 60 *** STRESS ***
2024-12-31          2.89      3.38      757.0       6.06      7  EBITDA margin 8% weak (2/14 pts); Interest coverage 3.4× thin (3/14 pts); Maturity wall: 50% of debt due within 3 years (2/6 pts)
2023-12-31          2.39      4.31      692.0       8.07      1  EBITDA margin 10% weak (0/14 pts); Maturity wall: 32% of debt due within 3 years (0/6 pts)
2022-12-31          1.57      6.33     1243.0       1.05      5  Maturity wall: 75% of debt due within 3 years (5/6 pts)
2021-12-31          1.95      4.87     1550.0       6.61      5  Maturity wall: 72% of debt due within 3 years (5/6 pts)
2020-12-31          3.86      3.23     2312.0      20.52     13  EBITDA margin 9% weak (0/14 pts); Leverage 3.9× elevated (5/17 pts); Interest coverage 3.2× thin (4/14 pts); Maturity wall: 62% of debt due within 3 years (4/6 pts)
2019-12-31          3.12      4.12     3446.0       3.04      2  Leverage 3.1× elevated (1/17 pts); Maturity wall: 39% of debt due within 3 years (1/6 pts)
2018-12-31          3.03      4.24     3091.0       0.92      4  Leverage 3.0× elevated (0/17 pts); Liquidity 0.92× thin (1/9 pts); Maturity wall: 58% of debt due within 3 years (3/6 pts)
2017-12-31          4.49      2.89     1482.0       3.27     24  Leverage 4.5× elevated (8/17 pts); Interest coverage 2.9× thin (5/14 pts); Cash flow to debt 16% weak (11/15 pts)
2016-12-31          4.60      3.14     2306.0       4.32     23  Leverage 4.6× elevated (9/17 pts); Interest coverage 3.1× thin (4/14 pts); Cash flow to debt 22% weak (6/15 pts); Maturity wall: 63% of debt due within 3 years (4/6 pts)
2015-12-31          2.15      5.68     1093.0       2.46      6  Cash flow to debt 28% weak (2/15 pts); Maturity wall: 68% of debt due within 3 years (4/6 pts)
2014-12-31          1.95      5.12     1711.0       2.54      0  —
2013-12-31          2.15      4.88     1830.0       2.73      0  —
2012-12-31          2.50      4.51     1584.0       2.93      1  Cash flow to debt 29% weak (1/15 pts)
2011-12-31          1.49      5.84     1516.0       5.55      2  Cash flow to debt 27% weak (2/15 pts)
2010-12-31          2.14      4.80      856.0       6.62     10  Cash flow to debt 18% weak (9/15 pts); Maturity wall: 36% of debt due within 3 years (1/6 pts)
2009-12-31          1.90      5.36     4121.0       4.20      0  —
2008-12-31         68.72      0.26     1667.0       1.38     48  EBITDA margin 1% weak (9/14 pts); Leverage 68.7× elevated (17/17 pts); Interest coverage 0.3× thin (14/14 pts); Cash flow to debt 22% weak (6/15 pts); Debt to assets 45% elevated (2/9 pts)
==========================================================================================

  Leverage audit (2025-12-31):
    total_debt: 8,839,000,000  [us-gaap/LongTermDebtNoncurrent]
    cash: 1,145,000,000  [us-gaap/CashAndCashEquivalentsAtCarryingValue]
    operating_income: -3,368,000,000  [us-gaap/IncomeLossFromContinuingOperationsBeforeIncomeTaxesMinorityInterestAndIncomeLossFromEquityMethodInvestments]
    depreciation: 2,747,000,000  [us-gaap/DepreciationDepletionAndAmortization]
[145/150] IP       ok   (ok=140 fail=5)
Tracking NAN...
  CIK: 0001074769
[146/150] nan      FAIL   (ok=140 fail=6)
Tracking RYN...
  CIK: 0000052827
  Extracting ratios for 17 periods...

==========================================================================================
  RYN — Credit Ratio Summary
==========================================================================================
Period          Leverage  Coverage   FCF ($M)  Liquidity  Score  Alerts
------------------------------------------------------------------------------------------
2025-12-31         N/A       N/A        251.2       4.22      5  Cash flow to debt 25% weak (4/15 pts); Maturity wall: 38% of debt due within 3 years (1/6 pts)
2024-12-31          1.48     13.37      253.9      16.62      5  Cash flow to debt 24% weak (5/15 pts)
2023-12-31          2.51      9.53      290.9      N/A        6  Cash flow to debt 22% weak (6/15 pts)
2022-12-31          4.36      8.88      194.4      N/A       17  Leverage 4.4× elevated (8/17 pts); Cash flow to debt 18% weak (9/15 pts)
2021-12-31          1.70     11.54      249.1       2.90      5  Cash flow to debt 24% weak (5/15 pts)
2020-12-31          4.64      7.09      137.7      N/A       20  Leverage 4.6× elevated (9/17 pts); Cash flow to debt 15% weak (11/15 pts)
2019-12-31          3.84      7.42      150.3       0.84     15  Leverage 3.8× elevated (5/17 pts); Liquidity 0.84× thin (2/9 pts); Cash flow to debt 20% weak (7/15 pts); Maturity wall: 39% of debt due within 3 years (1/6 pts)
2018-12-31          2.62      9.80      247.8      N/A        0  —
2017-12-31          2.52     10.61      190.9      33.38      4  Cash flow to debt 25% weak (4/15 pts)
2016-12-31          2.41     12.62      145.1       2.71      9  Cash flow to debt 19% weak (9/15 pts); Debt to assets 41% elevated (0/9 pts)
2015-12-31          4.08      6.04      119.9      N/A       13  Leverage 4.1× elevated (6/17 pts); Cash flow to debt 21% weak (7/15 pts)
2014-12-31          2.70      4.93      192.9       1.25      2  Maturity wall: 51% of debt due within 3 years (2/6 pts)
2013-12-31          2.24     14.03      386.3       1.77      3  Debt to assets 46% elevated (2/9 pts); Maturity wall: 41% of debt due within 3 years (1/6 pts)
2012-12-31          1.77     12.45      288.4       1.87      2  Debt to assets 45% elevated (2/9 pts); Maturity wall: 34% of debt due within 3 years (0/6 pts)
2011-12-31          1.56      9.69      287.7       2.80      2  Maturity wall: 51% of debt due within 3 years (2/6 pts)
2010-12-31          0.98      8.43      356.9       3.76      0  —
2009-12-31          1.09     10.83      215.6      16.12      0  —
==========================================================================================
[147/150] RYN      ok   (ok=141 fail=6)
Tracking J...
  CIK: 0000052988
  Extracting ratios for 18 periods...

==========================================================================================
  J — Credit Ratio Summary
==========================================================================================
Period          Leverage  Coverage   FCF ($M)  Liquidity  Score  Alerts
------------------------------------------------------------------------------------------
2025-09-26          1.06     N/A        607.5      N/A        2  EBITDA margin 8% weak (2/14 pts)
2024-09-27          0.26     N/A        933.6       1.32      3  EBITDA margin 7% weak (3/14 pts)
2023-09-29          1.60      7.01      837.3      17.90      3  EBITDA margin 7% weak (3/14 pts)
2022-09-30          2.17     10.18      347.1      22.62     15  EBITDA margin 7% weak (3/14 pts); Cash flow to debt 14% weak (12/15 pts)
2021-10-01          2.31     10.85      633.5      18.97      8  EBITDA margin 6% weak (4/14 pts); Cash flow to debt 25% weak (4/15 pts)
2020-10-02          1.30     10.08      688.6      N/A        5  EBITDA margin 5% weak (5/14 pts)
2019-09-27          1.15      5.90     -502.4       3.16     25  EBITDA margin 4% weak (6/14 pts); Free cash flow negative (-502,413,000, -4% margin, 4/10 pts); Cash flow to debt -26% weak (15/15 pts)
2018-09-28          1.77      9.98      386.3     160.14     10  EBITDA margin 5% weak (5/14 pts); Cash flow to debt 22% weak (6/15 pts)
2017-09-29         -1.15     38.94      456.8     252.08      5  EBITDA margin 5% weak (5/14 pts)
2016-09-30         -0.64     27.59      612.5     270.85      6  EBITDA margin 4% weak (6/14 pts)
2015-10-02          0.23     27.97      396.2      34.49      5  EBITDA margin 5% weak (5/14 pts)
2014-09-26          0.05     54.79      589.6      19.95      5  EBITDA margin 5% weak (5/14 pts)
2013-09-27         -1.14     57.25        N/A      55.15      4  EBITDA margin 6% weak (4/14 pts)
2012-09-28         -0.77     56.05        N/A      N/A        4  EBITDA margin 6% weak (4/14 pts)
2011-09-30         -1.57     65.52        N/A       1.60      4  EBITDA margin 6% weak (4/14 pts)
2010-10-01         -2.02     47.05      147.9      11.82      5  EBITDA margin 5% weak (5/14 pts)
2009-10-02         -1.50    236.37      477.9      59.08      4  EBITDA margin 6% weak (4/14 pts)
2008-09-26         -0.78    160.12      198.6     625.69      4  EBITDA margin 6% weak (4/14 pts)
==========================================================================================

  Leverage audit (2025-09-26):
    total_debt: 2,236,456,000  [us-gaap/LongTermDebtNoncurrent]
    cash: 1,235,448,000  [us-gaap/CashAndCashEquivalentsAtCarryingValue]
    operating_income: 863,634,000  [us-gaap/OperatingIncomeLoss]
    depreciation: 82,059,000  [us-gaap/DepreciationAndAmortization]
[148/150] J        ok   (ok=142 fail=6)
Tracking K...
  CIK: 0000055067
  Extracting ratios for 17 periods...

==========================================================================================
  K — Credit Ratio Summary
==========================================================================================
Period          Leverage  Coverage   FCF ($M)  Liquidity  Score  Alerts
------------------------------------------------------------------------------------------
2024-12-28          2.20      7.20     1132.0       1.10      2  Cash flow to debt 28% weak (1/15 pts); Maturity wall: 35% of debt due within 3 years (1/6 pts)
2023-12-30          2.85      6.35      968.0       0.41     11  Liquidity 0.41× thin (7/9 pts); Cash flow to debt 26% weak (3/15 pts); Debt to assets 41% elevated (0/9 pts); Maturity wall: 36% of debt due within 3 years (1/6 pts)
2022-12-31          2.74      9.69     1163.0       0.38     12  Liquidity 0.38× thin (7/9 pts); Cash flow to debt 24% weak (4/15 pts); Maturity wall: 34% of debt due within 3 years (0/6 pts)
2022-01-01          3.01      9.95     1148.0       0.40     14  Leverage 3.0× elevated (0/17 pts); Liquidity 0.40× thin (7/9 pts); Cash flow to debt 22% weak (6/15 pts); Debt to assets 42% elevated (1/9 pts); Maturity wall: 32% of debt due within 3 years (0/6 pts)
2021-01-02          3.10      7.97     1481.0       0.69     10  Leverage 3.1× elevated (1/17 pts); Liquidity 0.69× thin (4/9 pts); Cash flow to debt 25% weak (4/15 pts); Debt to assets 44% elevated (2/9 pts)
2019-12-28          3.94      6.64      590.0       3.71     19  Leverage 3.9× elevated (5/17 pts); Cash flow to debt 15% weak (11/15 pts); Debt to assets 45% elevated (2/9 pts); Maturity wall: 32% of debt due within 3 years (0/6 pts)
2018-12-29          3.78      7.74      958.0       1.82     18  Leverage 3.8× elevated (4/17 pts); Cash flow to debt 17% weak (10/15 pts); Debt to assets 50% elevated (4/9 pts)
2017-12-30          3.28      9.48     1145.0       0.76     17  Leverage 3.3× elevated (2/17 pts); Liquidity 0.76× thin (3/9 pts); Cash flow to debt 19% weak (8/15 pts); Debt to assets 53% elevated (5/9 pts)
2016-12-31          3.69      4.71     1121.0       0.64     19  Leverage 3.7× elevated (4/17 pts); Liquidity 0.64× thin (4/9 pts); Cash flow to debt 21% weak (7/15 pts); Debt to assets 51% elevated (4/9 pts)
2016-01-02          3.88      7.16     1138.0       0.21     25  Leverage 3.9× elevated (5/17 pts); Liquidity 0.21× thin (9/9 pts); Cash flow to debt 22% weak (6/15 pts); Debt to assets 51% elevated (4/9 pts); Maturity wall: 35% of debt due within 3 years (1/6 pts)
2015-01-03          3.99      7.31     1211.0       0.54     20  Leverage 4.0× elevated (6/17 pts); Liquidity 0.54× thin (6/9 pts); Cash flow to debt 24% weak (4/15 pts); Debt to assets 49% elevated (3/9 pts); Maturity wall: 39% of debt due within 3 years (1/6 pts)
2013-12-28          1.88     14.34     1170.0       0.37     15  Liquidity 0.37× thin (8/9 pts); Cash flow to debt 25% weak (4/15 pts); Debt to assets 48% elevated (3/9 pts); Maturity wall: 32% of debt due within 3 years (0/6 pts)
2012-12-29          3.26      7.70     1225.0       0.26     20  Leverage 3.3× elevated (2/17 pts); Liquidity 0.26× thin (9/9 pts); Cash flow to debt 22% weak (6/15 pts); Debt to assets 52% elevated (4/9 pts)
2011-12-31          2.28     10.06     1001.0       1.97      6  Cash flow to debt 26% weak (3/15 pts); Debt to assets 51% elevated (4/9 pts)
2011-01-01          2.27      9.60      534.0      N/A       14  Cash flow to debt 17% weak (10/15 pts); Debt to assets 49% elevated (3/9 pts); Maturity wall: 42% of debt due within 3 years (2/6 pts)
2010-01-02          1.89      8.08     1266.0      N/A        1  Debt to assets 43% elevated (1/9 pts)
2009-01-03          1.64      7.56      806.0       0.18     18  Liquidity 0.18× thin (9/9 pts); Cash flow to debt 23% weak (5/15 pts); Debt to assets 50% elevated (4/9 pts)
==========================================================================================

  Leverage audit (2024-12-28):
    total_debt: 5,630,000,000  [us-gaap/LongTermDebt]
    cash: 694,000,000  [us-gaap/CashAndCashEquivalentsAtCarryingValue]
    operating_income: 1,873,000,000  [us-gaap/OperatingIncomeLoss]
    depreciation: 367,000,000  [us-gaap/DepreciationDepletionAndAmortization]
[149/150] K        ok   (ok=143 fail=6)
Tracking KMT...
  CIK: 0000055242
  Extracting ratios for 17 periods...

==========================================================================================
  KMT — Credit Ratio Summary
==========================================================================================
Period          Leverage  Coverage   FCF ($M)  Liquidity  Score  Alerts
------------------------------------------------------------------------------------------
2025-06-30          1.63     11.29      119.4     143.85      0  —
2024-06-30          1.53     11.56      169.5      92.93      0  —
2023-06-30          1.50     11.46      163.6     153.88      0  —
2022-06-30          1.45     13.50       84.5       4.04      0  Cash flow to debt 29% weak (0/15 pts)
2021-06-30          1.92      4.93      108.4      18.42      0  —
2020-06-30         -0.09      4.04      -20.4    1516.71      3  EBITDA margin 8% weak (2/14 pts); Free cash flow negative (-20,413,000, -1% margin, 1/10 pts)
2019-06-30          0.93     13.36       88.2      N/A        0  —
2018-06-30          0.08     13.84      106.3       1.39      2  Cash flow to debt 28% weak (2/15 pts)
2017-06-30          2.29      7.65       74.2      N/A        2  Cash flow to debt 28% weak (2/15 pts)
2016-06-30         -9.36     -2.07      108.6      N/A       43  EBITDA margin -3% weak (12/14 pts); Leverage rule maxed: negative EBITDA — debt unservable from earnings (17/17 pts); Coverage rule maxed: negative EBITDA — interest uncovered by earnings (14/14 pts)
2015-06-30         -2.79     -7.19      250.5      13.11     45  EBITDA margin -9% weak (14/14 pts); Leverage rule maxed: negative EBITDA — debt unservable from earnings (17/17 pts); Coverage rule maxed: negative EBITDA — interest uncovered by earnings (14/14 pts)
2014-06-30          2.04     12.13      154.5      23.69      2  Cash flow to debt 27% weak (2/15 pts)
2013-06-30          0.80     14.91      201.3     104.81      0  —
2012-06-30          0.72     19.12      186.5       4.28      0  —
2011-06-30         -0.49     18.24      147.4       0.67     10  Liquidity 0.67× thin (4/9 pts); Maturity wall: 100% of debt due within 3 years (6/6 pts)
2010-06-30          1.04      7.53      108.1     888.19      0  —
2009-06-30         N/A       -0.61       87.4      N/A       41  EBITDA margin -1% weak (10/14 pts); Leverage rule maxed: negative EBITDA — debt unservable from earnings (17/17 pts); Coverage rule maxed: negative EBITDA — interest uncovered by earnings (14/14 pts)
==========================================================================================

  Leverage audit (2025-06-30):
    total_debt: 596,788,000  [us-gaap/LongTermDebtAndCapitalLeaseObligations]
    cash: 140,540,000  [us-gaap/CashAndCashEquivalentsAtCarryingValue]
    operating_income: 143,123,000  [us-gaap/OperatingIncomeLoss]
    depreciation: 136,497,000  [us-gaap/DepreciationDepletionAndAmortization]
[150/150] KMT      ok   (ok=144 fail=6)

Done this pass: 144 tracked, 6 failed/skipped.
Failures (companies with no usable US filings, expected for foreign/delisted):
  - AILLP (0000018654): HTTPError: 404 Client Error: Not Found for url: https://data.sec.gov/api/xbrl/companyfacts/CIK0000018654.json
  - CRD.B (0000025475): ValueError: Ticker 'CRD.B' not found in SEC company tickers list or EDGAR browse fallback. If the company is delisted, look up its C
  - CLGX (0000036047): ValueError: Ticker 'CLGX' not found in SEC company tickers list or EDGAR browse fallback. If the company is delisted, look up its CI
  - nan (0000039899): HTTPError: 404 Client Error: Not Found for url: https://data.sec.gov/api/xbrl/companyfacts/CIK0001074769.json
  - GAM (0000040417): HTTPError: 404 Client Error: Not Found for url: https://data.sec.gov/api/xbrl/companyfacts/CIK0000040417.json
  - nan (0000051644): HTTPError: 404 Client Error: Not Found for url: https://data.sec.gov/api/xbrl/companyfacts/CIK0001074769.json

Trainable so far (CIKs with ratios): 222. Re-run to continue; build_labels + train next.
